{"type":"FeatureCollection","features":[{"type":"Feature","properties":{"shape_id":"GO:438086","route_id":"GO-BUS","route_short_name":"GO BUS","route_long_name":"Barrie / Newmarket","route_color":"#003767","route_text_color":"#FFFFFF","route_mode":"bus","agency_id":"go-transit","agency_name":"GO Transit","source_route_id":"06260926-68"},"geometry":{"type":"LineString","coordinates":[[-79.68281848222048,44.3217277408934],[-79.682785,44.322361],[-79.682716,44.323325],[-79.682688,44.323986],[-79.682629,44.325068],[-79.68261,44.325578],[-79.682618,44.326046],[-79.682651,44.326722],[-79.682679,44.326993],[-79.68281,44.327844],[-79.682887,44.328227],[-79.682958,44.328526],[-79.68312,44.329172],[-79.683185,44.329404],[-79.683356,44.330119],[-79.683364,44.330408],[-79.683444,44.330789],[-79.68351,44.331076],[-79.683631,44.331811],[-79.68369,44.33219],[-79.683754,44.33254],[-79.683774,44.3329],[-79.683761,44.333424],[-79.683762,44.333737],[-79.683754,44.333832],[-79.683694,44.334654],[-79.683661,44.335188],[-79.683659,44.335357],[-79.683659,44.335474],[-79.68368,44.33557],[-79.683244,44.335677],[-79.682911,44.335759],[-79.682607,44.335834],[-79.682205,44.33593],[-79.682111,44.335952],[-79.681707,44.33605],[-79.681378,44.336129],[-79.680829,44.336253],[-79.680599,44.336304],[-79.680224,44.336386],[-79.679974,44.336438],[-79.679835,44.336469],[-79.679547,44.336533],[-79.678791,44.336706],[-79.678223,44.336815],[-79.678182,44.33683],[-79.678031,44.336938],[-79.677723,44.337006],[-79.677457,44.337065],[-79.676983,44.337179],[-79.676724,44.33724],[-79.676496,44.337294],[-79.675501,44.337523],[-79.67533,44.337562],[-79.674911,44.337643],[-79.674618,44.3377],[-79.67211,44.338306],[-79.671557,44.338439],[-79.670512,44.33868],[-79.669814,44.33884],[-79.669488,44.338921],[-79.669336,44.338956],[-79.667538,44.339371],[-79.666667,44.339575],[-79.664445,44.340099],[-79.664266,44.340141],[-79.663098,44.340417],[-79.662836,44.340475],[-79.662287,44.340598],[-79.66194,44.340671],[-79.661006,44.340881],[-79.660798,44.34093],[-79.660499,44.340999],[-79.659982,44.341117],[-79.658771,44.341392],[-79.657999,44.341563],[-79.657347,44.3417],[-79.656573,44.341879],[-79.656158,44.341973],[-79.655631,44.34209],[-79.654946,44.342247],[-79.654529,44.342338],[-79.653455,44.342561],[-79.653037,44.342662],[-79.651519,44.342995],[-79.651103,44.343102],[-79.650392,44.343263],[-79.648196,44.343771],[-79.647577,44.343909],[-79.646627,44.344124],[-79.644814,44.344529],[-79.643537,44.344816],[-79.642903,44.344962],[-79.642534,44.345041],[-79.640653,44.345453],[-79.637054,44.346283],[-79.636833,44.346327],[-79.636537,44.346396],[-79.635476,44.346632],[-79.633986,44.346956],[-79.632811,44.347227],[-79.632375,44.347326],[-79.631706,44.347483],[-79.630224,44.34781],[-79.629631,44.347937],[-79.628568,44.34818],[-79.62822,44.348268],[-79.62798,44.348328],[-79.627381,44.348472],[-79.627703,44.3488],[-79.627867,44.348951],[-79.627982,44.349055],[-79.628092,44.34915],[-79.628234,44.349269],[-79.628374,44.34938],[-79.628518,44.349496],[-79.628782,44.349696],[-79.629017,44.349861],[-79.629307,44.350043],[-79.629506,44.350169],[-79.629758,44.350309],[-79.629954,44.350415],[-79.630077,44.350477],[-79.629942,44.350653],[-79.629529,44.351229],[-79.629496,44.351278],[-79.629464,44.351292],[-79.629427,44.351286],[-79.629118,44.351196],[-79.628901,44.351119],[-79.628706,44.351049],[-79.628651,44.35103],[-79.628509,44.350979],[-79.628452,44.350959],[-79.628314,44.350909],[-79.628029,44.3513],[-79.628026,44.351334],[-79.628044,44.351365],[-79.62806,44.351382],[-79.627851,44.351489],[-79.627851,44.351489],[-79.627851,44.351489],[-79.627851,44.351489],[-79.62806,44.351382],[-79.628077,44.351398],[-79.628179,44.351467],[-79.628342,44.351577],[-79.628515,44.351694],[-79.628678,44.351805],[-79.628764,44.35186],[-79.628795,44.351868],[-79.628847,44.351872],[-79.62888,44.351861],[-79.628915,44.351823],[-79.629137,44.351526],[-79.62921,44.35141],[-79.629205,44.351377],[-79.629184,44.351355],[-79.629044,44.351296],[-79.629118,44.351196],[-79.629427,44.351286],[-79.629464,44.351292],[-79.629496,44.351278],[-79.629529,44.351229],[-79.629942,44.350653],[-79.630077,44.350477],[-79.630297,44.350578],[-79.630559,44.350702],[-79.630617,44.35073],[-79.630835,44.350827],[-79.631043,44.350914],[-79.631072,44.350925],[-79.631385,44.351046],[-79.632153,44.351323],[-79.632294,44.351374],[-79.632443,44.351427],[-79.632729,44.35153],[-79.632903,44.351593],[-79.632838,44.351687],[-79.632838,44.351687],[-79.632838,44.351687],[-79.632838,44.351687],[-79.632903,44.351593],[-79.6331,44.351663],[-79.633735,44.351891],[-79.635062,44.352372],[-79.635265,44.352445],[-79.635416,44.3525],[-79.635561,44.352552],[-79.635826,44.352648],[-79.635892,44.352672],[-79.635837,44.352749],[-79.635837,44.352749],[-79.635837,44.352749],[-79.635837,44.352749],[-79.635892,44.352672],[-79.635986,44.352706],[-79.636211,44.352788],[-79.637298,44.353175],[-79.637935,44.353401],[-79.638246,44.353511],[-79.638601,44.353638],[-79.639401,44.353922],[-79.640303,44.354242],[-79.64101,44.354493],[-79.641124,44.354533],[-79.641064,44.354621],[-79.641064,44.354621],[-79.641064,44.354621],[-79.641064,44.354621],[-79.641124,44.354533],[-79.641488,44.354663],[-79.64178,44.354763],[-79.641979,44.354832],[-79.642148,44.35489],[-79.64289,44.355141],[-79.643037,44.355194],[-79.643801,44.355467],[-79.644856,44.35585],[-79.646495,44.356443],[-79.646826,44.356562],[-79.646738,44.356687],[-79.646738,44.356687],[-79.646738,44.356687],[-79.646738,44.356687],[-79.646826,44.356562],[-79.646877,44.35658],[-79.647033,44.356636],[-79.64717,44.356686],[-79.647278,44.356723],[-79.647509,44.356811],[-79.648153,44.357053],[-79.64857,44.357223],[-79.648793,44.35732],[-79.64909,44.357439],[-79.649383,44.357572],[-79.649763,44.357745],[-79.6503,44.358003],[-79.650366,44.358034],[-79.650554,44.358126],[-79.65069,44.35819],[-79.651034,44.35836],[-79.651508,44.358591],[-79.651695,44.358686],[-79.652391,44.359029],[-79.65326,44.359458],[-79.653447,44.359555],[-79.653653,44.359662],[-79.653771,44.359719],[-79.65426,44.359997],[-79.654658,44.360227],[-79.654856,44.36035],[-79.654955,44.360409],[-79.655199,44.360562],[-79.65532,44.360643],[-79.655448,44.360734],[-79.655554,44.360812],[-79.655677,44.36091],[-79.656863,44.361852],[-79.657454,44.36234],[-79.65821,44.362932],[-79.659059,44.363625],[-79.660256,44.364576],[-79.661237,44.365376],[-79.66137,44.365487],[-79.661944,44.365944],[-79.662224,44.366168],[-79.662496,44.366378],[-79.662546,44.366417],[-79.662464,44.366469],[-79.662464,44.366469],[-79.662464,44.366469],[-79.662464,44.366469],[-79.662546,44.366417],[-79.66283,44.366646],[-79.662941,44.366711],[-79.663247,44.366922],[-79.66336,44.36699],[-79.663451,44.367045],[-79.66358,44.36713],[-79.663988,44.367383],[-79.665483,44.36831],[-79.666477,44.368924],[-79.666611,44.369007],[-79.667556,44.369602],[-79.667629,44.369644],[-79.667751,44.36971],[-79.667881,44.36977],[-79.667945,44.369794],[-79.667995,44.369811],[-79.66802,44.369817],[-79.668102,44.369837],[-79.668183,44.369859],[-79.668389,44.369921],[-79.668757,44.370017],[-79.669248,44.370119],[-79.6695,44.37017],[-79.669655,44.370203],[-79.669718,44.370216],[-79.669986,44.370287],[-79.670442,44.370388],[-79.670677,44.370433],[-79.67115,44.370517],[-79.671483,44.370564],[-79.671858,44.370599],[-79.672358,44.370633],[-79.672773,44.370653],[-79.672991,44.370661],[-79.673159,44.370668],[-79.673473,44.370705],[-79.673657,44.370735],[-79.673901,44.370786],[-79.674204,44.370856],[-79.674926,44.371055],[-79.675226,44.371134],[-79.675434,44.371188],[-79.676159,44.371378],[-79.676258,44.371401],[-79.676452,44.371445],[-79.676771,44.371508],[-79.677092,44.37156],[-79.677419,44.371601],[-79.677622,44.371617],[-79.677887,44.371635],[-79.67822,44.371651],[-79.67843,44.371651],[-79.6788,44.371643],[-79.6792,44.371618],[-79.679536,44.371585],[-79.680212,44.371531],[-79.680897,44.371475],[-79.682009,44.371372],[-79.682378,44.371345],[-79.683034,44.371288],[-79.683721,44.371231],[-79.684387,44.371175],[-79.684737,44.371146],[-79.685057,44.371116],[-79.68534,44.371091],[-79.685706,44.371063],[-79.685822,44.371059],[-79.685943,44.371067],[-79.686004,44.371072],[-79.686495,44.371131],[-79.686925,44.371178],[-79.687939,44.371297],[-79.688029,44.371305],[-79.689254,44.371444],[-79.690526,44.371588],[-79.690509,44.371667],[-79.690509,44.371667],[-79.690509,44.371667],[-79.690509,44.371667],[-79.690526,44.371588],[-79.690571,44.371593],[-79.69069,44.371605],[-79.69074,44.371617],[-79.690898,44.37166],[-79.690944,44.371676],[-79.691123,44.37174],[-79.691378,44.371842],[-79.691494,44.371888],[-79.691743,44.371983],[-79.692066,44.37212],[-79.69189,44.372362],[-79.691529,44.372873],[-79.69089,44.373693],[-79.690787,44.373837],[-79.690699,44.373964],[-79.690628,44.374075],[-79.69059,44.374123],[-79.690437,44.374363],[-79.690378,44.374471],[-79.690309,44.374663],[-79.690054,44.374719],[-79.689807,44.374787],[-79.689568,44.374852],[-79.689493,44.374868],[-79.689372,44.37484],[-79.689282,44.374845],[-79.68919,44.374863],[-79.68908,44.374877],[-79.688986,44.37488],[-79.688761,44.37489],[-79.688766,44.374782],[-79.688829,44.374558],[-79.688847,44.374441],[-79.688868,44.374306],[-79.689273,44.374353],[-79.68926,44.374408],[-79.68926,44.374408]]}},{"type":"Feature","properties":{"shape_id":"GO:438087","route_id":"GO-BUS","route_short_name":"GO BUS","route_long_name":"Barrie / Newmarket","route_color":"#003767","route_text_color":"#FFFFFF","route_mode":"bus","agency_id":"go-transit","agency_name":"GO Transit","source_route_id":"06260926-68"},"geometry":{"type":"LineString","coordinates":[[-79.68926,44.374408],[-79.68926,44.374408],[-79.689273,44.374353],[-79.689707,44.374403],[-79.689787,44.374372],[-79.68985,44.374176],[-79.68979,44.37411],[-79.688914,44.374017],[-79.688871,44.374283],[-79.688868,44.374306],[-79.688847,44.374441],[-79.688829,44.374558],[-79.688766,44.374782],[-79.688761,44.37489],[-79.688657,44.374888],[-79.688708,44.374989],[-79.688812,44.374995],[-79.688971,44.374999],[-79.689225,44.374973],[-79.689317,44.374961],[-79.68936,44.374953],[-79.689381,44.374943],[-79.689397,44.374932],[-79.689493,44.374868],[-79.689568,44.374852],[-79.689807,44.374787],[-79.690054,44.374719],[-79.690309,44.374663],[-79.690378,44.374471],[-79.690437,44.374363],[-79.69059,44.374123],[-79.690628,44.374075],[-79.690699,44.373964],[-79.690787,44.373837],[-79.69089,44.373693],[-79.691529,44.372873],[-79.69189,44.372362],[-79.692066,44.37212],[-79.691743,44.371983],[-79.691494,44.371888],[-79.691378,44.371842],[-79.691123,44.37174],[-79.690944,44.371676],[-79.690898,44.37166],[-79.69074,44.371617],[-79.69069,44.371605],[-79.690571,44.371593],[-79.690526,44.371588],[-79.690534,44.371548],[-79.690534,44.371548],[-79.690534,44.371548],[-79.690534,44.371548],[-79.690526,44.371588],[-79.689254,44.371444],[-79.688029,44.371305],[-79.687939,44.371297],[-79.686925,44.371178],[-79.686495,44.371131],[-79.686004,44.371072],[-79.685943,44.371067],[-79.685822,44.371059],[-79.685706,44.371063],[-79.68534,44.371091],[-79.685057,44.371116],[-79.684737,44.371146],[-79.684387,44.371175],[-79.684376,44.371175],[-79.684373,44.371153],[-79.684373,44.371153],[-79.684373,44.371153],[-79.684373,44.371153],[-79.684376,44.371175],[-79.683721,44.371231],[-79.683034,44.371288],[-79.682378,44.371345],[-79.682009,44.371372],[-79.680897,44.371475],[-79.680212,44.371531],[-79.679536,44.371585],[-79.6792,44.371618],[-79.6788,44.371643],[-79.67843,44.371651],[-79.67822,44.371651],[-79.677887,44.371635],[-79.677622,44.371617],[-79.677419,44.371601],[-79.677092,44.37156],[-79.676771,44.371508],[-79.676452,44.371445],[-79.676258,44.371401],[-79.676159,44.371378],[-79.675434,44.371188],[-79.675226,44.371134],[-79.674926,44.371055],[-79.674204,44.370856],[-79.673901,44.370786],[-79.673657,44.370735],[-79.673473,44.370705],[-79.673159,44.370668],[-79.672991,44.370661],[-79.672773,44.370653],[-79.672358,44.370633],[-79.671858,44.370599],[-79.671483,44.370564],[-79.67115,44.370517],[-79.670677,44.370433],[-79.670442,44.370388],[-79.669986,44.370287],[-79.669718,44.370216],[-79.669655,44.370203],[-79.6695,44.37017],[-79.669248,44.370119],[-79.668757,44.370017],[-79.668389,44.369921],[-79.668183,44.369859],[-79.668102,44.369837],[-79.66802,44.369817],[-79.667995,44.369811],[-79.667945,44.369794],[-79.667881,44.36977],[-79.667751,44.36971],[-79.667629,44.369644],[-79.667556,44.369602],[-79.666611,44.369007],[-79.666477,44.368924],[-79.665483,44.36831],[-79.663988,44.367383],[-79.66358,44.36713],[-79.663451,44.367045],[-79.66336,44.36699],[-79.663247,44.366922],[-79.662941,44.366711],[-79.66283,44.366646],[-79.662508,44.366386],[-79.662611,44.36632],[-79.662611,44.36632],[-79.662611,44.36632],[-79.662611,44.36632],[-79.662508,44.366386],[-79.662496,44.366378],[-79.662224,44.366168],[-79.661944,44.365944],[-79.66137,44.365487],[-79.661237,44.365376],[-79.660256,44.364576],[-79.659059,44.363625],[-79.65821,44.362932],[-79.657454,44.36234],[-79.656863,44.361852],[-79.655677,44.36091],[-79.655554,44.360812],[-79.655448,44.360734],[-79.65532,44.360643],[-79.655199,44.360562],[-79.654955,44.360409],[-79.654856,44.36035],[-79.654658,44.360227],[-79.65426,44.359997],[-79.653771,44.359719],[-79.653653,44.359662],[-79.653447,44.359555],[-79.65326,44.359458],[-79.652391,44.359029],[-79.651695,44.358686],[-79.651508,44.358591],[-79.651034,44.35836],[-79.65069,44.35819],[-79.650554,44.358126],[-79.650366,44.358034],[-79.6503,44.358003],[-79.649763,44.357745],[-79.649383,44.357572],[-79.64909,44.357439],[-79.648793,44.35732],[-79.64857,44.357223],[-79.648153,44.357053],[-79.647509,44.356811],[-79.647278,44.356723],[-79.64717,44.356686],[-79.647033,44.356636],[-79.646963,44.356611],[-79.64702,44.356528],[-79.64702,44.356528],[-79.64702,44.356528],[-79.64702,44.356528],[-79.646963,44.356611],[-79.646877,44.35658],[-79.646495,44.356443],[-79.644856,44.35585],[-79.643801,44.355467],[-79.643037,44.355194],[-79.64289,44.355141],[-79.642148,44.35489],[-79.641979,44.354832],[-79.641816,44.354775],[-79.641865,44.354702],[-79.641865,44.354702],[-79.641865,44.354702],[-79.641865,44.354702],[-79.641816,44.354775],[-79.64178,44.354763],[-79.641488,44.354663],[-79.64101,44.354493],[-79.640303,44.354242],[-79.639401,44.353922],[-79.638601,44.353638],[-79.638246,44.353511],[-79.637935,44.353401],[-79.637298,44.353175],[-79.636521,44.352898],[-79.636576,44.352821],[-79.636576,44.352821],[-79.636576,44.352821],[-79.636576,44.352821],[-79.636521,44.352898],[-79.636211,44.352788],[-79.635986,44.352706],[-79.635826,44.352648],[-79.635561,44.352552],[-79.635416,44.3525],[-79.635265,44.352445],[-79.635062,44.352372],[-79.633735,44.351891],[-79.633464,44.351794],[-79.633515,44.351722],[-79.633515,44.351722],[-79.633515,44.351722],[-79.633515,44.351722],[-79.633464,44.351794],[-79.6331,44.351663],[-79.632729,44.35153],[-79.632443,44.351427],[-79.632294,44.351374],[-79.632153,44.351323],[-79.631385,44.351046],[-79.631072,44.350925],[-79.631043,44.350914],[-79.630835,44.350827],[-79.630617,44.35073],[-79.630559,44.350702],[-79.630297,44.350578],[-79.630077,44.350477],[-79.629942,44.350653],[-79.629529,44.351229],[-79.629496,44.351278],[-79.629464,44.351292],[-79.629427,44.351286],[-79.629118,44.351196],[-79.628901,44.351119],[-79.628706,44.351049],[-79.628651,44.35103],[-79.628509,44.350979],[-79.628452,44.350959],[-79.628314,44.350909],[-79.628029,44.3513],[-79.628026,44.351334],[-79.628044,44.351365],[-79.62806,44.351382],[-79.627851,44.351489],[-79.627851,44.351489],[-79.627851,44.351489],[-79.627851,44.351489],[-79.62806,44.351382],[-79.628077,44.351398],[-79.628179,44.351467],[-79.628342,44.351577],[-79.628515,44.351694],[-79.628678,44.351805],[-79.628764,44.35186],[-79.628795,44.351868],[-79.628847,44.351872],[-79.62888,44.351861],[-79.628915,44.351823],[-79.629137,44.351526],[-79.62921,44.35141],[-79.629205,44.351377],[-79.629184,44.351355],[-79.629044,44.351296],[-79.629118,44.351196],[-79.629427,44.351286],[-79.629464,44.351292],[-79.629496,44.351278],[-79.629529,44.351229],[-79.629942,44.350653],[-79.630077,44.350477],[-79.629954,44.350415],[-79.629758,44.350309],[-79.629506,44.350169],[-79.629307,44.350043],[-79.629017,44.349861],[-79.628782,44.349696],[-79.628518,44.349496],[-79.628374,44.34938],[-79.628234,44.349269],[-79.628092,44.34915],[-79.627982,44.349055],[-79.627867,44.348951],[-79.627703,44.3488],[-79.627588,44.348682],[-79.627715,44.348618],[-79.627715,44.348618],[-79.627715,44.348618],[-79.627715,44.348618],[-79.627588,44.348682],[-79.627381,44.348472],[-79.62798,44.348328],[-79.62822,44.348268],[-79.628568,44.34818],[-79.629631,44.347937],[-79.630224,44.34781],[-79.631706,44.347483],[-79.632375,44.347326],[-79.632811,44.347227],[-79.633986,44.346956],[-79.635476,44.346632],[-79.636537,44.346396],[-79.636833,44.346327],[-79.637054,44.346283],[-79.640653,44.345453],[-79.642534,44.345041],[-79.642903,44.344962],[-79.643537,44.344816],[-79.644814,44.344529],[-79.646627,44.344124],[-79.647577,44.343909],[-79.648196,44.343771],[-79.650392,44.343263],[-79.651103,44.343102],[-79.651519,44.342995],[-79.653037,44.342662],[-79.653455,44.342561],[-79.654529,44.342338],[-79.654946,44.342247],[-79.655631,44.34209],[-79.656158,44.341973],[-79.656573,44.341879],[-79.657347,44.3417],[-79.657999,44.341563],[-79.658771,44.341392],[-79.659982,44.341117],[-79.660499,44.340999],[-79.660798,44.34093],[-79.661006,44.340881],[-79.66194,44.340671],[-79.662287,44.340598],[-79.662836,44.340475],[-79.663098,44.340417],[-79.664266,44.340141],[-79.664445,44.340099],[-79.666667,44.339575],[-79.667538,44.339371],[-79.669336,44.338956],[-79.669488,44.338921],[-79.669814,44.33884],[-79.670512,44.33868],[-79.671557,44.338439],[-79.67211,44.338306],[-79.674618,44.3377],[-79.674911,44.337643],[-79.67533,44.337562],[-79.675501,44.337523],[-79.676496,44.337294],[-79.676724,44.33724],[-79.676983,44.337179],[-79.677457,44.337065],[-79.677723,44.337006],[-79.678031,44.336938],[-79.678218,44.336973],[-79.678254,44.336967],[-79.678821,44.336838],[-79.679642,44.336662],[-79.679981,44.33659],[-79.68031,44.336515],[-79.680656,44.336442],[-79.680881,44.336392],[-79.681569,44.336238],[-79.682353,44.336061],[-79.683397,44.335826],[-79.683751,44.335747],[-79.68403,44.335669],[-79.684655,44.335517],[-79.684753,44.335491],[-79.684877,44.33546],[-79.685166,44.335399],[-79.686016,44.335216],[-79.685938,44.335047],[-79.685888,44.334923],[-79.685817,44.334806],[-79.685618,44.334604],[-79.685173,44.334014],[-79.685032,44.333829],[-79.684817,44.333488],[-79.684691,44.333244],[-79.684294,44.332316],[-79.683919,44.331242],[-79.683864,44.331073],[-79.683659,44.330673],[-79.683619,44.330503],[-79.683546,44.330195],[-79.683484,44.329896],[-79.683453,44.32977],[-79.683227,44.328906],[-79.683209,44.328835],[-79.683186,44.32872],[-79.683144,44.328578],[-79.682896,44.327482],[-79.68284,44.327063],[-79.682804,44.326792],[-79.682755,44.326122],[-79.682745,44.325286],[-79.682794,44.324484],[-79.682808,44.324191],[-79.682861,44.323287],[-79.682868,44.3232],[-79.682906,44.322407],[-79.68294923224087,44.3217277408934]]}},{"type":"Feature","properties":{"shape_id":"GO:438088","route_id":"GO-BUS","route_short_name":"GO BUS","route_long_name":"Barrie / Newmarket","route_color":"#003767","route_text_color":"#FFFFFF","route_mode":"bus","agency_id":"go-transit","agency_name":"GO Transit","source_route_id":"06260926-68"},"geometry":{"type":"LineString","coordinates":[[-79.68926,44.374408],[-79.68926,44.374408],[-79.689273,44.374353],[-79.689707,44.374403],[-79.689787,44.374372],[-79.68985,44.374176],[-79.68979,44.37411],[-79.688914,44.374017],[-79.688871,44.374283],[-79.688868,44.374306],[-79.688847,44.374441],[-79.688829,44.374558],[-79.688766,44.374782],[-79.688761,44.37489],[-79.688657,44.374888],[-79.688708,44.374989],[-79.688812,44.374995],[-79.688971,44.374999],[-79.689225,44.374973],[-79.689317,44.374961],[-79.68936,44.374953],[-79.689381,44.374943],[-79.689397,44.374932],[-79.689493,44.374868],[-79.689568,44.374852],[-79.689807,44.374787],[-79.690054,44.374719],[-79.690309,44.374663],[-79.690378,44.374471],[-79.690437,44.374363],[-79.69059,44.374123],[-79.690628,44.374075],[-79.690699,44.373964],[-79.690787,44.373837],[-79.69089,44.373693],[-79.691529,44.372873],[-79.69189,44.372362],[-79.692066,44.37212],[-79.691743,44.371983],[-79.691494,44.371888],[-79.691378,44.371842],[-79.691123,44.37174],[-79.690944,44.371676],[-79.690898,44.37166],[-79.69074,44.371617],[-79.69069,44.371605],[-79.690571,44.371593],[-79.690526,44.371588],[-79.690534,44.371548],[-79.690534,44.371548],[-79.690534,44.371548],[-79.690534,44.371548],[-79.690526,44.371588],[-79.689254,44.371444],[-79.688029,44.371305],[-79.687939,44.371297],[-79.686925,44.371178],[-79.686495,44.371131],[-79.686004,44.371072],[-79.685943,44.371067],[-79.685822,44.371059],[-79.685706,44.371063],[-79.68534,44.371091],[-79.685057,44.371116],[-79.684737,44.371146],[-79.684387,44.371175],[-79.684376,44.371175],[-79.684373,44.371153],[-79.684373,44.371153],[-79.684373,44.371153],[-79.684373,44.371153],[-79.684376,44.371175],[-79.683721,44.371231],[-79.683034,44.371288],[-79.682378,44.371345],[-79.682009,44.371372],[-79.680897,44.371475],[-79.680212,44.371531],[-79.679536,44.371585],[-79.6792,44.371618],[-79.6788,44.371643],[-79.67843,44.371651],[-79.67822,44.371651],[-79.677887,44.371635],[-79.677622,44.371617],[-79.677419,44.371601],[-79.677092,44.37156],[-79.676771,44.371508],[-79.676452,44.371445],[-79.676258,44.371401],[-79.676159,44.371378],[-79.675434,44.371188],[-79.675226,44.371134],[-79.674926,44.371055],[-79.674204,44.370856],[-79.673901,44.370786],[-79.673657,44.370735],[-79.673473,44.370705],[-79.673159,44.370668],[-79.672991,44.370661],[-79.672773,44.370653],[-79.672358,44.370633],[-79.671858,44.370599],[-79.671483,44.370564],[-79.67115,44.370517],[-79.670677,44.370433],[-79.670442,44.370388],[-79.669986,44.370287],[-79.669718,44.370216],[-79.669655,44.370203],[-79.6695,44.37017],[-79.669248,44.370119],[-79.668757,44.370017],[-79.668389,44.369921],[-79.668183,44.369859],[-79.668102,44.369837],[-79.66802,44.369817],[-79.667995,44.369811],[-79.667945,44.369794],[-79.667881,44.36977],[-79.667751,44.36971],[-79.667629,44.369644],[-79.667556,44.369602],[-79.666611,44.369007],[-79.666477,44.368924],[-79.665483,44.36831],[-79.663988,44.367383],[-79.66358,44.36713],[-79.663451,44.367045],[-79.66336,44.36699],[-79.663247,44.366922],[-79.662941,44.366711],[-79.66283,44.366646],[-79.662508,44.366386],[-79.662611,44.36632],[-79.662611,44.36632],[-79.662611,44.36632],[-79.662611,44.36632],[-79.662508,44.366386],[-79.662496,44.366378],[-79.662224,44.366168],[-79.661944,44.365944],[-79.66137,44.365487],[-79.661237,44.365376],[-79.660256,44.364576],[-79.659059,44.363625],[-79.65821,44.362932],[-79.657454,44.36234],[-79.656863,44.361852],[-79.655677,44.36091],[-79.655554,44.360812],[-79.655448,44.360734],[-79.65532,44.360643],[-79.655199,44.360562],[-79.654955,44.360409],[-79.654856,44.36035],[-79.654658,44.360227],[-79.65426,44.359997],[-79.653771,44.359719],[-79.653653,44.359662],[-79.653447,44.359555],[-79.65326,44.359458],[-79.652391,44.359029],[-79.651695,44.358686],[-79.651508,44.358591],[-79.651034,44.35836],[-79.65069,44.35819],[-79.650554,44.358126],[-79.650366,44.358034],[-79.6503,44.358003],[-79.649763,44.357745],[-79.649383,44.357572],[-79.64909,44.357439],[-79.648793,44.35732],[-79.64857,44.357223],[-79.648153,44.357053],[-79.647509,44.356811],[-79.647278,44.356723],[-79.64717,44.356686],[-79.647033,44.356636],[-79.646963,44.356611],[-79.64702,44.356528],[-79.64702,44.356528],[-79.64702,44.356528],[-79.64702,44.356528],[-79.646963,44.356611],[-79.646877,44.35658],[-79.646495,44.356443],[-79.644856,44.35585],[-79.643801,44.355467],[-79.643037,44.355194],[-79.64289,44.355141],[-79.642148,44.35489],[-79.641979,44.354832],[-79.641816,44.354775],[-79.641865,44.354702],[-79.641865,44.354702],[-79.641865,44.354702],[-79.641865,44.354702],[-79.641816,44.354775],[-79.64178,44.354763],[-79.641488,44.354663],[-79.64101,44.354493],[-79.640303,44.354242],[-79.639401,44.353922],[-79.638601,44.353638],[-79.638246,44.353511],[-79.637935,44.353401],[-79.637298,44.353175],[-79.636521,44.352898],[-79.636576,44.352821],[-79.636576,44.352821],[-79.636576,44.352821],[-79.636576,44.352821],[-79.636521,44.352898],[-79.636211,44.352788],[-79.635986,44.352706],[-79.635826,44.352648],[-79.635561,44.352552],[-79.635416,44.3525],[-79.635265,44.352445],[-79.635062,44.352372],[-79.633735,44.351891],[-79.633464,44.351794],[-79.633515,44.351722],[-79.633515,44.351722],[-79.633515,44.351722],[-79.633515,44.351722],[-79.633464,44.351794],[-79.6331,44.351663],[-79.632729,44.35153],[-79.632443,44.351427],[-79.632294,44.351374],[-79.632153,44.351323],[-79.631385,44.351046],[-79.631072,44.350925],[-79.631043,44.350914],[-79.630835,44.350827],[-79.630617,44.35073],[-79.630559,44.350702],[-79.630297,44.350578],[-79.630077,44.350477],[-79.629942,44.350653],[-79.629529,44.351229],[-79.629496,44.351278],[-79.629464,44.351292],[-79.629427,44.351286],[-79.629118,44.351196],[-79.628901,44.351119],[-79.628706,44.351049],[-79.628651,44.35103],[-79.628509,44.350979],[-79.628452,44.350959],[-79.628314,44.350909],[-79.628029,44.3513],[-79.628026,44.351334],[-79.628044,44.351365],[-79.62806,44.351382],[-79.627851,44.351489],[-79.627851,44.351489],[-79.627851,44.351489],[-79.627851,44.351489],[-79.62806,44.351382],[-79.628077,44.351398],[-79.628179,44.351467],[-79.628342,44.351577],[-79.628515,44.351694],[-79.628678,44.351805],[-79.628764,44.35186],[-79.628795,44.351868],[-79.628847,44.351872],[-79.62888,44.351861],[-79.628915,44.351823],[-79.629137,44.351526],[-79.62921,44.35141],[-79.629205,44.351377],[-79.629184,44.351355],[-79.629044,44.351296],[-79.629118,44.351196],[-79.629427,44.351286],[-79.629464,44.351292],[-79.629496,44.351278],[-79.629529,44.351229],[-79.629942,44.350653],[-79.630077,44.350477],[-79.629954,44.350415],[-79.629758,44.350309],[-79.629506,44.350169],[-79.629307,44.350043],[-79.629017,44.349861],[-79.628782,44.349696],[-79.628518,44.349496],[-79.628374,44.34938],[-79.628234,44.349269],[-79.628092,44.34915],[-79.627982,44.349055],[-79.627867,44.348951],[-79.627703,44.3488],[-79.627588,44.348682],[-79.627715,44.348618],[-79.627715,44.348618],[-79.627715,44.348618],[-79.627715,44.348618],[-79.627588,44.348682],[-79.627381,44.348472],[-79.627071,44.348099],[-79.626984,44.347999],[-79.626751,44.347685],[-79.62664,44.347542],[-79.626536,44.347417],[-79.626383,44.347245],[-79.626,44.346803],[-79.625864,44.346637],[-79.625738,44.346473],[-79.625616,44.346322],[-79.625478,44.346142],[-79.625377,44.346015],[-79.625245,44.345812],[-79.625116,44.345598],[-79.624915,44.345227],[-79.624861,44.345108],[-79.624764,44.344923],[-79.62469,44.344754],[-79.624613,44.34456],[-79.624484,44.34419],[-79.624409,44.343905],[-79.624357,44.343672],[-79.624302,44.343457],[-79.624142,44.342748],[-79.624062,44.342413],[-79.623968,44.342074],[-79.623904,44.341847],[-79.623822,44.341555],[-79.623594,44.340503],[-79.623506,44.340158],[-79.623367,44.339542],[-79.623248,44.339035],[-79.623171,44.338696],[-79.623076,44.338236],[-79.622926,44.337599],[-79.622863,44.337279],[-79.622779,44.336948],[-79.622681,44.336584],[-79.62265,44.336481],[-79.622512,44.336027],[-79.622477,44.335912],[-79.622387,44.335587],[-79.622346,44.335419],[-79.622294,44.335209],[-79.622245,44.335029],[-79.622189,44.334825],[-79.622096,44.33451],[-79.622013,44.334184],[-79.621813,44.333483],[-79.621577,44.332571],[-79.621485,44.332238],[-79.621419,44.331987],[-79.621382,44.331862],[-79.621357,44.331788],[-79.621295,44.331559],[-79.621262,44.331448],[-79.621238,44.331351],[-79.621144,44.330982],[-79.621028,44.330543],[-79.620971,44.330318],[-79.620916,44.330112],[-79.620871,44.329937],[-79.620831,44.329817],[-79.62076,44.329563],[-79.62074,44.329476],[-79.620812,44.329467],[-79.620812,44.329467],[-79.620812,44.329467],[-79.620812,44.329467],[-79.62074,44.329476],[-79.620683,44.329228],[-79.620555,44.328803],[-79.62049,44.328588],[-79.62044,44.328411],[-79.620402,44.328279],[-79.620335,44.32804],[-79.620195,44.327546],[-79.620154,44.3274],[-79.620104,44.327244],[-79.620054,44.327085],[-79.619898,44.326497],[-79.619866,44.326371],[-79.619827,44.326227],[-79.619768,44.326006],[-79.619686,44.325699],[-79.619672,44.325627],[-79.61962,44.325371],[-79.619546,44.325115],[-79.619495,44.324921],[-79.619579,44.32491],[-79.619579,44.32491],[-79.619579,44.32491],[-79.619579,44.32491],[-79.619495,44.324921],[-79.619464,44.324802],[-79.619434,44.324684],[-79.619403,44.324576],[-79.619371,44.324474],[-79.619334,44.324369],[-79.619223,44.323934],[-79.619064,44.323303],[-79.618935,44.322833],[-79.618678,44.321906],[-79.61863136565168,44.3217277408934]]}},{"type":"Feature","properties":{"shape_id":"GO:438089","route_id":"GO-BUS","route_short_name":"GO BUS","route_long_name":"Barrie / Newmarket","route_color":"#003767","route_text_color":"#FFFFFF","route_mode":"bus","agency_id":"go-transit","agency_name":"GO Transit","source_route_id":"06260926-68"},"geometry":{"type":"LineString","coordinates":[[-79.61863136565168,44.3217277408934],[-79.618678,44.321906],[-79.618935,44.322833],[-79.619064,44.323303],[-79.619223,44.323934],[-79.619284,44.324173],[-79.619155,44.324189],[-79.619155,44.324189],[-79.619155,44.324189],[-79.619155,44.324189],[-79.619284,44.324173],[-79.619334,44.324369],[-79.619371,44.324474],[-79.619403,44.324576],[-79.619434,44.324684],[-79.619464,44.324802],[-79.619546,44.325115],[-79.61962,44.325371],[-79.619672,44.325627],[-79.619686,44.325699],[-79.619768,44.326006],[-79.619827,44.326227],[-79.619866,44.326371],[-79.619898,44.326497],[-79.620054,44.327085],[-79.620104,44.327244],[-79.620154,44.3274],[-79.620195,44.327546],[-79.620331,44.328028],[-79.620206,44.328046],[-79.620206,44.328046],[-79.620206,44.328046],[-79.620206,44.328046],[-79.620331,44.328028],[-79.620335,44.32804],[-79.620402,44.328279],[-79.62044,44.328411],[-79.62049,44.328588],[-79.620555,44.328803],[-79.620683,44.329228],[-79.62076,44.329563],[-79.620831,44.329817],[-79.620871,44.329937],[-79.620899,44.330046],[-79.620723,44.330069],[-79.620723,44.330069],[-79.620723,44.330069],[-79.620723,44.330069],[-79.620899,44.330046],[-79.620916,44.330112],[-79.620971,44.330318],[-79.621028,44.330543],[-79.621144,44.330982],[-79.621238,44.331351],[-79.621262,44.331448],[-79.621295,44.331559],[-79.621357,44.331788],[-79.621382,44.331862],[-79.621419,44.331987],[-79.621485,44.332238],[-79.621577,44.332571],[-79.621813,44.333483],[-79.622013,44.334184],[-79.622096,44.33451],[-79.622189,44.334825],[-79.622245,44.335029],[-79.622294,44.335209],[-79.622346,44.335419],[-79.622387,44.335587],[-79.622477,44.335912],[-79.622512,44.336027],[-79.62265,44.336481],[-79.622681,44.336584],[-79.622779,44.336948],[-79.622863,44.337279],[-79.622926,44.337599],[-79.623076,44.338236],[-79.623171,44.338696],[-79.623248,44.339035],[-79.623367,44.339542],[-79.623506,44.340158],[-79.623594,44.340503],[-79.623822,44.341555],[-79.623904,44.341847],[-79.623968,44.342074],[-79.624062,44.342413],[-79.624142,44.342748],[-79.624302,44.343457],[-79.624357,44.343672],[-79.624409,44.343905],[-79.624484,44.34419],[-79.624613,44.34456],[-79.62469,44.344754],[-79.624764,44.344923],[-79.624861,44.345108],[-79.624915,44.345227],[-79.625116,44.345598],[-79.625245,44.345812],[-79.625377,44.346015],[-79.625478,44.346142],[-79.625616,44.346322],[-79.625738,44.346473],[-79.625864,44.346637],[-79.626,44.346803],[-79.626383,44.347245],[-79.626536,44.347417],[-79.62664,44.347542],[-79.626751,44.347685],[-79.626984,44.347999],[-79.627071,44.348099],[-79.627102,44.348135],[-79.627023,44.348169],[-79.627023,44.348169],[-79.627023,44.348169],[-79.627023,44.348169],[-79.627102,44.348135],[-79.627381,44.348472],[-79.627703,44.3488],[-79.627867,44.348951],[-79.627982,44.349055],[-79.628092,44.34915],[-79.628234,44.349269],[-79.628374,44.34938],[-79.628518,44.349496],[-79.628782,44.349696],[-79.629017,44.349861],[-79.629307,44.350043],[-79.629506,44.350169],[-79.629758,44.350309],[-79.629954,44.350415],[-79.630077,44.350477],[-79.629942,44.350653],[-79.629529,44.351229],[-79.629496,44.351278],[-79.629464,44.351292],[-79.629427,44.351286],[-79.629118,44.351196],[-79.628901,44.351119],[-79.628706,44.351049],[-79.628651,44.35103],[-79.628509,44.350979],[-79.628452,44.350959],[-79.628314,44.350909],[-79.628029,44.3513],[-79.628026,44.351334],[-79.628044,44.351365],[-79.62806,44.351382],[-79.627851,44.351489],[-79.627851,44.351489],[-79.627851,44.351489],[-79.627851,44.351489],[-79.62806,44.351382],[-79.628077,44.351398],[-79.628179,44.351467],[-79.628342,44.351577],[-79.628515,44.351694],[-79.628678,44.351805],[-79.628764,44.35186],[-79.628795,44.351868],[-79.628847,44.351872],[-79.62888,44.351861],[-79.628915,44.351823],[-79.629137,44.351526],[-79.62921,44.35141],[-79.629205,44.351377],[-79.629184,44.351355],[-79.629044,44.351296],[-79.629118,44.351196],[-79.629427,44.351286],[-79.629464,44.351292],[-79.629496,44.351278],[-79.629529,44.351229],[-79.629942,44.350653],[-79.630077,44.350477],[-79.630297,44.350578],[-79.630559,44.350702],[-79.630617,44.35073],[-79.630835,44.350827],[-79.631043,44.350914],[-79.631072,44.350925],[-79.631385,44.351046],[-79.632153,44.351323],[-79.632294,44.351374],[-79.632443,44.351427],[-79.632729,44.35153],[-79.632903,44.351593],[-79.632838,44.351687],[-79.632838,44.351687],[-79.632838,44.351687],[-79.632838,44.351687],[-79.632903,44.351593],[-79.6331,44.351663],[-79.633735,44.351891],[-79.635062,44.352372],[-79.635265,44.352445],[-79.635416,44.3525],[-79.635561,44.352552],[-79.635826,44.352648],[-79.635892,44.352672],[-79.635837,44.352749],[-79.635837,44.352749],[-79.635837,44.352749],[-79.635837,44.352749],[-79.635892,44.352672],[-79.635986,44.352706],[-79.636211,44.352788],[-79.637298,44.353175],[-79.637935,44.353401],[-79.638246,44.353511],[-79.638601,44.353638],[-79.639401,44.353922],[-79.640303,44.354242],[-79.64101,44.354493],[-79.641124,44.354533],[-79.641064,44.354621],[-79.641064,44.354621],[-79.641064,44.354621],[-79.641064,44.354621],[-79.641124,44.354533],[-79.641488,44.354663],[-79.64178,44.354763],[-79.641979,44.354832],[-79.642148,44.35489],[-79.64289,44.355141],[-79.643037,44.355194],[-79.643801,44.355467],[-79.644856,44.35585],[-79.646495,44.356443],[-79.646826,44.356562],[-79.646738,44.356687],[-79.646738,44.356687],[-79.646738,44.356687],[-79.646738,44.356687],[-79.646826,44.356562],[-79.646877,44.35658],[-79.647033,44.356636],[-79.64717,44.356686],[-79.647278,44.356723],[-79.647509,44.356811],[-79.648153,44.357053],[-79.64857,44.357223],[-79.648793,44.35732],[-79.64909,44.357439],[-79.649383,44.357572],[-79.649763,44.357745],[-79.6503,44.358003],[-79.650366,44.358034],[-79.650554,44.358126],[-79.65069,44.35819],[-79.651034,44.35836],[-79.651508,44.358591],[-79.651695,44.358686],[-79.652391,44.359029],[-79.65326,44.359458],[-79.653447,44.359555],[-79.653653,44.359662],[-79.653771,44.359719],[-79.65426,44.359997],[-79.654658,44.360227],[-79.654856,44.36035],[-79.654955,44.360409],[-79.655199,44.360562],[-79.65532,44.360643],[-79.655448,44.360734],[-79.655554,44.360812],[-79.655677,44.36091],[-79.656863,44.361852],[-79.657454,44.36234],[-79.65821,44.362932],[-79.659059,44.363625],[-79.660256,44.364576],[-79.661237,44.365376],[-79.66137,44.365487],[-79.661944,44.365944],[-79.662224,44.366168],[-79.662496,44.366378],[-79.662546,44.366417],[-79.662464,44.366469],[-79.662464,44.366469],[-79.662464,44.366469],[-79.662464,44.366469],[-79.662546,44.366417],[-79.66283,44.366646],[-79.662941,44.366711],[-79.663247,44.366922],[-79.66336,44.36699],[-79.663451,44.367045],[-79.66358,44.36713],[-79.663988,44.367383],[-79.665483,44.36831],[-79.666477,44.368924],[-79.666611,44.369007],[-79.667556,44.369602],[-79.667629,44.369644],[-79.667751,44.36971],[-79.667881,44.36977],[-79.667945,44.369794],[-79.667995,44.369811],[-79.66802,44.369817],[-79.668102,44.369837],[-79.668183,44.369859],[-79.668389,44.369921],[-79.668757,44.370017],[-79.669248,44.370119],[-79.6695,44.37017],[-79.669655,44.370203],[-79.669718,44.370216],[-79.669986,44.370287],[-79.670442,44.370388],[-79.670677,44.370433],[-79.67115,44.370517],[-79.671483,44.370564],[-79.671858,44.370599],[-79.672358,44.370633],[-79.672773,44.370653],[-79.672991,44.370661],[-79.673159,44.370668],[-79.673473,44.370705],[-79.673657,44.370735],[-79.673901,44.370786],[-79.674204,44.370856],[-79.674926,44.371055],[-79.675226,44.371134],[-79.675434,44.371188],[-79.676159,44.371378],[-79.676258,44.371401],[-79.676452,44.371445],[-79.676771,44.371508],[-79.677092,44.37156],[-79.677419,44.371601],[-79.677622,44.371617],[-79.677887,44.371635],[-79.67822,44.371651],[-79.67843,44.371651],[-79.6788,44.371643],[-79.6792,44.371618],[-79.679536,44.371585],[-79.680212,44.371531],[-79.680897,44.371475],[-79.682009,44.371372],[-79.682378,44.371345],[-79.683034,44.371288],[-79.683721,44.371231],[-79.684387,44.371175],[-79.684737,44.371146],[-79.685057,44.371116],[-79.68534,44.371091],[-79.685706,44.371063],[-79.685822,44.371059],[-79.685943,44.371067],[-79.686004,44.371072],[-79.686495,44.371131],[-79.686925,44.371178],[-79.687939,44.371297],[-79.688029,44.371305],[-79.689254,44.371444],[-79.690526,44.371588],[-79.690509,44.371667],[-79.690509,44.371667],[-79.690509,44.371667],[-79.690509,44.371667],[-79.690526,44.371588],[-79.690571,44.371593],[-79.69069,44.371605],[-79.69074,44.371617],[-79.690898,44.37166],[-79.690944,44.371676],[-79.691123,44.37174],[-79.691378,44.371842],[-79.691494,44.371888],[-79.691743,44.371983],[-79.692066,44.37212],[-79.69189,44.372362],[-79.691529,44.372873],[-79.69089,44.373693],[-79.690787,44.373837],[-79.690699,44.373964],[-79.690628,44.374075],[-79.69059,44.374123],[-79.690437,44.374363],[-79.690378,44.374471],[-79.690309,44.374663],[-79.690054,44.374719],[-79.689807,44.374787],[-79.689568,44.374852],[-79.689493,44.374868],[-79.689372,44.37484],[-79.689282,44.374845],[-79.68919,44.374863],[-79.68908,44.374877],[-79.688986,44.37488],[-79.688761,44.37489],[-79.688766,44.374782],[-79.688829,44.374558],[-79.688847,44.374441],[-79.688868,44.374306],[-79.689273,44.374353],[-79.68926,44.374408],[-79.68926,44.374408]]}},{"type":"Feature","properties":{"shape_id":"GO:438090","route_id":"GO-BUS","route_short_name":"GO BUS","route_long_name":"Barrie / Newmarket","route_color":"#003767","route_text_color":"#FFFFFF","route_mode":"bus","agency_id":"go-transit","agency_name":"GO Transit","source_route_id":"06260926-68"},"geometry":{"type":"LineString","coordinates":[[-79.61863136565168,44.3217277408934],[-79.618678,44.321906],[-79.618935,44.322833],[-79.619064,44.323303],[-79.619223,44.323934],[-79.619284,44.324173],[-79.619155,44.324189],[-79.619155,44.324189],[-79.619155,44.324189],[-79.619155,44.324189],[-79.619284,44.324173],[-79.619334,44.324369],[-79.619371,44.324474],[-79.619403,44.324576],[-79.619434,44.324684],[-79.619464,44.324802],[-79.619546,44.325115],[-79.61962,44.325371],[-79.619672,44.325627],[-79.619686,44.325699],[-79.619768,44.326006],[-79.619827,44.326227],[-79.619866,44.326371],[-79.619898,44.326497],[-79.620054,44.327085],[-79.620104,44.327244],[-79.620154,44.3274],[-79.620195,44.327546],[-79.620331,44.328028],[-79.620206,44.328046],[-79.620206,44.328046],[-79.620206,44.328046],[-79.620206,44.328046],[-79.620331,44.328028],[-79.620335,44.32804],[-79.620402,44.328279],[-79.62044,44.328411],[-79.62049,44.328588],[-79.620555,44.328803],[-79.620683,44.329228],[-79.62076,44.329563],[-79.620831,44.329817],[-79.620871,44.329937],[-79.620899,44.330046],[-79.620723,44.330069],[-79.620723,44.330069],[-79.620723,44.330069],[-79.620723,44.330069],[-79.620899,44.330046],[-79.620916,44.330112],[-79.620971,44.330318],[-79.621028,44.330543],[-79.621144,44.330982],[-79.621238,44.331351],[-79.621262,44.331448],[-79.621295,44.331559],[-79.621357,44.331788],[-79.621382,44.331862],[-79.621419,44.331987],[-79.621485,44.332238],[-79.621577,44.332571],[-79.621813,44.333483],[-79.622013,44.334184],[-79.622096,44.33451],[-79.622189,44.334825],[-79.622245,44.335029],[-79.622294,44.335209],[-79.622346,44.335419],[-79.622387,44.335587],[-79.622477,44.335912],[-79.622512,44.336027],[-79.62265,44.336481],[-79.622681,44.336584],[-79.622779,44.336948],[-79.622863,44.337279],[-79.622926,44.337599],[-79.623076,44.338236],[-79.623171,44.338696],[-79.623248,44.339035],[-79.623367,44.339542],[-79.623506,44.340158],[-79.623594,44.340503],[-79.623822,44.341555],[-79.623904,44.341847],[-79.623968,44.342074],[-79.624062,44.342413],[-79.624142,44.342748],[-79.624302,44.343457],[-79.624357,44.343672],[-79.624409,44.343905],[-79.624484,44.34419],[-79.624613,44.34456],[-79.62469,44.344754],[-79.624764,44.344923],[-79.624861,44.345108],[-79.624915,44.345227],[-79.625116,44.345598],[-79.625245,44.345812],[-79.625377,44.346015],[-79.625478,44.346142],[-79.625616,44.346322],[-79.625738,44.346473],[-79.625864,44.346637],[-79.626,44.346803],[-79.626383,44.347245],[-79.626536,44.347417],[-79.62664,44.347542],[-79.626751,44.347685],[-79.626984,44.347999],[-79.627071,44.348099],[-79.627102,44.348135],[-79.627023,44.348169],[-79.627023,44.348169],[-79.627023,44.348169],[-79.627023,44.348169],[-79.627102,44.348135],[-79.627381,44.348472],[-79.627703,44.3488],[-79.627867,44.348951],[-79.627982,44.349055],[-79.628092,44.34915],[-79.628234,44.349269],[-79.628374,44.34938],[-79.628518,44.349496],[-79.628782,44.349696],[-79.629017,44.349861],[-79.629307,44.350043],[-79.629506,44.350169],[-79.629758,44.350309],[-79.629954,44.350415],[-79.630077,44.350477],[-79.629942,44.350653],[-79.629529,44.351229],[-79.629496,44.351278],[-79.629464,44.351292],[-79.629427,44.351286],[-79.629118,44.351196],[-79.628901,44.351119],[-79.628706,44.351049],[-79.628651,44.35103],[-79.628509,44.350979],[-79.628452,44.350959],[-79.628314,44.350909],[-79.628029,44.3513],[-79.628026,44.351334],[-79.628044,44.351365],[-79.62806,44.351382],[-79.627851,44.351489],[-79.627851,44.351489],[-79.627851,44.351489],[-79.627851,44.351489],[-79.62806,44.351382],[-79.628077,44.351398],[-79.628179,44.351467],[-79.628342,44.351577],[-79.628515,44.351694],[-79.628678,44.351805],[-79.628764,44.35186],[-79.628795,44.351868],[-79.628847,44.351872],[-79.62888,44.351861],[-79.628915,44.351823],[-79.629137,44.351526],[-79.62921,44.35141],[-79.629205,44.351377],[-79.629184,44.351355],[-79.629044,44.351296],[-79.629118,44.351196],[-79.629427,44.351286],[-79.629464,44.351292],[-79.629496,44.351278],[-79.629529,44.351229],[-79.629942,44.350653],[-79.630077,44.350477],[-79.630297,44.350578],[-79.630559,44.350702],[-79.630617,44.35073],[-79.630835,44.350827],[-79.631043,44.350914],[-79.631072,44.350925],[-79.631385,44.351046],[-79.632153,44.351323],[-79.632294,44.351374],[-79.632443,44.351427],[-79.632729,44.35153],[-79.632903,44.351593],[-79.632838,44.351687],[-79.632838,44.351687],[-79.632838,44.351687],[-79.632838,44.351687],[-79.632903,44.351593],[-79.6331,44.351663],[-79.633735,44.351891],[-79.635062,44.352372],[-79.635265,44.352445],[-79.635416,44.3525],[-79.635561,44.352552],[-79.635826,44.352648],[-79.635892,44.352672],[-79.635837,44.352749],[-79.635837,44.352749],[-79.635837,44.352749],[-79.635837,44.352749],[-79.635892,44.352672],[-79.635986,44.352706],[-79.636211,44.352788],[-79.637298,44.353175],[-79.637935,44.353401],[-79.638246,44.353511],[-79.638601,44.353638],[-79.639401,44.353922],[-79.640303,44.354242],[-79.64101,44.354493],[-79.641124,44.354533],[-79.641064,44.354621],[-79.641064,44.354621],[-79.641064,44.354621],[-79.641064,44.354621],[-79.641124,44.354533],[-79.641488,44.354663],[-79.64178,44.354763],[-79.641979,44.354832],[-79.642148,44.35489],[-79.64289,44.355141],[-79.643037,44.355194],[-79.643801,44.355467],[-79.644856,44.35585],[-79.646495,44.356443],[-79.646826,44.356562],[-79.646738,44.356687],[-79.646738,44.356687],[-79.646738,44.356687],[-79.646738,44.356687],[-79.646826,44.356562],[-79.646877,44.35658],[-79.647033,44.356636],[-79.64717,44.356686],[-79.647278,44.356723],[-79.647509,44.356811],[-79.648153,44.357053],[-79.64857,44.357223],[-79.648793,44.35732],[-79.64909,44.357439],[-79.649383,44.357572],[-79.649763,44.357745],[-79.6503,44.358003],[-79.650366,44.358034],[-79.650554,44.358126],[-79.65069,44.35819],[-79.651034,44.35836],[-79.651508,44.358591],[-79.651695,44.358686],[-79.652391,44.359029],[-79.65326,44.359458],[-79.653447,44.359555],[-79.653653,44.359662],[-79.653771,44.359719],[-79.65426,44.359997],[-79.654658,44.360227],[-79.654856,44.36035],[-79.654955,44.360409],[-79.655199,44.360562],[-79.65532,44.360643],[-79.655448,44.360734],[-79.655554,44.360812],[-79.655677,44.36091],[-79.656863,44.361852],[-79.657454,44.36234],[-79.65821,44.362932],[-79.659059,44.363625],[-79.660256,44.364576],[-79.661237,44.365376],[-79.66137,44.365487],[-79.661944,44.365944],[-79.662224,44.366168],[-79.662496,44.366378],[-79.662546,44.366417],[-79.662464,44.366469],[-79.662464,44.366469],[-79.662464,44.366469],[-79.662464,44.366469],[-79.662546,44.366417],[-79.66283,44.366646],[-79.662941,44.366711],[-79.663247,44.366922],[-79.66336,44.36699],[-79.663451,44.367045],[-79.66358,44.36713],[-79.663988,44.367383],[-79.665483,44.36831],[-79.666477,44.368924],[-79.666611,44.369007],[-79.667556,44.369602],[-79.667629,44.369644],[-79.667751,44.36971],[-79.667881,44.36977],[-79.667945,44.369794],[-79.667995,44.369811],[-79.66802,44.369817],[-79.668102,44.369837],[-79.668183,44.369859],[-79.668389,44.369921],[-79.668757,44.370017],[-79.669248,44.370119],[-79.6695,44.37017],[-79.669655,44.370203],[-79.669718,44.370216],[-79.669986,44.370287],[-79.670442,44.370388],[-79.670677,44.370433],[-79.67115,44.370517],[-79.671483,44.370564],[-79.671858,44.370599],[-79.672358,44.370633],[-79.672773,44.370653],[-79.672991,44.370661],[-79.673159,44.370668],[-79.673473,44.370705],[-79.673657,44.370735],[-79.673901,44.370786],[-79.674204,44.370856],[-79.674926,44.371055],[-79.675226,44.371134],[-79.675434,44.371188],[-79.676159,44.371378],[-79.676258,44.371401],[-79.676452,44.371445],[-79.676771,44.371508],[-79.677092,44.37156],[-79.677419,44.371601],[-79.677622,44.371617],[-79.677887,44.371635],[-79.67822,44.371651],[-79.67843,44.371651],[-79.6788,44.371643],[-79.6792,44.371618],[-79.679536,44.371585],[-79.680212,44.371531],[-79.680897,44.371475],[-79.682009,44.371372],[-79.682378,44.371345],[-79.683034,44.371288],[-79.683721,44.371231],[-79.684387,44.371175],[-79.684737,44.371146],[-79.685057,44.371116],[-79.68534,44.371091],[-79.685706,44.371063],[-79.685822,44.371059],[-79.685943,44.371067],[-79.686004,44.371072],[-79.686495,44.371131],[-79.686925,44.371178],[-79.687939,44.371297],[-79.688029,44.371305],[-79.689254,44.371444],[-79.690526,44.371588],[-79.690509,44.371667],[-79.690509,44.371667],[-79.690509,44.371667],[-79.690509,44.371667],[-79.690526,44.371588],[-79.690571,44.371593],[-79.69069,44.371605],[-79.69074,44.371617],[-79.690898,44.37166],[-79.690944,44.371676],[-79.691123,44.37174],[-79.691378,44.371842],[-79.691494,44.371888],[-79.691743,44.371983],[-79.692066,44.37212],[-79.69189,44.372362],[-79.691529,44.372873],[-79.69089,44.373693],[-79.690787,44.373837],[-79.690699,44.373964],[-79.690628,44.374075],[-79.69059,44.374123],[-79.690437,44.374363],[-79.690378,44.374471],[-79.690309,44.374663],[-79.690054,44.374719],[-79.689807,44.374787],[-79.689568,44.374852],[-79.689493,44.374868],[-79.689372,44.37484],[-79.689282,44.374845],[-79.68919,44.374863],[-79.68908,44.374877],[-79.688986,44.37488],[-79.688761,44.37489],[-79.688766,44.374782],[-79.688829,44.374558],[-79.688847,44.374441],[-79.688868,44.374306],[-79.689273,44.374353],[-79.68926,44.374408],[-79.68926,44.374408]]}},{"type":"Feature","properties":{"shape_id":"GO:438091","route_id":"GO-BUS","route_short_name":"GO BUS","route_long_name":"Barrie / Newmarket","route_color":"#003767","route_text_color":"#FFFFFF","route_mode":"bus","agency_id":"go-transit","agency_name":"GO Transit","source_route_id":"06260926-68"},"geometry":{"type":"LineString","coordinates":[[-79.68926,44.374408],[-79.68926,44.374408],[-79.689273,44.374353],[-79.689707,44.374403],[-79.689787,44.374372],[-79.68985,44.374176],[-79.68979,44.37411],[-79.688914,44.374017],[-79.688871,44.374283],[-79.688868,44.374306],[-79.688847,44.374441],[-79.688829,44.374558],[-79.688766,44.374782],[-79.688761,44.37489],[-79.688657,44.374888],[-79.688708,44.374989],[-79.688812,44.374995],[-79.688971,44.374999],[-79.689225,44.374973],[-79.689317,44.374961],[-79.68936,44.374953],[-79.689381,44.374943],[-79.689397,44.374932],[-79.689493,44.374868],[-79.689568,44.374852],[-79.689807,44.374787],[-79.690054,44.374719],[-79.690309,44.374663],[-79.690378,44.374471],[-79.690437,44.374363],[-79.69059,44.374123],[-79.690628,44.374075],[-79.690699,44.373964],[-79.690787,44.373837],[-79.69089,44.373693],[-79.691529,44.372873],[-79.69189,44.372362],[-79.692066,44.37212],[-79.691743,44.371983],[-79.691494,44.371888],[-79.691378,44.371842],[-79.691123,44.37174],[-79.690944,44.371676],[-79.690898,44.37166],[-79.69074,44.371617],[-79.69069,44.371605],[-79.690571,44.371593],[-79.690526,44.371588],[-79.690534,44.371548],[-79.690534,44.371548],[-79.690534,44.371548],[-79.690534,44.371548],[-79.690526,44.371588],[-79.689254,44.371444],[-79.688029,44.371305],[-79.687939,44.371297],[-79.686925,44.371178],[-79.686495,44.371131],[-79.686004,44.371072],[-79.685943,44.371067],[-79.685822,44.371059],[-79.685706,44.371063],[-79.68534,44.371091],[-79.685057,44.371116],[-79.684737,44.371146],[-79.684387,44.371175],[-79.684376,44.371175],[-79.684373,44.371153],[-79.684373,44.371153],[-79.684373,44.371153],[-79.684373,44.371153],[-79.684376,44.371175],[-79.683721,44.371231],[-79.683034,44.371288],[-79.682378,44.371345],[-79.682009,44.371372],[-79.680897,44.371475],[-79.680212,44.371531],[-79.679536,44.371585],[-79.6792,44.371618],[-79.6788,44.371643],[-79.67843,44.371651],[-79.67822,44.371651],[-79.677887,44.371635],[-79.677622,44.371617],[-79.677419,44.371601],[-79.677092,44.37156],[-79.676771,44.371508],[-79.676452,44.371445],[-79.676258,44.371401],[-79.676159,44.371378],[-79.675434,44.371188],[-79.675226,44.371134],[-79.674926,44.371055],[-79.674204,44.370856],[-79.673901,44.370786],[-79.673657,44.370735],[-79.673473,44.370705],[-79.673159,44.370668],[-79.672991,44.370661],[-79.672773,44.370653],[-79.672358,44.370633],[-79.671858,44.370599],[-79.671483,44.370564],[-79.67115,44.370517],[-79.670677,44.370433],[-79.670442,44.370388],[-79.669986,44.370287],[-79.669718,44.370216],[-79.669655,44.370203],[-79.6695,44.37017],[-79.669248,44.370119],[-79.668757,44.370017],[-79.668389,44.369921],[-79.668183,44.369859],[-79.668102,44.369837],[-79.66802,44.369817],[-79.667995,44.369811],[-79.667945,44.369794],[-79.667881,44.36977],[-79.667751,44.36971],[-79.667629,44.369644],[-79.667556,44.369602],[-79.666611,44.369007],[-79.666477,44.368924],[-79.665483,44.36831],[-79.663988,44.367383],[-79.66358,44.36713],[-79.663451,44.367045],[-79.66336,44.36699],[-79.663247,44.366922],[-79.662941,44.366711],[-79.66283,44.366646],[-79.662508,44.366386],[-79.662611,44.36632],[-79.662611,44.36632],[-79.662611,44.36632],[-79.662611,44.36632],[-79.662508,44.366386],[-79.662496,44.366378],[-79.662224,44.366168],[-79.661944,44.365944],[-79.66137,44.365487],[-79.661237,44.365376],[-79.660256,44.364576],[-79.659059,44.363625],[-79.65821,44.362932],[-79.657454,44.36234],[-79.656863,44.361852],[-79.655677,44.36091],[-79.655554,44.360812],[-79.655448,44.360734],[-79.65532,44.360643],[-79.655199,44.360562],[-79.654955,44.360409],[-79.654856,44.36035],[-79.654658,44.360227],[-79.65426,44.359997],[-79.653771,44.359719],[-79.653653,44.359662],[-79.653447,44.359555],[-79.65326,44.359458],[-79.652391,44.359029],[-79.651695,44.358686],[-79.651508,44.358591],[-79.651034,44.35836],[-79.65069,44.35819],[-79.650554,44.358126],[-79.650366,44.358034],[-79.6503,44.358003],[-79.649763,44.357745],[-79.649383,44.357572],[-79.64909,44.357439],[-79.648793,44.35732],[-79.64857,44.357223],[-79.648153,44.357053],[-79.647509,44.356811],[-79.647278,44.356723],[-79.64717,44.356686],[-79.647033,44.356636],[-79.646963,44.356611],[-79.64702,44.356528],[-79.64702,44.356528],[-79.64702,44.356528],[-79.64702,44.356528],[-79.646963,44.356611],[-79.646877,44.35658],[-79.646495,44.356443],[-79.644856,44.35585],[-79.643801,44.355467],[-79.643037,44.355194],[-79.64289,44.355141],[-79.642148,44.35489],[-79.641979,44.354832],[-79.641816,44.354775],[-79.641865,44.354702],[-79.641865,44.354702],[-79.641865,44.354702],[-79.641865,44.354702],[-79.641816,44.354775],[-79.64178,44.354763],[-79.641488,44.354663],[-79.64101,44.354493],[-79.640303,44.354242],[-79.639401,44.353922],[-79.638601,44.353638],[-79.638246,44.353511],[-79.637935,44.353401],[-79.637298,44.353175],[-79.636521,44.352898],[-79.636576,44.352821],[-79.636576,44.352821],[-79.636576,44.352821],[-79.636576,44.352821],[-79.636521,44.352898],[-79.636211,44.352788],[-79.635986,44.352706],[-79.635826,44.352648],[-79.635561,44.352552],[-79.635416,44.3525],[-79.635265,44.352445],[-79.635062,44.352372],[-79.633735,44.351891],[-79.633464,44.351794],[-79.633515,44.351722],[-79.633515,44.351722],[-79.633515,44.351722],[-79.633515,44.351722],[-79.633464,44.351794],[-79.6331,44.351663],[-79.632729,44.35153],[-79.632443,44.351427],[-79.632294,44.351374],[-79.632153,44.351323],[-79.631385,44.351046],[-79.631072,44.350925],[-79.631043,44.350914],[-79.630835,44.350827],[-79.630617,44.35073],[-79.630559,44.350702],[-79.630297,44.350578],[-79.630077,44.350477],[-79.629942,44.350653],[-79.629529,44.351229],[-79.629496,44.351278],[-79.629464,44.351292],[-79.629427,44.351286],[-79.629118,44.351196],[-79.628901,44.351119],[-79.628706,44.351049],[-79.628651,44.35103],[-79.628509,44.350979],[-79.628452,44.350959],[-79.628314,44.350909],[-79.628029,44.3513],[-79.628026,44.351334],[-79.628044,44.351365],[-79.62806,44.351382],[-79.627851,44.351489],[-79.627851,44.351489],[-79.627851,44.351489],[-79.627851,44.351489],[-79.62806,44.351382],[-79.628077,44.351398],[-79.628179,44.351467],[-79.628342,44.351577],[-79.628515,44.351694],[-79.628678,44.351805],[-79.628764,44.35186],[-79.628795,44.351868],[-79.628847,44.351872],[-79.62888,44.351861],[-79.628915,44.351823],[-79.629137,44.351526],[-79.62921,44.35141],[-79.629205,44.351377],[-79.629184,44.351355],[-79.629044,44.351296],[-79.629118,44.351196],[-79.629427,44.351286],[-79.629464,44.351292],[-79.629496,44.351278],[-79.629529,44.351229],[-79.629942,44.350653],[-79.630077,44.350477],[-79.629954,44.350415],[-79.629758,44.350309],[-79.629506,44.350169],[-79.629307,44.350043],[-79.629017,44.349861],[-79.628782,44.349696],[-79.628518,44.349496],[-79.628374,44.34938],[-79.628234,44.349269],[-79.628092,44.34915],[-79.627982,44.349055],[-79.627867,44.348951],[-79.627703,44.3488],[-79.627588,44.348682],[-79.627715,44.348618],[-79.627715,44.348618],[-79.627715,44.348618],[-79.627715,44.348618],[-79.627588,44.348682],[-79.627381,44.348472],[-79.627071,44.348099],[-79.626984,44.347999],[-79.626751,44.347685],[-79.62664,44.347542],[-79.626536,44.347417],[-79.626383,44.347245],[-79.626,44.346803],[-79.625864,44.346637],[-79.625738,44.346473],[-79.625616,44.346322],[-79.625478,44.346142],[-79.625377,44.346015],[-79.625245,44.345812],[-79.625116,44.345598],[-79.624915,44.345227],[-79.624861,44.345108],[-79.624764,44.344923],[-79.62469,44.344754],[-79.624613,44.34456],[-79.624484,44.34419],[-79.624409,44.343905],[-79.624357,44.343672],[-79.624302,44.343457],[-79.624142,44.342748],[-79.624062,44.342413],[-79.623968,44.342074],[-79.623904,44.341847],[-79.623822,44.341555],[-79.623594,44.340503],[-79.623506,44.340158],[-79.623367,44.339542],[-79.623248,44.339035],[-79.623171,44.338696],[-79.623076,44.338236],[-79.622926,44.337599],[-79.622863,44.337279],[-79.622779,44.336948],[-79.622681,44.336584],[-79.62265,44.336481],[-79.622512,44.336027],[-79.622477,44.335912],[-79.622387,44.335587],[-79.622346,44.335419],[-79.622294,44.335209],[-79.622245,44.335029],[-79.622189,44.334825],[-79.622096,44.33451],[-79.622013,44.334184],[-79.621813,44.333483],[-79.621577,44.332571],[-79.621485,44.332238],[-79.621419,44.331987],[-79.621382,44.331862],[-79.621357,44.331788],[-79.621295,44.331559],[-79.621262,44.331448],[-79.621238,44.331351],[-79.621144,44.330982],[-79.621028,44.330543],[-79.620971,44.330318],[-79.620916,44.330112],[-79.620871,44.329937],[-79.620831,44.329817],[-79.62076,44.329563],[-79.62074,44.329476],[-79.620812,44.329467],[-79.620812,44.329467],[-79.620812,44.329467],[-79.620812,44.329467],[-79.62074,44.329476],[-79.620683,44.329228],[-79.620555,44.328803],[-79.62049,44.328588],[-79.62044,44.328411],[-79.620402,44.328279],[-79.620335,44.32804],[-79.620195,44.327546],[-79.620154,44.3274],[-79.620104,44.327244],[-79.620054,44.327085],[-79.619898,44.326497],[-79.619866,44.326371],[-79.619827,44.326227],[-79.619768,44.326006],[-79.619686,44.325699],[-79.619672,44.325627],[-79.61962,44.325371],[-79.619546,44.325115],[-79.619495,44.324921],[-79.619579,44.32491],[-79.619579,44.32491],[-79.619579,44.32491],[-79.619579,44.32491],[-79.619495,44.324921],[-79.619464,44.324802],[-79.619434,44.324684],[-79.619403,44.324576],[-79.619371,44.324474],[-79.619334,44.324369],[-79.619223,44.323934],[-79.619064,44.323303],[-79.618935,44.322833],[-79.618678,44.321906],[-79.61863136565168,44.3217277408934]]}},{"type":"Feature","properties":{"shape_id":"GO:438092","route_id":"GO-BUS","route_short_name":"GO BUS","route_long_name":"Barrie / Newmarket","route_color":"#003767","route_text_color":"#FFFFFF","route_mode":"bus","agency_id":"go-transit","agency_name":"GO Transit","source_route_id":"06260926-68"},"geometry":{"type":"LineString","coordinates":[[-79.61863136565168,44.3217277408934],[-79.618678,44.321906],[-79.618935,44.322833],[-79.619064,44.323303],[-79.619223,44.323934],[-79.619284,44.324173],[-79.619155,44.324189],[-79.619155,44.324189],[-79.619155,44.324189],[-79.619155,44.324189],[-79.619284,44.324173],[-79.619334,44.324369],[-79.619371,44.324474],[-79.619403,44.324576],[-79.619434,44.324684],[-79.619464,44.324802],[-79.619546,44.325115],[-79.61962,44.325371],[-79.619672,44.325627],[-79.619686,44.325699],[-79.619768,44.326006],[-79.619827,44.326227],[-79.619866,44.326371],[-79.619898,44.326497],[-79.620054,44.327085],[-79.620104,44.327244],[-79.620154,44.3274],[-79.620195,44.327546],[-79.620331,44.328028],[-79.620206,44.328046],[-79.620206,44.328046],[-79.620206,44.328046],[-79.620206,44.328046],[-79.620331,44.328028],[-79.620335,44.32804],[-79.620402,44.328279],[-79.62044,44.328411],[-79.62049,44.328588],[-79.620555,44.328803],[-79.620683,44.329228],[-79.62076,44.329563],[-79.620831,44.329817],[-79.620871,44.329937],[-79.620899,44.330046],[-79.620723,44.330069],[-79.620723,44.330069],[-79.620723,44.330069],[-79.620723,44.330069],[-79.620899,44.330046],[-79.620916,44.330112],[-79.620971,44.330318],[-79.621028,44.330543],[-79.621144,44.330982],[-79.621238,44.331351],[-79.621262,44.331448],[-79.621295,44.331559],[-79.621357,44.331788],[-79.621382,44.331862],[-79.621419,44.331987],[-79.621485,44.332238],[-79.621577,44.332571],[-79.621813,44.333483],[-79.622013,44.334184],[-79.622096,44.33451],[-79.622189,44.334825],[-79.622245,44.335029],[-79.622294,44.335209],[-79.622346,44.335419],[-79.622387,44.335587],[-79.622477,44.335912],[-79.622512,44.336027],[-79.62265,44.336481],[-79.622681,44.336584],[-79.622779,44.336948],[-79.622863,44.337279],[-79.622926,44.337599],[-79.623076,44.338236],[-79.623171,44.338696],[-79.623248,44.339035],[-79.623367,44.339542],[-79.623506,44.340158],[-79.623594,44.340503],[-79.623822,44.341555],[-79.623904,44.341847],[-79.623968,44.342074],[-79.624062,44.342413],[-79.624142,44.342748],[-79.624302,44.343457],[-79.624357,44.343672],[-79.624409,44.343905],[-79.624484,44.34419],[-79.624613,44.34456],[-79.62469,44.344754],[-79.624764,44.344923],[-79.624861,44.345108],[-79.624915,44.345227],[-79.625116,44.345598],[-79.625245,44.345812],[-79.625377,44.346015],[-79.625478,44.346142],[-79.625616,44.346322],[-79.625738,44.346473],[-79.625864,44.346637],[-79.626,44.346803],[-79.626383,44.347245],[-79.626536,44.347417],[-79.62664,44.347542],[-79.626751,44.347685],[-79.626984,44.347999],[-79.627071,44.348099],[-79.627102,44.348135],[-79.627023,44.348169],[-79.627023,44.348169],[-79.627023,44.348169],[-79.627023,44.348169],[-79.627102,44.348135],[-79.627381,44.348472],[-79.627703,44.3488],[-79.627867,44.348951],[-79.627982,44.349055],[-79.628092,44.34915],[-79.628234,44.349269],[-79.628374,44.34938],[-79.628518,44.349496],[-79.628782,44.349696],[-79.629017,44.349861],[-79.629307,44.350043],[-79.629506,44.350169],[-79.629758,44.350309],[-79.629954,44.350415],[-79.630077,44.350477],[-79.629942,44.350653],[-79.629529,44.351229],[-79.629496,44.351278],[-79.629464,44.351292],[-79.629427,44.351286],[-79.629118,44.351196],[-79.628901,44.351119],[-79.628706,44.351049],[-79.628651,44.35103],[-79.628509,44.350979],[-79.628452,44.350959],[-79.628314,44.350909],[-79.628029,44.3513],[-79.628026,44.351334],[-79.628044,44.351365],[-79.62806,44.351382],[-79.627851,44.351489],[-79.627851,44.351489],[-79.627851,44.351489],[-79.627851,44.351489],[-79.62806,44.351382],[-79.628077,44.351398],[-79.628179,44.351467],[-79.628342,44.351577],[-79.628515,44.351694],[-79.628678,44.351805],[-79.628764,44.35186],[-79.628795,44.351868],[-79.628847,44.351872],[-79.62888,44.351861],[-79.628915,44.351823],[-79.629137,44.351526],[-79.62921,44.35141],[-79.629205,44.351377],[-79.629184,44.351355],[-79.629044,44.351296],[-79.629118,44.351196],[-79.629427,44.351286],[-79.629464,44.351292],[-79.629496,44.351278],[-79.629529,44.351229],[-79.629942,44.350653],[-79.630077,44.350477],[-79.630297,44.350578],[-79.630559,44.350702],[-79.630617,44.35073],[-79.630835,44.350827],[-79.631043,44.350914],[-79.631072,44.350925],[-79.631385,44.351046],[-79.632153,44.351323],[-79.632294,44.351374],[-79.632443,44.351427],[-79.632729,44.35153],[-79.632903,44.351593],[-79.632838,44.351687],[-79.632838,44.351687],[-79.632838,44.351687],[-79.632838,44.351687],[-79.632903,44.351593],[-79.6331,44.351663],[-79.633735,44.351891],[-79.635062,44.352372],[-79.635265,44.352445],[-79.635416,44.3525],[-79.635561,44.352552],[-79.635826,44.352648],[-79.635892,44.352672],[-79.635837,44.352749],[-79.635837,44.352749],[-79.635837,44.352749],[-79.635837,44.352749],[-79.635892,44.352672],[-79.635986,44.352706],[-79.636211,44.352788],[-79.637298,44.353175],[-79.637935,44.353401],[-79.638246,44.353511],[-79.638601,44.353638],[-79.639401,44.353922],[-79.640303,44.354242],[-79.64101,44.354493],[-79.641124,44.354533],[-79.641064,44.354621],[-79.641064,44.354621],[-79.641064,44.354621],[-79.641064,44.354621],[-79.641124,44.354533],[-79.641488,44.354663],[-79.64178,44.354763],[-79.641979,44.354832],[-79.642148,44.35489],[-79.64289,44.355141],[-79.643037,44.355194],[-79.643801,44.355467],[-79.644856,44.35585],[-79.646495,44.356443],[-79.646826,44.356562],[-79.646738,44.356687],[-79.646738,44.356687],[-79.646738,44.356687],[-79.646738,44.356687],[-79.646826,44.356562],[-79.646877,44.35658],[-79.647033,44.356636],[-79.64717,44.356686],[-79.647278,44.356723],[-79.647509,44.356811],[-79.648153,44.357053],[-79.64857,44.357223],[-79.648793,44.35732],[-79.64909,44.357439],[-79.649383,44.357572],[-79.649763,44.357745],[-79.6503,44.358003],[-79.650366,44.358034],[-79.650554,44.358126],[-79.65069,44.35819],[-79.651034,44.35836],[-79.651508,44.358591],[-79.651695,44.358686],[-79.652391,44.359029],[-79.65326,44.359458],[-79.653447,44.359555],[-79.653653,44.359662],[-79.653771,44.359719],[-79.65426,44.359997],[-79.654658,44.360227],[-79.654856,44.36035],[-79.654955,44.360409],[-79.655199,44.360562],[-79.65532,44.360643],[-79.655448,44.360734],[-79.655554,44.360812],[-79.655677,44.36091],[-79.656863,44.361852],[-79.657454,44.36234],[-79.65821,44.362932],[-79.659059,44.363625],[-79.660256,44.364576],[-79.661237,44.365376],[-79.66137,44.365487],[-79.661944,44.365944],[-79.662224,44.366168],[-79.662496,44.366378],[-79.662546,44.366417],[-79.662464,44.366469],[-79.662464,44.366469],[-79.662464,44.366469],[-79.662464,44.366469],[-79.662546,44.366417],[-79.66283,44.366646],[-79.662941,44.366711],[-79.663247,44.366922],[-79.66336,44.36699],[-79.663451,44.367045],[-79.66358,44.36713],[-79.663988,44.367383],[-79.665483,44.36831],[-79.666477,44.368924],[-79.666611,44.369007],[-79.667556,44.369602],[-79.667629,44.369644],[-79.667751,44.36971],[-79.667881,44.36977],[-79.667945,44.369794],[-79.667995,44.369811],[-79.66802,44.369817],[-79.668102,44.369837],[-79.668183,44.369859],[-79.668389,44.369921],[-79.668757,44.370017],[-79.669248,44.370119],[-79.6695,44.37017],[-79.669655,44.370203],[-79.669718,44.370216],[-79.669986,44.370287],[-79.670442,44.370388],[-79.670677,44.370433],[-79.67115,44.370517],[-79.671483,44.370564],[-79.671858,44.370599],[-79.672358,44.370633],[-79.672773,44.370653],[-79.672991,44.370661],[-79.673159,44.370668],[-79.673473,44.370705],[-79.673657,44.370735],[-79.673901,44.370786],[-79.674204,44.370856],[-79.674926,44.371055],[-79.675226,44.371134],[-79.675434,44.371188],[-79.676159,44.371378],[-79.676258,44.371401],[-79.676452,44.371445],[-79.676771,44.371508],[-79.677092,44.37156],[-79.677419,44.371601],[-79.677622,44.371617],[-79.677887,44.371635],[-79.67822,44.371651],[-79.67843,44.371651],[-79.6788,44.371643],[-79.6792,44.371618],[-79.679536,44.371585],[-79.680212,44.371531],[-79.680897,44.371475],[-79.682009,44.371372],[-79.682378,44.371345],[-79.683034,44.371288],[-79.683721,44.371231],[-79.684387,44.371175],[-79.684737,44.371146],[-79.685057,44.371116],[-79.68534,44.371091],[-79.685706,44.371063],[-79.685822,44.371059],[-79.685943,44.371067],[-79.686004,44.371072],[-79.686495,44.371131],[-79.686925,44.371178],[-79.687939,44.371297],[-79.688029,44.371305],[-79.689254,44.371444],[-79.690526,44.371588],[-79.690509,44.371667],[-79.690509,44.371667],[-79.690509,44.371667],[-79.690509,44.371667],[-79.690526,44.371588],[-79.690571,44.371593],[-79.69069,44.371605],[-79.69074,44.371617],[-79.690898,44.37166],[-79.690944,44.371676],[-79.691123,44.37174],[-79.691378,44.371842],[-79.691494,44.371888],[-79.691743,44.371983],[-79.692066,44.37212],[-79.69189,44.372362],[-79.691529,44.372873],[-79.69089,44.373693],[-79.690787,44.373837],[-79.690699,44.373964],[-79.690628,44.374075],[-79.69059,44.374123],[-79.690437,44.374363],[-79.690378,44.374471],[-79.690309,44.374663],[-79.690054,44.374719],[-79.689807,44.374787],[-79.689568,44.374852],[-79.689493,44.374868],[-79.689372,44.37484],[-79.689282,44.374845],[-79.68919,44.374863],[-79.68908,44.374877],[-79.688986,44.37488],[-79.688761,44.37489],[-79.688766,44.374782],[-79.688829,44.374558],[-79.688847,44.374441],[-79.688868,44.374306],[-79.689273,44.374353],[-79.68926,44.374408],[-79.68926,44.374408]]}},{"type":"Feature","properties":{"shape_id":"GO:438093","route_id":"GO-BUS","route_short_name":"GO BUS","route_long_name":"Barrie / Newmarket","route_color":"#003767","route_text_color":"#FFFFFF","route_mode":"bus","agency_id":"go-transit","agency_name":"GO Transit","source_route_id":"06260926-68"},"geometry":{"type":"LineString","coordinates":[[-79.68926,44.374408],[-79.68926,44.374408],[-79.689273,44.374353],[-79.689707,44.374403],[-79.689787,44.374372],[-79.68985,44.374176],[-79.68979,44.37411],[-79.688914,44.374017],[-79.688871,44.374283],[-79.688868,44.374306],[-79.688847,44.374441],[-79.688829,44.374558],[-79.688766,44.374782],[-79.688761,44.37489],[-79.688657,44.374888],[-79.688708,44.374989],[-79.688812,44.374995],[-79.688971,44.374999],[-79.689225,44.374973],[-79.689317,44.374961],[-79.68936,44.374953],[-79.689381,44.374943],[-79.689397,44.374932],[-79.689493,44.374868],[-79.689568,44.374852],[-79.689807,44.374787],[-79.690054,44.374719],[-79.690309,44.374663],[-79.690378,44.374471],[-79.690437,44.374363],[-79.69059,44.374123],[-79.690628,44.374075],[-79.690699,44.373964],[-79.690787,44.373837],[-79.69089,44.373693],[-79.691529,44.372873],[-79.69189,44.372362],[-79.692066,44.37212],[-79.691743,44.371983],[-79.691494,44.371888],[-79.691378,44.371842],[-79.691123,44.37174],[-79.690944,44.371676],[-79.690898,44.37166],[-79.69074,44.371617],[-79.69069,44.371605],[-79.690571,44.371593],[-79.690526,44.371588],[-79.690534,44.371548],[-79.690534,44.371548],[-79.690534,44.371548],[-79.690534,44.371548],[-79.690526,44.371588],[-79.689254,44.371444],[-79.688029,44.371305],[-79.687939,44.371297],[-79.686925,44.371178],[-79.686495,44.371131],[-79.686004,44.371072],[-79.685943,44.371067],[-79.685822,44.371059],[-79.685706,44.371063],[-79.68534,44.371091],[-79.685057,44.371116],[-79.684737,44.371146],[-79.684387,44.371175],[-79.684376,44.371175],[-79.684373,44.371153],[-79.684373,44.371153],[-79.684373,44.371153],[-79.684373,44.371153],[-79.684376,44.371175],[-79.683721,44.371231],[-79.683034,44.371288],[-79.682378,44.371345],[-79.682009,44.371372],[-79.680897,44.371475],[-79.680212,44.371531],[-79.679536,44.371585],[-79.6792,44.371618],[-79.6788,44.371643],[-79.67843,44.371651],[-79.67822,44.371651],[-79.677887,44.371635],[-79.677622,44.371617],[-79.677419,44.371601],[-79.677092,44.37156],[-79.676771,44.371508],[-79.676452,44.371445],[-79.676258,44.371401],[-79.676159,44.371378],[-79.675434,44.371188],[-79.675226,44.371134],[-79.674926,44.371055],[-79.674204,44.370856],[-79.673901,44.370786],[-79.673657,44.370735],[-79.673473,44.370705],[-79.673159,44.370668],[-79.672991,44.370661],[-79.672773,44.370653],[-79.672358,44.370633],[-79.671858,44.370599],[-79.671483,44.370564],[-79.67115,44.370517],[-79.670677,44.370433],[-79.670442,44.370388],[-79.669986,44.370287],[-79.669718,44.370216],[-79.669655,44.370203],[-79.6695,44.37017],[-79.669248,44.370119],[-79.668757,44.370017],[-79.668389,44.369921],[-79.668183,44.369859],[-79.668102,44.369837],[-79.66802,44.369817],[-79.667995,44.369811],[-79.667945,44.369794],[-79.667881,44.36977],[-79.667751,44.36971],[-79.667629,44.369644],[-79.667556,44.369602],[-79.666611,44.369007],[-79.666477,44.368924],[-79.665483,44.36831],[-79.663988,44.367383],[-79.66358,44.36713],[-79.663451,44.367045],[-79.66336,44.36699],[-79.663247,44.366922],[-79.662941,44.366711],[-79.66283,44.366646],[-79.662508,44.366386],[-79.662611,44.36632],[-79.662611,44.36632],[-79.662611,44.36632],[-79.662611,44.36632],[-79.662508,44.366386],[-79.662496,44.366378],[-79.662224,44.366168],[-79.661944,44.365944],[-79.66137,44.365487],[-79.661237,44.365376],[-79.660256,44.364576],[-79.659059,44.363625],[-79.65821,44.362932],[-79.657454,44.36234],[-79.656863,44.361852],[-79.655677,44.36091],[-79.655554,44.360812],[-79.655448,44.360734],[-79.65532,44.360643],[-79.655199,44.360562],[-79.654955,44.360409],[-79.654856,44.36035],[-79.654658,44.360227],[-79.65426,44.359997],[-79.653771,44.359719],[-79.653653,44.359662],[-79.653447,44.359555],[-79.65326,44.359458],[-79.652391,44.359029],[-79.651695,44.358686],[-79.651508,44.358591],[-79.651034,44.35836],[-79.65069,44.35819],[-79.650554,44.358126],[-79.650366,44.358034],[-79.6503,44.358003],[-79.649763,44.357745],[-79.649383,44.357572],[-79.64909,44.357439],[-79.648793,44.35732],[-79.64857,44.357223],[-79.648153,44.357053],[-79.647509,44.356811],[-79.647278,44.356723],[-79.64717,44.356686],[-79.647033,44.356636],[-79.646963,44.356611],[-79.64702,44.356528],[-79.64702,44.356528],[-79.64702,44.356528],[-79.64702,44.356528],[-79.646963,44.356611],[-79.646877,44.35658],[-79.646495,44.356443],[-79.644856,44.35585],[-79.643801,44.355467],[-79.643037,44.355194],[-79.64289,44.355141],[-79.642148,44.35489],[-79.641979,44.354832],[-79.641816,44.354775],[-79.641865,44.354702],[-79.641865,44.354702],[-79.641865,44.354702],[-79.641865,44.354702],[-79.641816,44.354775],[-79.64178,44.354763],[-79.641488,44.354663],[-79.64101,44.354493],[-79.640303,44.354242],[-79.639401,44.353922],[-79.638601,44.353638],[-79.638246,44.353511],[-79.637935,44.353401],[-79.637298,44.353175],[-79.636521,44.352898],[-79.636576,44.352821],[-79.636576,44.352821],[-79.636576,44.352821],[-79.636576,44.352821],[-79.636521,44.352898],[-79.636211,44.352788],[-79.635986,44.352706],[-79.635826,44.352648],[-79.635561,44.352552],[-79.635416,44.3525],[-79.635265,44.352445],[-79.635062,44.352372],[-79.633735,44.351891],[-79.633464,44.351794],[-79.633515,44.351722],[-79.633515,44.351722],[-79.633515,44.351722],[-79.633515,44.351722],[-79.633464,44.351794],[-79.6331,44.351663],[-79.632729,44.35153],[-79.632443,44.351427],[-79.632294,44.351374],[-79.632153,44.351323],[-79.631385,44.351046],[-79.631072,44.350925],[-79.631043,44.350914],[-79.630835,44.350827],[-79.630617,44.35073],[-79.630559,44.350702],[-79.630297,44.350578],[-79.630077,44.350477],[-79.629942,44.350653],[-79.629529,44.351229],[-79.629496,44.351278],[-79.629464,44.351292],[-79.629427,44.351286],[-79.629118,44.351196],[-79.628901,44.351119],[-79.628706,44.351049],[-79.628651,44.35103],[-79.628509,44.350979],[-79.628452,44.350959],[-79.628314,44.350909],[-79.628029,44.3513],[-79.628026,44.351334],[-79.628044,44.351365],[-79.62806,44.351382],[-79.627851,44.351489],[-79.627851,44.351489],[-79.627851,44.351489],[-79.627851,44.351489],[-79.62806,44.351382],[-79.628077,44.351398],[-79.628179,44.351467],[-79.628342,44.351577],[-79.628515,44.351694],[-79.628678,44.351805],[-79.628764,44.35186],[-79.628795,44.351868],[-79.628847,44.351872],[-79.62888,44.351861],[-79.628915,44.351823],[-79.629137,44.351526],[-79.62921,44.35141],[-79.629205,44.351377],[-79.629184,44.351355],[-79.629044,44.351296],[-79.629118,44.351196],[-79.629427,44.351286],[-79.629464,44.351292],[-79.629496,44.351278],[-79.629529,44.351229],[-79.629942,44.350653],[-79.630077,44.350477],[-79.629954,44.350415],[-79.629758,44.350309],[-79.629506,44.350169],[-79.629307,44.350043],[-79.629017,44.349861],[-79.628782,44.349696],[-79.628518,44.349496],[-79.628374,44.34938],[-79.628234,44.349269],[-79.628092,44.34915],[-79.627982,44.349055],[-79.627867,44.348951],[-79.627703,44.3488],[-79.627588,44.348682],[-79.627715,44.348618],[-79.627715,44.348618],[-79.627715,44.348618],[-79.627715,44.348618],[-79.627588,44.348682],[-79.627381,44.348472],[-79.627071,44.348099],[-79.626984,44.347999],[-79.626751,44.347685],[-79.62664,44.347542],[-79.626536,44.347417],[-79.626383,44.347245],[-79.626,44.346803],[-79.625864,44.346637],[-79.625738,44.346473],[-79.625616,44.346322],[-79.625478,44.346142],[-79.625377,44.346015],[-79.625245,44.345812],[-79.625116,44.345598],[-79.624915,44.345227],[-79.624861,44.345108],[-79.624764,44.344923],[-79.62469,44.344754],[-79.624613,44.34456],[-79.624484,44.34419],[-79.624409,44.343905],[-79.624357,44.343672],[-79.624302,44.343457],[-79.624142,44.342748],[-79.624062,44.342413],[-79.623968,44.342074],[-79.623904,44.341847],[-79.623822,44.341555],[-79.623594,44.340503],[-79.623506,44.340158],[-79.623367,44.339542],[-79.623248,44.339035],[-79.623171,44.338696],[-79.623076,44.338236],[-79.622926,44.337599],[-79.622863,44.337279],[-79.622779,44.336948],[-79.622681,44.336584],[-79.62265,44.336481],[-79.622512,44.336027],[-79.622477,44.335912],[-79.622387,44.335587],[-79.622346,44.335419],[-79.622294,44.335209],[-79.622245,44.335029],[-79.622189,44.334825],[-79.622096,44.33451],[-79.622013,44.334184],[-79.621813,44.333483],[-79.621577,44.332571],[-79.621485,44.332238],[-79.621419,44.331987],[-79.621382,44.331862],[-79.621357,44.331788],[-79.621295,44.331559],[-79.621262,44.331448],[-79.621238,44.331351],[-79.621144,44.330982],[-79.621028,44.330543],[-79.620971,44.330318],[-79.620916,44.330112],[-79.620871,44.329937],[-79.620831,44.329817],[-79.62076,44.329563],[-79.62074,44.329476],[-79.620812,44.329467],[-79.620812,44.329467],[-79.620812,44.329467],[-79.620812,44.329467],[-79.62074,44.329476],[-79.620683,44.329228],[-79.620555,44.328803],[-79.62049,44.328588],[-79.62044,44.328411],[-79.620402,44.328279],[-79.620335,44.32804],[-79.620195,44.327546],[-79.620154,44.3274],[-79.620104,44.327244],[-79.620054,44.327085],[-79.619898,44.326497],[-79.619866,44.326371],[-79.619827,44.326227],[-79.619768,44.326006],[-79.619686,44.325699],[-79.619672,44.325627],[-79.61962,44.325371],[-79.619546,44.325115],[-79.619495,44.324921],[-79.619579,44.32491],[-79.619579,44.32491],[-79.619579,44.32491],[-79.619579,44.32491],[-79.619495,44.324921],[-79.619464,44.324802],[-79.619434,44.324684],[-79.619403,44.324576],[-79.619371,44.324474],[-79.619334,44.324369],[-79.619223,44.323934],[-79.619064,44.323303],[-79.618935,44.322833],[-79.618678,44.321906],[-79.61863136565168,44.3217277408934]]}},{"type":"Feature","properties":{"shape_id":"GO:438094","route_id":"GO-BUS","route_short_name":"GO BUS","route_long_name":"Barrie / Newmarket","route_color":"#003767","route_text_color":"#FFFFFF","route_mode":"bus","agency_id":"go-transit","agency_name":"GO Transit","source_route_id":"06260926-68"},"geometry":{"type":"LineString","coordinates":[[-79.68926,44.374408],[-79.68926,44.374408],[-79.689273,44.374353],[-79.689707,44.374403],[-79.689787,44.374372],[-79.68985,44.374176],[-79.68979,44.37411],[-79.688914,44.374017],[-79.688871,44.374283],[-79.688868,44.374306],[-79.688847,44.374441],[-79.688829,44.374558],[-79.688766,44.374782],[-79.688761,44.37489],[-79.688657,44.374888],[-79.688708,44.374989],[-79.688812,44.374995],[-79.688971,44.374999],[-79.689225,44.374973],[-79.689317,44.374961],[-79.68936,44.374953],[-79.689381,44.374943],[-79.689397,44.374932],[-79.689493,44.374868],[-79.689568,44.374852],[-79.689807,44.374787],[-79.690054,44.374719],[-79.690309,44.374663],[-79.690378,44.374471],[-79.690437,44.374363],[-79.69059,44.374123],[-79.690628,44.374075],[-79.690699,44.373964],[-79.690787,44.373837],[-79.69089,44.373693],[-79.691529,44.372873],[-79.69189,44.372362],[-79.692066,44.37212],[-79.691743,44.371983],[-79.691494,44.371888],[-79.691378,44.371842],[-79.691123,44.37174],[-79.690944,44.371676],[-79.690898,44.37166],[-79.69074,44.371617],[-79.69069,44.371605],[-79.690571,44.371593],[-79.690526,44.371588],[-79.690534,44.371548],[-79.690534,44.371548],[-79.690534,44.371548],[-79.690534,44.371548],[-79.690526,44.371588],[-79.689254,44.371444],[-79.688029,44.371305],[-79.687939,44.371297],[-79.686925,44.371178],[-79.686495,44.371131],[-79.686004,44.371072],[-79.685943,44.371067],[-79.685822,44.371059],[-79.685706,44.371063],[-79.68534,44.371091],[-79.685057,44.371116],[-79.684737,44.371146],[-79.684387,44.371175],[-79.684376,44.371175],[-79.684373,44.371153],[-79.684373,44.371153],[-79.684373,44.371153],[-79.684373,44.371153],[-79.684376,44.371175],[-79.683721,44.371231],[-79.683034,44.371288],[-79.682378,44.371345],[-79.682009,44.371372],[-79.680897,44.371475],[-79.680212,44.371531],[-79.679536,44.371585],[-79.6792,44.371618],[-79.6788,44.371643],[-79.67843,44.371651],[-79.67822,44.371651],[-79.677887,44.371635],[-79.677622,44.371617],[-79.677419,44.371601],[-79.677092,44.37156],[-79.676771,44.371508],[-79.676452,44.371445],[-79.676258,44.371401],[-79.676159,44.371378],[-79.675434,44.371188],[-79.675226,44.371134],[-79.674926,44.371055],[-79.674204,44.370856],[-79.673901,44.370786],[-79.673657,44.370735],[-79.673473,44.370705],[-79.673159,44.370668],[-79.672991,44.370661],[-79.672773,44.370653],[-79.672358,44.370633],[-79.671858,44.370599],[-79.671483,44.370564],[-79.67115,44.370517],[-79.670677,44.370433],[-79.670442,44.370388],[-79.669986,44.370287],[-79.669718,44.370216],[-79.669655,44.370203],[-79.6695,44.37017],[-79.669248,44.370119],[-79.668757,44.370017],[-79.668389,44.369921],[-79.668183,44.369859],[-79.668102,44.369837],[-79.66802,44.369817],[-79.667995,44.369811],[-79.667945,44.369794],[-79.667881,44.36977],[-79.667751,44.36971],[-79.667629,44.369644],[-79.667556,44.369602],[-79.666611,44.369007],[-79.666477,44.368924],[-79.665483,44.36831],[-79.663988,44.367383],[-79.66358,44.36713],[-79.663451,44.367045],[-79.66336,44.36699],[-79.663247,44.366922],[-79.662941,44.366711],[-79.66283,44.366646],[-79.662508,44.366386],[-79.662611,44.36632],[-79.662611,44.36632],[-79.662611,44.36632],[-79.662611,44.36632],[-79.662508,44.366386],[-79.662496,44.366378],[-79.662224,44.366168],[-79.661944,44.365944],[-79.66137,44.365487],[-79.661237,44.365376],[-79.660256,44.364576],[-79.659059,44.363625],[-79.65821,44.362932],[-79.657454,44.36234],[-79.656863,44.361852],[-79.655677,44.36091],[-79.655554,44.360812],[-79.655448,44.360734],[-79.65532,44.360643],[-79.655199,44.360562],[-79.654955,44.360409],[-79.654856,44.36035],[-79.654658,44.360227],[-79.65426,44.359997],[-79.653771,44.359719],[-79.653653,44.359662],[-79.653447,44.359555],[-79.65326,44.359458],[-79.652391,44.359029],[-79.651695,44.358686],[-79.651508,44.358591],[-79.651034,44.35836],[-79.65069,44.35819],[-79.650554,44.358126],[-79.650366,44.358034],[-79.6503,44.358003],[-79.649763,44.357745],[-79.649383,44.357572],[-79.64909,44.357439],[-79.648793,44.35732],[-79.64857,44.357223],[-79.648153,44.357053],[-79.647509,44.356811],[-79.647278,44.356723],[-79.64717,44.356686],[-79.647033,44.356636],[-79.646963,44.356611],[-79.64702,44.356528],[-79.64702,44.356528],[-79.64702,44.356528],[-79.64702,44.356528],[-79.646963,44.356611],[-79.646877,44.35658],[-79.646495,44.356443],[-79.644856,44.35585],[-79.643801,44.355467],[-79.643037,44.355194],[-79.64289,44.355141],[-79.642148,44.35489],[-79.641979,44.354832],[-79.641816,44.354775],[-79.641865,44.354702],[-79.641865,44.354702],[-79.641865,44.354702],[-79.641865,44.354702],[-79.641816,44.354775],[-79.64178,44.354763],[-79.641488,44.354663],[-79.64101,44.354493],[-79.640303,44.354242],[-79.639401,44.353922],[-79.638601,44.353638],[-79.638246,44.353511],[-79.637935,44.353401],[-79.637298,44.353175],[-79.636521,44.352898],[-79.636576,44.352821],[-79.636576,44.352821],[-79.636576,44.352821],[-79.636576,44.352821],[-79.636521,44.352898],[-79.636211,44.352788],[-79.635986,44.352706],[-79.635826,44.352648],[-79.635561,44.352552],[-79.635416,44.3525],[-79.635265,44.352445],[-79.635062,44.352372],[-79.633735,44.351891],[-79.633464,44.351794],[-79.633515,44.351722],[-79.633515,44.351722],[-79.633515,44.351722],[-79.633515,44.351722],[-79.633464,44.351794],[-79.6331,44.351663],[-79.632729,44.35153],[-79.632443,44.351427],[-79.632294,44.351374],[-79.632153,44.351323],[-79.631385,44.351046],[-79.631072,44.350925],[-79.631043,44.350914],[-79.630835,44.350827],[-79.630617,44.35073],[-79.630559,44.350702],[-79.630297,44.350578],[-79.630077,44.350477],[-79.629942,44.350653],[-79.629529,44.351229],[-79.629496,44.351278],[-79.629464,44.351292],[-79.629427,44.351286],[-79.629118,44.351196],[-79.628901,44.351119],[-79.628706,44.351049],[-79.628651,44.35103],[-79.628509,44.350979],[-79.628452,44.350959],[-79.628314,44.350909],[-79.628029,44.3513],[-79.628026,44.351334],[-79.628044,44.351365],[-79.62806,44.351382],[-79.627851,44.351489],[-79.627851,44.351489],[-79.627851,44.351489],[-79.627851,44.351489],[-79.62806,44.351382],[-79.628077,44.351398],[-79.628179,44.351467],[-79.628342,44.351577],[-79.628515,44.351694],[-79.628678,44.351805],[-79.628764,44.35186],[-79.628795,44.351868],[-79.628847,44.351872],[-79.62888,44.351861],[-79.628915,44.351823],[-79.629137,44.351526],[-79.62921,44.35141],[-79.629205,44.351377],[-79.629184,44.351355],[-79.629044,44.351296],[-79.629118,44.351196],[-79.629427,44.351286],[-79.629464,44.351292],[-79.629496,44.351278],[-79.629529,44.351229],[-79.629942,44.350653],[-79.630077,44.350477],[-79.629954,44.350415],[-79.629758,44.350309],[-79.629506,44.350169],[-79.629307,44.350043],[-79.629017,44.349861],[-79.628782,44.349696],[-79.628518,44.349496],[-79.628374,44.34938],[-79.628234,44.349269],[-79.628092,44.34915],[-79.627982,44.349055],[-79.627867,44.348951],[-79.627703,44.3488],[-79.627588,44.348682],[-79.627715,44.348618],[-79.627715,44.348618],[-79.627715,44.348618],[-79.627715,44.348618],[-79.627588,44.348682],[-79.627381,44.348472],[-79.627071,44.348099],[-79.626984,44.347999],[-79.626751,44.347685],[-79.62664,44.347542],[-79.626536,44.347417],[-79.626383,44.347245],[-79.626,44.346803],[-79.625864,44.346637],[-79.625738,44.346473],[-79.625616,44.346322],[-79.625478,44.346142],[-79.625377,44.346015],[-79.625245,44.345812],[-79.625116,44.345598],[-79.624915,44.345227],[-79.624861,44.345108],[-79.624764,44.344923],[-79.62469,44.344754],[-79.624613,44.34456],[-79.624484,44.34419],[-79.624409,44.343905],[-79.624357,44.343672],[-79.624302,44.343457],[-79.624142,44.342748],[-79.624062,44.342413],[-79.623968,44.342074],[-79.623904,44.341847],[-79.623822,44.341555],[-79.623594,44.340503],[-79.623506,44.340158],[-79.623367,44.339542],[-79.623248,44.339035],[-79.623171,44.338696],[-79.623076,44.338236],[-79.622926,44.337599],[-79.622863,44.337279],[-79.622779,44.336948],[-79.622681,44.336584],[-79.62265,44.336481],[-79.622512,44.336027],[-79.622477,44.335912],[-79.622387,44.335587],[-79.622346,44.335419],[-79.622294,44.335209],[-79.622245,44.335029],[-79.622189,44.334825],[-79.622096,44.33451],[-79.622013,44.334184],[-79.621813,44.333483],[-79.621577,44.332571],[-79.621485,44.332238],[-79.621419,44.331987],[-79.621382,44.331862],[-79.621357,44.331788],[-79.621295,44.331559],[-79.621262,44.331448],[-79.621238,44.331351],[-79.621144,44.330982],[-79.621028,44.330543],[-79.620971,44.330318],[-79.620916,44.330112],[-79.620871,44.329937],[-79.620831,44.329817],[-79.62076,44.329563],[-79.62074,44.329476],[-79.620812,44.329467],[-79.620812,44.329467],[-79.620812,44.329467],[-79.620812,44.329467],[-79.62074,44.329476],[-79.620683,44.329228],[-79.620555,44.328803],[-79.62049,44.328588],[-79.62044,44.328411],[-79.620402,44.328279],[-79.620335,44.32804],[-79.620195,44.327546],[-79.620154,44.3274],[-79.620104,44.327244],[-79.620054,44.327085],[-79.619898,44.326497],[-79.619866,44.326371],[-79.619827,44.326227],[-79.619768,44.326006],[-79.619686,44.325699],[-79.619672,44.325627],[-79.61962,44.325371],[-79.619546,44.325115],[-79.619495,44.324921],[-79.619579,44.32491],[-79.619579,44.32491],[-79.619579,44.32491],[-79.619579,44.32491],[-79.619495,44.324921],[-79.619464,44.324802],[-79.619434,44.324684],[-79.619403,44.324576],[-79.619371,44.324474],[-79.619334,44.324369],[-79.619223,44.323934],[-79.619064,44.323303],[-79.618935,44.322833],[-79.618678,44.321906],[-79.61863136565168,44.3217277408934]]}},{"type":"Feature","properties":{"shape_id":"GO:438099","route_id":"GO-BUS","route_short_name":"GO BUS","route_long_name":"Barrie / Newmarket","route_color":"#003767","route_text_color":"#FFFFFF","route_mode":"bus","agency_id":"go-transit","agency_name":"GO Transit","source_route_id":"06260926-68"},"geometry":{"type":"LineString","coordinates":[[-79.61863136565168,44.3217277408934],[-79.618678,44.321906],[-79.618935,44.322833],[-79.619064,44.323303],[-79.619223,44.323934],[-79.619284,44.324173],[-79.619155,44.324189],[-79.619155,44.324189],[-79.619155,44.324189],[-79.619155,44.324189],[-79.619284,44.324173],[-79.619334,44.324369],[-79.619371,44.324474],[-79.619403,44.324576],[-79.619434,44.324684],[-79.619464,44.324802],[-79.619546,44.325115],[-79.61962,44.325371],[-79.619672,44.325627],[-79.619686,44.325699],[-79.619768,44.326006],[-79.619827,44.326227],[-79.619866,44.326371],[-79.619898,44.326497],[-79.620054,44.327085],[-79.620104,44.327244],[-79.620154,44.3274],[-79.620195,44.327546],[-79.620331,44.328028],[-79.620206,44.328046],[-79.620206,44.328046],[-79.620206,44.328046],[-79.620206,44.328046],[-79.620331,44.328028],[-79.620335,44.32804],[-79.620402,44.328279],[-79.62044,44.328411],[-79.62049,44.328588],[-79.620555,44.328803],[-79.620683,44.329228],[-79.62076,44.329563],[-79.620831,44.329817],[-79.620871,44.329937],[-79.620899,44.330046],[-79.620723,44.330069],[-79.620723,44.330069],[-79.620723,44.330069],[-79.620723,44.330069],[-79.620899,44.330046],[-79.620916,44.330112],[-79.620971,44.330318],[-79.621028,44.330543],[-79.621144,44.330982],[-79.621238,44.331351],[-79.621262,44.331448],[-79.621295,44.331559],[-79.621357,44.331788],[-79.621382,44.331862],[-79.621419,44.331987],[-79.621485,44.332238],[-79.621577,44.332571],[-79.621813,44.333483],[-79.622013,44.334184],[-79.622096,44.33451],[-79.622189,44.334825],[-79.622245,44.335029],[-79.622294,44.335209],[-79.622346,44.335419],[-79.622387,44.335587],[-79.622477,44.335912],[-79.622512,44.336027],[-79.62265,44.336481],[-79.622681,44.336584],[-79.622779,44.336948],[-79.622863,44.337279],[-79.622926,44.337599],[-79.623076,44.338236],[-79.623171,44.338696],[-79.623248,44.339035],[-79.623367,44.339542],[-79.623506,44.340158],[-79.623594,44.340503],[-79.623822,44.341555],[-79.623904,44.341847],[-79.623968,44.342074],[-79.624062,44.342413],[-79.624142,44.342748],[-79.624302,44.343457],[-79.624357,44.343672],[-79.624409,44.343905],[-79.624484,44.34419],[-79.624613,44.34456],[-79.62469,44.344754],[-79.624764,44.344923],[-79.624861,44.345108],[-79.624915,44.345227],[-79.625116,44.345598],[-79.625245,44.345812],[-79.625377,44.346015],[-79.625478,44.346142],[-79.625616,44.346322],[-79.625738,44.346473],[-79.625864,44.346637],[-79.626,44.346803],[-79.626383,44.347245],[-79.626536,44.347417],[-79.62664,44.347542],[-79.626751,44.347685],[-79.626984,44.347999],[-79.627071,44.348099],[-79.627102,44.348135],[-79.627023,44.348169],[-79.627023,44.348169],[-79.627023,44.348169],[-79.627023,44.348169],[-79.627102,44.348135],[-79.627381,44.348472],[-79.627703,44.3488],[-79.627867,44.348951],[-79.627982,44.349055],[-79.628092,44.34915],[-79.628234,44.349269],[-79.628374,44.34938],[-79.628518,44.349496],[-79.628782,44.349696],[-79.629017,44.349861],[-79.629307,44.350043],[-79.629506,44.350169],[-79.629758,44.350309],[-79.629954,44.350415],[-79.630077,44.350477],[-79.629942,44.350653],[-79.629529,44.351229],[-79.629496,44.351278],[-79.629464,44.351292],[-79.629427,44.351286],[-79.629118,44.351196],[-79.628901,44.351119],[-79.628706,44.351049],[-79.628651,44.35103],[-79.628509,44.350979],[-79.628452,44.350959],[-79.628314,44.350909],[-79.628029,44.3513],[-79.628026,44.351334],[-79.628044,44.351365],[-79.62806,44.351382],[-79.627851,44.351489],[-79.627851,44.351489],[-79.627851,44.351489],[-79.627851,44.351489],[-79.62806,44.351382],[-79.628077,44.351398],[-79.628179,44.351467],[-79.628342,44.351577],[-79.628515,44.351694],[-79.628678,44.351805],[-79.628764,44.35186],[-79.628795,44.351868],[-79.628847,44.351872],[-79.62888,44.351861],[-79.628915,44.351823],[-79.629137,44.351526],[-79.62921,44.35141],[-79.629205,44.351377],[-79.629184,44.351355],[-79.629044,44.351296],[-79.629118,44.351196],[-79.629427,44.351286],[-79.629464,44.351292],[-79.629496,44.351278],[-79.629529,44.351229],[-79.629942,44.350653],[-79.630077,44.350477],[-79.630297,44.350578],[-79.630559,44.350702],[-79.630617,44.35073],[-79.630835,44.350827],[-79.631043,44.350914],[-79.631072,44.350925],[-79.631385,44.351046],[-79.632153,44.351323],[-79.632294,44.351374],[-79.632443,44.351427],[-79.632729,44.35153],[-79.632903,44.351593],[-79.632838,44.351687],[-79.632838,44.351687],[-79.632838,44.351687],[-79.632838,44.351687],[-79.632903,44.351593],[-79.6331,44.351663],[-79.633735,44.351891],[-79.635062,44.352372],[-79.635265,44.352445],[-79.635416,44.3525],[-79.635561,44.352552],[-79.635826,44.352648],[-79.635892,44.352672],[-79.635837,44.352749],[-79.635837,44.352749],[-79.635837,44.352749],[-79.635837,44.352749],[-79.635892,44.352672],[-79.635986,44.352706],[-79.636211,44.352788],[-79.637298,44.353175],[-79.637935,44.353401],[-79.638246,44.353511],[-79.638601,44.353638],[-79.639401,44.353922],[-79.640303,44.354242],[-79.64101,44.354493],[-79.641124,44.354533],[-79.641064,44.354621],[-79.641064,44.354621],[-79.641064,44.354621],[-79.641064,44.354621],[-79.641124,44.354533],[-79.641488,44.354663],[-79.64178,44.354763],[-79.641979,44.354832],[-79.642148,44.35489],[-79.64289,44.355141],[-79.643037,44.355194],[-79.643801,44.355467],[-79.644856,44.35585],[-79.646495,44.356443],[-79.646826,44.356562],[-79.646738,44.356687],[-79.646738,44.356687],[-79.646738,44.356687],[-79.646738,44.356687],[-79.646826,44.356562],[-79.646877,44.35658],[-79.647033,44.356636],[-79.64717,44.356686],[-79.647278,44.356723],[-79.647509,44.356811],[-79.648153,44.357053],[-79.64857,44.357223],[-79.648793,44.35732],[-79.64909,44.357439],[-79.649383,44.357572],[-79.649763,44.357745],[-79.6503,44.358003],[-79.650366,44.358034],[-79.650554,44.358126],[-79.65069,44.35819],[-79.651034,44.35836],[-79.651508,44.358591],[-79.651695,44.358686],[-79.652391,44.359029],[-79.65326,44.359458],[-79.653447,44.359555],[-79.653653,44.359662],[-79.653771,44.359719],[-79.65426,44.359997],[-79.654658,44.360227],[-79.654856,44.36035],[-79.654955,44.360409],[-79.655199,44.360562],[-79.65532,44.360643],[-79.655448,44.360734],[-79.655554,44.360812],[-79.655677,44.36091],[-79.656863,44.361852],[-79.657454,44.36234],[-79.65821,44.362932],[-79.659059,44.363625],[-79.660256,44.364576],[-79.661237,44.365376],[-79.66137,44.365487],[-79.661944,44.365944],[-79.662224,44.366168],[-79.662496,44.366378],[-79.662546,44.366417],[-79.662464,44.366469],[-79.662464,44.366469],[-79.662464,44.366469],[-79.662464,44.366469],[-79.662546,44.366417],[-79.66283,44.366646],[-79.662941,44.366711],[-79.663247,44.366922],[-79.66336,44.36699],[-79.663451,44.367045],[-79.66358,44.36713],[-79.663988,44.367383],[-79.665483,44.36831],[-79.666477,44.368924],[-79.666611,44.369007],[-79.667556,44.369602],[-79.667629,44.369644],[-79.667751,44.36971],[-79.667881,44.36977],[-79.667945,44.369794],[-79.667995,44.369811],[-79.66802,44.369817],[-79.668102,44.369837],[-79.668183,44.369859],[-79.668389,44.369921],[-79.668757,44.370017],[-79.669248,44.370119],[-79.6695,44.37017],[-79.669655,44.370203],[-79.669718,44.370216],[-79.669986,44.370287],[-79.670442,44.370388],[-79.670677,44.370433],[-79.67115,44.370517],[-79.671483,44.370564],[-79.671858,44.370599],[-79.672358,44.370633],[-79.672773,44.370653],[-79.672991,44.370661],[-79.673159,44.370668],[-79.673473,44.370705],[-79.673657,44.370735],[-79.673901,44.370786],[-79.674204,44.370856],[-79.674926,44.371055],[-79.675226,44.371134],[-79.675434,44.371188],[-79.676159,44.371378],[-79.676258,44.371401],[-79.676452,44.371445],[-79.676771,44.371508],[-79.677092,44.37156],[-79.677419,44.371601],[-79.677622,44.371617],[-79.677887,44.371635],[-79.67822,44.371651],[-79.67843,44.371651],[-79.6788,44.371643],[-79.6792,44.371618],[-79.679536,44.371585],[-79.680212,44.371531],[-79.680897,44.371475],[-79.682009,44.371372],[-79.682378,44.371345],[-79.683034,44.371288],[-79.683721,44.371231],[-79.684387,44.371175],[-79.684737,44.371146],[-79.685057,44.371116],[-79.68534,44.371091],[-79.685706,44.371063],[-79.685822,44.371059],[-79.685943,44.371067],[-79.686004,44.371072],[-79.686495,44.371131],[-79.686925,44.371178],[-79.687939,44.371297],[-79.688029,44.371305],[-79.689254,44.371444],[-79.690526,44.371588],[-79.690509,44.371667],[-79.690509,44.371667],[-79.690509,44.371667],[-79.690509,44.371667],[-79.690526,44.371588],[-79.690571,44.371593],[-79.69069,44.371605],[-79.69074,44.371617],[-79.690898,44.37166],[-79.690944,44.371676],[-79.691123,44.37174],[-79.691378,44.371842],[-79.691494,44.371888],[-79.691743,44.371983],[-79.692066,44.37212],[-79.69189,44.372362],[-79.691529,44.372873],[-79.69089,44.373693],[-79.690787,44.373837],[-79.690699,44.373964],[-79.690628,44.374075],[-79.69059,44.374123],[-79.690437,44.374363],[-79.690378,44.374471],[-79.690309,44.374663],[-79.690054,44.374719],[-79.689807,44.374787],[-79.689568,44.374852],[-79.689493,44.374868],[-79.689372,44.37484],[-79.689282,44.374845],[-79.68919,44.374863],[-79.68908,44.374877],[-79.688986,44.37488],[-79.688761,44.37489],[-79.688766,44.374782],[-79.688829,44.374558],[-79.688847,44.374441],[-79.688868,44.374306],[-79.689273,44.374353],[-79.68926,44.374408],[-79.68926,44.374408]]}},{"type":"Feature","properties":{"shape_id":"GO:438100","route_id":"GO-BUS","route_short_name":"GO BUS","route_long_name":"Barrie / Newmarket","route_color":"#003767","route_text_color":"#FFFFFF","route_mode":"bus","agency_id":"go-transit","agency_name":"GO Transit","source_route_id":"06260926-68"},"geometry":{"type":"LineString","coordinates":[[-79.61863136565168,44.3217277408934],[-79.618678,44.321906],[-79.618935,44.322833],[-79.619064,44.323303],[-79.619223,44.323934],[-79.619284,44.324173],[-79.619155,44.324189],[-79.619155,44.324189],[-79.619155,44.324189],[-79.619155,44.324189],[-79.619284,44.324173],[-79.619334,44.324369],[-79.619371,44.324474],[-79.619403,44.324576],[-79.619434,44.324684],[-79.619464,44.324802],[-79.619546,44.325115],[-79.61962,44.325371],[-79.619672,44.325627],[-79.619686,44.325699],[-79.619768,44.326006],[-79.619827,44.326227],[-79.619866,44.326371],[-79.619898,44.326497],[-79.620054,44.327085],[-79.620104,44.327244],[-79.620154,44.3274],[-79.620195,44.327546],[-79.620331,44.328028],[-79.620206,44.328046],[-79.620206,44.328046],[-79.620206,44.328046],[-79.620206,44.328046],[-79.620331,44.328028],[-79.620335,44.32804],[-79.620402,44.328279],[-79.62044,44.328411],[-79.62049,44.328588],[-79.620555,44.328803],[-79.620683,44.329228],[-79.62076,44.329563],[-79.620831,44.329817],[-79.620871,44.329937],[-79.620899,44.330046],[-79.620723,44.330069],[-79.620723,44.330069],[-79.620723,44.330069],[-79.620723,44.330069],[-79.620899,44.330046],[-79.620916,44.330112],[-79.620971,44.330318],[-79.621028,44.330543],[-79.621144,44.330982],[-79.621238,44.331351],[-79.621262,44.331448],[-79.621295,44.331559],[-79.621357,44.331788],[-79.621382,44.331862],[-79.621419,44.331987],[-79.621485,44.332238],[-79.621577,44.332571],[-79.621813,44.333483],[-79.622013,44.334184],[-79.622096,44.33451],[-79.622189,44.334825],[-79.622245,44.335029],[-79.622294,44.335209],[-79.622346,44.335419],[-79.622387,44.335587],[-79.622477,44.335912],[-79.622512,44.336027],[-79.62265,44.336481],[-79.622681,44.336584],[-79.622779,44.336948],[-79.622863,44.337279],[-79.622926,44.337599],[-79.623076,44.338236],[-79.623171,44.338696],[-79.623248,44.339035],[-79.623367,44.339542],[-79.623506,44.340158],[-79.623594,44.340503],[-79.623822,44.341555],[-79.623904,44.341847],[-79.623968,44.342074],[-79.624062,44.342413],[-79.624142,44.342748],[-79.624302,44.343457],[-79.624357,44.343672],[-79.624409,44.343905],[-79.624484,44.34419],[-79.624613,44.34456],[-79.62469,44.344754],[-79.624764,44.344923],[-79.624861,44.345108],[-79.624915,44.345227],[-79.625116,44.345598],[-79.625245,44.345812],[-79.625377,44.346015],[-79.625478,44.346142],[-79.625616,44.346322],[-79.625738,44.346473],[-79.625864,44.346637],[-79.626,44.346803],[-79.626383,44.347245],[-79.626536,44.347417],[-79.62664,44.347542],[-79.626751,44.347685],[-79.626984,44.347999],[-79.627071,44.348099],[-79.627102,44.348135],[-79.627023,44.348169],[-79.627023,44.348169],[-79.627023,44.348169],[-79.627023,44.348169],[-79.627102,44.348135],[-79.627381,44.348472],[-79.627703,44.3488],[-79.627867,44.348951],[-79.627982,44.349055],[-79.628092,44.34915],[-79.628234,44.349269],[-79.628374,44.34938],[-79.628518,44.349496],[-79.628782,44.349696],[-79.629017,44.349861],[-79.629307,44.350043],[-79.629506,44.350169],[-79.629758,44.350309],[-79.629954,44.350415],[-79.630077,44.350477],[-79.629942,44.350653],[-79.629529,44.351229],[-79.629496,44.351278],[-79.629464,44.351292],[-79.629427,44.351286],[-79.629118,44.351196],[-79.628901,44.351119],[-79.628706,44.351049],[-79.628651,44.35103],[-79.628509,44.350979],[-79.628452,44.350959],[-79.628314,44.350909],[-79.628029,44.3513],[-79.628026,44.351334],[-79.628044,44.351365],[-79.62806,44.351382],[-79.627851,44.351489],[-79.627851,44.351489],[-79.627851,44.351489],[-79.627851,44.351489],[-79.62806,44.351382],[-79.628077,44.351398],[-79.628179,44.351467],[-79.628342,44.351577],[-79.628515,44.351694],[-79.628678,44.351805],[-79.628764,44.35186],[-79.628795,44.351868],[-79.628847,44.351872],[-79.62888,44.351861],[-79.628915,44.351823],[-79.629137,44.351526],[-79.62921,44.35141],[-79.629205,44.351377],[-79.629184,44.351355],[-79.629044,44.351296],[-79.629118,44.351196],[-79.629427,44.351286],[-79.629464,44.351292],[-79.629496,44.351278],[-79.629529,44.351229],[-79.629942,44.350653],[-79.630077,44.350477],[-79.630297,44.350578],[-79.630559,44.350702],[-79.630617,44.35073],[-79.630835,44.350827],[-79.631043,44.350914],[-79.631072,44.350925],[-79.631385,44.351046],[-79.632153,44.351323],[-79.632294,44.351374],[-79.632443,44.351427],[-79.632729,44.35153],[-79.632903,44.351593],[-79.632838,44.351687],[-79.632838,44.351687],[-79.632838,44.351687],[-79.632838,44.351687],[-79.632903,44.351593],[-79.6331,44.351663],[-79.633735,44.351891],[-79.635062,44.352372],[-79.635265,44.352445],[-79.635416,44.3525],[-79.635561,44.352552],[-79.635826,44.352648],[-79.635892,44.352672],[-79.635837,44.352749],[-79.635837,44.352749],[-79.635837,44.352749],[-79.635837,44.352749],[-79.635892,44.352672],[-79.635986,44.352706],[-79.636211,44.352788],[-79.637298,44.353175],[-79.637935,44.353401],[-79.638246,44.353511],[-79.638601,44.353638],[-79.639401,44.353922],[-79.640303,44.354242],[-79.64101,44.354493],[-79.641124,44.354533],[-79.641064,44.354621],[-79.641064,44.354621],[-79.641064,44.354621],[-79.641064,44.354621],[-79.641124,44.354533],[-79.641488,44.354663],[-79.64178,44.354763],[-79.641979,44.354832],[-79.642148,44.35489],[-79.64289,44.355141],[-79.643037,44.355194],[-79.643801,44.355467],[-79.644856,44.35585],[-79.646495,44.356443],[-79.646826,44.356562],[-79.646738,44.356687],[-79.646738,44.356687],[-79.646738,44.356687],[-79.646738,44.356687],[-79.646826,44.356562],[-79.646877,44.35658],[-79.647033,44.356636],[-79.64717,44.356686],[-79.647278,44.356723],[-79.647509,44.356811],[-79.648153,44.357053],[-79.64857,44.357223],[-79.648793,44.35732],[-79.64909,44.357439],[-79.649383,44.357572],[-79.649763,44.357745],[-79.6503,44.358003],[-79.650366,44.358034],[-79.650554,44.358126],[-79.65069,44.35819],[-79.651034,44.35836],[-79.651508,44.358591],[-79.651695,44.358686],[-79.652391,44.359029],[-79.65326,44.359458],[-79.653447,44.359555],[-79.653653,44.359662],[-79.653771,44.359719],[-79.65426,44.359997],[-79.654658,44.360227],[-79.654856,44.36035],[-79.654955,44.360409],[-79.655199,44.360562],[-79.65532,44.360643],[-79.655448,44.360734],[-79.655554,44.360812],[-79.655677,44.36091],[-79.656863,44.361852],[-79.657454,44.36234],[-79.65821,44.362932],[-79.659059,44.363625],[-79.660256,44.364576],[-79.661237,44.365376],[-79.66137,44.365487],[-79.661944,44.365944],[-79.662224,44.366168],[-79.662496,44.366378],[-79.662546,44.366417],[-79.662464,44.366469],[-79.662464,44.366469],[-79.662464,44.366469],[-79.662464,44.366469],[-79.662546,44.366417],[-79.66283,44.366646],[-79.662941,44.366711],[-79.663247,44.366922],[-79.66336,44.36699],[-79.663451,44.367045],[-79.66358,44.36713],[-79.663988,44.367383],[-79.665483,44.36831],[-79.666477,44.368924],[-79.666611,44.369007],[-79.667556,44.369602],[-79.667629,44.369644],[-79.667751,44.36971],[-79.667881,44.36977],[-79.667945,44.369794],[-79.667995,44.369811],[-79.66802,44.369817],[-79.668102,44.369837],[-79.668183,44.369859],[-79.668389,44.369921],[-79.668757,44.370017],[-79.669248,44.370119],[-79.6695,44.37017],[-79.669655,44.370203],[-79.669718,44.370216],[-79.669986,44.370287],[-79.670442,44.370388],[-79.670677,44.370433],[-79.67115,44.370517],[-79.671483,44.370564],[-79.671858,44.370599],[-79.672358,44.370633],[-79.672773,44.370653],[-79.672991,44.370661],[-79.673159,44.370668],[-79.673473,44.370705],[-79.673657,44.370735],[-79.673901,44.370786],[-79.674204,44.370856],[-79.674926,44.371055],[-79.675226,44.371134],[-79.675434,44.371188],[-79.676159,44.371378],[-79.676258,44.371401],[-79.676452,44.371445],[-79.676771,44.371508],[-79.677092,44.37156],[-79.677419,44.371601],[-79.677622,44.371617],[-79.677887,44.371635],[-79.67822,44.371651],[-79.67843,44.371651],[-79.6788,44.371643],[-79.6792,44.371618],[-79.679536,44.371585],[-79.680212,44.371531],[-79.680897,44.371475],[-79.682009,44.371372],[-79.682378,44.371345],[-79.683034,44.371288],[-79.683721,44.371231],[-79.684387,44.371175],[-79.684737,44.371146],[-79.685057,44.371116],[-79.68534,44.371091],[-79.685706,44.371063],[-79.685822,44.371059],[-79.685943,44.371067],[-79.686004,44.371072],[-79.686495,44.371131],[-79.686925,44.371178],[-79.687939,44.371297],[-79.688029,44.371305],[-79.689254,44.371444],[-79.690526,44.371588],[-79.690509,44.371667],[-79.690509,44.371667],[-79.690509,44.371667],[-79.690509,44.371667],[-79.690526,44.371588],[-79.690571,44.371593],[-79.69069,44.371605],[-79.69074,44.371617],[-79.690898,44.37166],[-79.690944,44.371676],[-79.691123,44.37174],[-79.691378,44.371842],[-79.691494,44.371888],[-79.691743,44.371983],[-79.692066,44.37212],[-79.69189,44.372362],[-79.691529,44.372873],[-79.69089,44.373693],[-79.690787,44.373837],[-79.690699,44.373964],[-79.690628,44.374075],[-79.69059,44.374123],[-79.690437,44.374363],[-79.690378,44.374471],[-79.690309,44.374663],[-79.690054,44.374719],[-79.689807,44.374787],[-79.689568,44.374852],[-79.689493,44.374868],[-79.689372,44.37484],[-79.689282,44.374845],[-79.68919,44.374863],[-79.68908,44.374877],[-79.688986,44.37488],[-79.688761,44.37489],[-79.688766,44.374782],[-79.688829,44.374558],[-79.688847,44.374441],[-79.688868,44.374306],[-79.689273,44.374353],[-79.68926,44.374408],[-79.68926,44.374408]]}},{"type":"Feature","properties":{"shape_id":"GO:UNAD","route_id":"GO-TRAIN","route_short_name":"GO TRAIN","route_long_name":"Barrie","route_color":"#003767","route_text_color":"#FFFFFF","route_mode":"train","agency_id":"go-transit","agency_name":"GO Transit","source_route_id":"06260926-BR"},"geometry":{"type":"LineString","coordinates":[[-79.6106674248563,44.33158510625905],[-79.61813074,44.33754188],[-79.61893097,44.33819702],[-79.61979139,44.33887281],[-79.62059037,44.3395587],[-79.62143362,44.34066907],[-79.62193559,44.34201531],[-79.62251607,44.34371139],[-79.62323999,44.34582225],[-79.62405015,44.34810591],[-79.62428895,44.34855299],[-79.62450736,44.34892336],[-79.62521049,44.34974325],[-79.62595814,44.35032238],[-79.62716725,44.35115526],[-79.63158232,44.35417397],[-79.63956069,44.35871678],[-79.64028393,44.35910579],[-79.65273129,44.3662906],[-79.65352922,44.36674725],[-79.65585807,44.36811221],[-79.65673638,44.3685768],[-79.65929455,44.36981913],[-79.66001925,44.37010823],[-79.6607595,44.37043121],[-79.66211711,44.37083775],[-79.66373094,44.37112692],[-79.66525841,44.37134545],[-79.66707688,44.37156295],[-79.66820877,44.37169445],[-79.66952819,44.37185285],[-79.68001567,44.37304683],[-79.68284003,44.37336016],[-79.68334298,44.37337457],[-79.68469825,44.37325315],[-79.68499015,44.37322874],[-79.6854016,44.37326306],[-79.68642137,44.37338589]]}},{"type":"Feature","properties":{"shape_id":"GO:ADUN","route_id":"GO-TRAIN","route_short_name":"GO TRAIN","route_long_name":"Barrie","route_color":"#003767","route_text_color":"#FFFFFF","route_mode":"train","agency_id":"go-transit","agency_name":"GO Transit","source_route_id":"06260926-BR"},"geometry":{"type":"LineString","coordinates":[[-79.68642137,44.37338589],[-79.6854016,44.37326306],[-79.68499015,44.37322874],[-79.68469825,44.37325315],[-79.68334298,44.37337457],[-79.68284003,44.37336016],[-79.68001567,44.37304683],[-79.66952819,44.37185285],[-79.66820877,44.37169445],[-79.66707688,44.37156295],[-79.66525841,44.37134545],[-79.66373094,44.37112692],[-79.66211711,44.37083775],[-79.6607595,44.37043121],[-79.66001925,44.37010823],[-79.65929455,44.36981913],[-79.65673638,44.3685768],[-79.65585807,44.36811221],[-79.65352922,44.36674725],[-79.65273129,44.3662906],[-79.64028393,44.35910579],[-79.63956069,44.35871678],[-79.63158232,44.35417397],[-79.62716725,44.35115526],[-79.62595814,44.35032238],[-79.62521049,44.34974325],[-79.62450736,44.34892336],[-79.62428895,44.34855299],[-79.62405015,44.34810591],[-79.62323999,44.34582225],[-79.62251607,44.34371139],[-79.62193559,44.34201531],[-79.62143362,44.34066907],[-79.62059037,44.3395587],[-79.61979139,44.33887281],[-79.61893097,44.33819702],[-79.61813074,44.33754188],[-79.6106674248563,44.33158510625905]]}}]}