{"type":"FeatureCollection","features":[{"type":"Feature","properties":{"shape_id":"fd264730-50bc-4782-92ae-54760e8eab27","route_id":"8B","route_short_name":"8B","route_long_name":"Crosstown/Essa","route_color":"#000000","route_text_color":"#FFFFFF","direction_id":"0","trip_headsign":"Crosstown/Essa to Georgian College","trip_count":49,"agency_id":"barrie-transit","agency_name":"Barrie Transit"},"geometry":{"type":"LineString","coordinates":[[-79.62838858,44.35185862],[-79.628699833701,44.3520156206751],[-79.6288108152462,44.3520225213951],[-79.6289073209377,44.3520052695936],[-79.6290279530521,44.3518914075761],[-79.6299600054646,44.3506212873315],[-79.6301311731307,44.3506076875758],[-79.6312009710441,44.3510666775868],[-79.63273005,44.35162742],[-79.63584556,44.35275154],[-79.640712,44.354506],[-79.64462188,44.35587356],[-79.646705,44.35662146],[-79.648798070667,44.3574361279929],[-79.651742,44.358831],[-79.65346446,44.35967081],[-79.6549497140543,44.3605475374711],[-79.65540499,44.3608334],[-79.6571376271224,44.3622037332129],[-79.65797763,44.36288783],[-79.660047,44.364547],[-79.66246134,44.36649642],[-79.6632070638661,44.3669865648143],[-79.66626824,44.36889988],[-79.6678004261069,44.3698092840016],[-79.6683663901092,44.3700098709737],[-79.669065522112,44.3701730598679],[-79.670599,44.370509],[-79.6707586581191,44.3705232345021],[-79.6714244981218,44.3706354259324],[-79.6718430261234,44.3706694232931],[-79.6731017335118,44.3707456809727],[-79.6736918195302,44.3708087128883],[-79.6741972461328,44.370941401468],[-79.674817,44.371134],[-79.6762851301415,44.3714989527783],[-79.6768178021436,44.3716111423395],[-79.6773266941456,44.3716825355847],[-79.6779735101486,44.3717471293983],[-79.6784681341506,44.371757328415],[-79.6807948300078,44.3715655747388],[-79.68556396,44.37112665],[-79.6861728541823,44.371152183685],[-79.69052443,44.3716525],[-79.6909145862016,44.3717675274299],[-79.6918610302053,44.3721006942734],[-79.6918657862054,44.3722026837445],[-79.6907766622014,44.3737563013946],[-79.6904054879236,44.3742136011531],[-79.6903060994939,44.3744853599857],[-79.6903009317655,44.3746537198465],[-79.6903060994939,44.3748517042644],[-79.6903819142,44.375027721496],[-79.6904865462004,44.3751704995695],[-79.6908812942025,44.3754016633313],[-79.6918277382062,44.3757144128508],[-79.6922938262081,44.3759081807367],[-79.6924983342089,44.3760645543526],[-79.6926315022094,44.3762379246125],[-79.6930328178954,44.3769033910184],[-79.6933639262128,44.3773563204238],[-79.6934970942133,44.377410709949],[-79.693673066214,44.3774005119169],[-79.695832,44.376459],[-79.6976015222301,44.3756532228589],[-79.6986240622341,44.3752112932409],[-79.6987619862347,44.3752010948257],[-79.69885335,44.37535431],[-79.701153,44.3781],[-79.7029749017154,44.3801185273645],[-79.704989,44.382442],[-79.706414,44.38407],[-79.7077460702699,44.3855821620571],[-79.70892086,44.38697443],[-79.7102583772098,44.3883986406564],[-79.7110837009802,44.3893772947604],[-79.71217627,44.3907245],[-79.7140195369729,44.3928578224691],[-79.7155891605399,44.3946499335438],[-79.71669424,44.39596232],[-79.7177794797526,44.3971365470963],[-79.7190587439998,44.3986699562263],[-79.719055431975,44.398722210414],[-79.7187904196088,44.3988682546069],[-79.7179856769501,44.3992352027882],[-79.7163513264051,44.3999276079177],[-79.7146345978836,44.4007396258388],[-79.7134509552074,44.4012490631775],[-79.7131086970841,44.4013645350243],[-79.7127902068861,44.4014494406486],[-79.7121104442249,44.401571704531],[-79.7113768584357,44.4017037392678],[-79.7108840192832,44.4018264201322],[-79.7104313797016,44.401982689022],[-79.7097384052874,44.4022849054198],[-79.7079653180658,44.4030626240982],[-79.706866,44.403534],[-79.7061732165037,44.4039388187827],[-79.7060686376327,44.4040373049617],[-79.7060638840477,44.4041459791737],[-79.70684254,44.40499142],[-79.7073853806903,44.4055960813698],[-79.7076359710874,44.4058876486387],[-79.707989085991,44.4062616900133],[-79.7082885618491,44.4065401566883],[-79.7084977195911,44.4066556180917],[-79.70875024,44.40678734],[-79.7092521900032,44.4069760452505],[-79.7095878249161,44.4070668165128],[-79.709910561532,44.4071356524114],[-79.7100890953713,44.4071551399754],[-79.7100840336134,44.4071513061018],[-79.7105695134741,44.4072103147036],[-79.7110466683574,44.4072833735446],[-79.71133586,44.40735307],[-79.7117063894966,44.4074842167704],[-79.711854777815,44.4075890022911],[-79.7120068925365,44.4076891802549],[-79.7121946591458,44.4078708584973],[-79.7124146736683,44.4081769705911],[-79.7123909057431,44.4082516788464],[-79.7115495211901,44.408611635466],[-79.7110979306108,44.4087372801796],[-79.710907787209,44.4087780297585],[-79.710703383052,44.4088119877192],[-79.7104989788951,44.4088323624862],[-79.7102612996428,44.4088697162072],[-79.71010882,44.40887955],[-79.7097146373626,44.4090259224184],[-79.70817312,44.40971361],[-79.7074458276836,44.4100832127524],[-79.7066662397359,44.4104380645497],[-79.7051031711759,44.4110941535887],[-79.7042907968267,44.4114844173974],[-79.704005581724,44.4116134515723],[-79.7037441345465,44.4117798373251],[-79.7034636730288,44.4120277172624],[-79.7032545152869,44.4122416401994],[-79.7031261684906,44.4124317932643],[-79.7030168360346,44.4126898571491],[-79.70290207,44.41288804],[-79.7027601424422,44.4129445243401],[-79.7023713756462,44.4128981979494],[-79.7021907394145,44.4129049890646],[-79.7019768280875,44.41293045574],[-79.7015870341138,44.4130628822729],[-79.7013816027792,44.4131550483807],[-79.7012722703231,44.413144861751],[-79.7010821536591,44.4128970045612],[-79.7005864044613,44.4123854664674],[-79.7004200289841,44.4122038022477],[-79.7002940589804,44.4120442089164],[-79.7000207278403,44.4117148340685],[-79.6999636848198,44.4116214542638],[-79.6999518008567,44.4114363920284],[-79.7000672365142,44.4111788090053],[-79.6999650344357,44.411039586875],[-79.6998652091498,44.4109852561977],[-79.6995738908456,44.4108964823443],[-79.6993233004546,44.4107713286651],[-79.6991379106379,44.4106321055649],[-79.6989822574657,44.4104733748829],[-79.6987148683065,44.4101804951428],[-79.6974123592665,44.4087135095785],[-79.69693756,44.40817261],[-79.6967706252854,44.4080988664037],[-79.6965899890537,44.4081226372543],[-79.695047,44.408752],[-79.6920902969663,44.4100941632511],[-79.6910211641738,44.4105574003499],[-79.6890508031726,44.4114266914898],[-79.6889272099614,44.4114165045591],[-79.688256,44.410584],[-79.6876580027546,44.4100038996494],[-79.6860940732749,44.4081124497479],[-79.6853905426882,44.4072872558523],[-79.6850387773949,44.4072193381407],[-79.6848232302852,44.4073044512153],[-79.6841756003378,44.4076405801538],[-79.6839165299532,44.4077220808113],[-79.6836907346636,44.4077713207368],[-79.6834007659758,44.4077679248812],[-79.6830798989853,44.4077373621719],[-79.6828873787944,44.4077441538869],[-79.6826901050147,44.4077849041577],[-79.6815088391313,44.4082925822344],[-79.6803394572105,44.4088121411888],[-79.67933789,44.40923713],[-79.6775586099598,44.4100464996746],[-79.6766249318653,44.4104385509476],[-79.67581077,44.4107726],[-79.6755268537199,44.410896968739],[-79.6751513205014,44.4109479038274],[-79.6748870951655,44.4109463594567],[-79.673939156315,44.4108799903663],[-79.6735636230964,44.4109105514335],[-79.6734162619601,44.4110565652009],[-79.6732261185584,44.4116847598095],[-79.6731310468575,44.4120922337856],[-79.6730502359117,44.4121465634346],[-79.6726129060876,44.4121363766293],[-79.6722944158896,44.4121907062372],[-79.6720709973924,44.4122620137711],[-79.6718333181402,44.4123774638797],[-79.6716289139834,44.4125845943856],[-79.6709111226416,44.4135557210733],[-79.670744747165,44.4137153102799],[-79.6706068931987,44.4138137799986],[-79.6703977354567,44.4139190405491],[-79.6695563509038,44.4141533294812],[-79.6690619780591,44.414285753245],[-79.6689003561675,44.4142687758561],[-79.6688528203171,44.4142042617335],[-79.668945113861,44.4136713220866],[-79.6690187944292,44.4135745498873],[-79.6689736353713,44.4134336356968],[-79.6689855193339,44.4132536725018],[-79.6691162429227,44.4125507920768],[-79.6692514222414,44.4124272115485],[-79.6693420382123,44.4123606393988],[-79.6693804682571,44.4122925741161],[-79.6693467917974,44.4121993486963],[-79.6692795854378,44.4121294863301],[-79.6691320639331,44.4120865709833]]}},{"type":"Feature","properties":{"shape_id":"a57801d5-8352-4dbc-b019-dfb796101622","route_id":"2B","route_short_name":"2B","route_long_name":"PARK PLACE","route_color":"#006838","route_text_color":"#FFFFFF","direction_id":"0","trip_headsign":"PARK PLACE to Park Place","trip_count":80,"agency_id":"barrie-transit","agency_name":"Barrie Transit"},"geometry":{"type":"LineString","coordinates":[[-79.690372,44.387588],[-79.6902115665047,44.3874410783954],[-79.6902139432973,44.3873833287619],[-79.6913262821978,44.3868245131895],[-79.6923887084554,44.3863642082095],[-79.692704821861,44.3862571995221],[-79.692913979603,44.3862113385963],[-79.6937981464214,44.3861790660713],[-79.6939027252924,44.3862300226815],[-79.6939336235952,44.3863200459178],[-79.6939923618736,44.3868640839056],[-79.6941356509596,44.3870640062309],[-79.6943947213445,44.3873034982925],[-79.6945230681408,44.3873782332033],[-79.6946609221071,44.3873714391244],[-79.69595,44.38684],[-79.69882951,44.38553734],[-79.6999350247148,44.3850597080112],[-79.701050928804,44.3845671157399],[-79.705091,44.382816],[-79.7055632694083,44.382540649452],[-79.7074242979535,44.3817015054058],[-79.709423180465,44.3808130867594],[-79.7098890317996,44.3806075424754],[-79.7115409026027,44.3798651988456],[-79.7135635530396,44.379014125117],[-79.7150276572336,44.3783940735931],[-79.7165309785042,44.3777451359251],[-79.7177776061824,44.3771794330853],[-79.719061,44.376627],[-79.7199190962453,44.3762450770877],[-79.720049819834,44.376243378245],[-79.7201448915349,44.3762960423447],[-79.7212762447757,44.3775820509823],[-79.7223129246719,44.3788197205279],[-79.7233131559676,44.3799841103572],[-79.7237754421132,44.3805650745577],[-79.7244397556235,44.3812020900815],[-79.7246489133655,44.3812887236573],[-79.7248913462028,44.3812819288717],[-79.7254308781055,44.3811426355925],[-79.7275913825086,44.3806890807895],[-79.7284268250802,44.3805395937924],[-79.7290388491549,44.3803595294028],[-79.7314655543204,44.3798057429983],[-79.7329249049294,44.3794575003988],[-79.7331221787088,44.3794065378934],[-79.7333741187162,44.379309709011],[-79.734804947815,44.3786675765808],[-79.7348905123458,44.3786098182922],[-79.734909526686,44.3785333734108],[-79.7343878207274,44.3778589553549],[-79.734058634963,44.3776109306401],[-79.7335927836286,44.3772541809204],[-79.7332647862605,44.3768498619438],[-79.732874992287,44.3764013704014],[-79.7323853730273,44.3759121029829],[-79.7312307035959,44.3747871196799],[-79.7311256729905,44.374617563221],[-79.7311494409157,44.3745699942857],[-79.7328227028518,44.3739312076968],[-79.733664087405,44.3735676398778],[-79.7345197327131,44.3731700911746],[-79.7360251709694,44.3725249533954],[-79.7370961758079,44.3720046123296],[-79.7371769867536,44.3719060722385],[-79.7371579724134,44.3717871443215],[-79.7354847104778,44.3698536823085],[-79.7344674432782,44.3686813412178],[-79.7335547549495,44.3676415060056],[-79.7328417171932,44.3667919537319],[-79.7324162713315,44.3662380390138],[-79.731672335272,44.3656569326674],[-79.7310638763862,44.3655379920612],[-79.7307501397732,44.3655176022188],[-79.7303555922148,44.3655583818965],[-79.7267095924852,44.3663909607784],[-79.7231396501165,44.3672133331996],[-79.7187853662154,44.3682157963623],[-79.7147971083626,44.3691298918845],[-79.7146117185459,44.3691434842753],[-79.71452140043,44.3690857165925],[-79.7144266547982,44.3688096821151],[-79.7139034343742,44.3675769404651],[-79.713546915496,44.366591457598],[-79.7135041332306,44.366394359035],[-79.7134898724754,44.3662482338102],[-79.713506510023,44.3660137530365],[-79.713656247952,44.3655074072945],[-79.7137941019183,44.3653035084442],[-79.7139462166397,44.3650860155549],[-79.7142076638172,44.3648481317826],[-79.7145879506208,44.3645286863403],[-79.7150015125198,44.3642058407723],[-79.7151964095069,44.3639883438076],[-79.7153865529087,44.3637232682902],[-79.715524406875,44.3633834261286],[-79.7155957106507,44.3630979571894],[-79.7155909570657,44.3627615098681],[-79.7155053925349,44.3619968496791],[-79.7154863781948,44.3617419607316],[-79.71551185,44.36128835],[-79.715637,44.358115],[-79.7155862034807,44.3579218921957],[-79.7154768710246,44.3572897216051],[-79.71493634,44.3551172],[-79.7145118932603,44.3536189188852],[-79.7142884747632,44.3528133508548],[-79.71402112,44.35219286],[-79.7136847694626,44.3516712607453],[-79.713309236244,44.3512599668922],[-79.7130763105768,44.3510730141865],[-79.7127388060386,44.350790884429],[-79.7123395048948,44.3505461442622],[-79.711673,44.350153],[-79.7097202795351,44.3491014766237],[-79.70631313,44.34750067],[-79.7049762016604,44.3470244920474],[-79.703903,44.346625],[-79.7033172004797,44.3464703904365],[-79.703031985377,44.3463344137807],[-79.7028370883901,44.3461780402366],[-79.7026041627229,44.345991071321],[-79.7024758159267,44.3458482946566],[-79.7023522227157,44.3456443273899],[-79.7020598772354,44.344485099946],[-79.701425,44.342022],[-79.70086525,44.33988511],[-79.7007074822902,44.339195196375],[-79.7005886426641,44.3384506279285],[-79.700329,44.33712995],[-79.6998803584923,44.335489259841],[-79.6994477822532,44.3337722098496],[-79.6990199595991,44.3324223352523],[-79.6989153807282,44.3322795255429],[-79.6986301656255,44.3321979198386],[-79.6970282074653,44.332571945051],[-79.6956955337636,44.3328494607732],[-79.6946224388255,44.3330861230544],[-79.69292148,44.33345762],[-79.6917658860544,44.3337124188967],[-79.6906506769021,44.3339930714143],[-79.6892285161751,44.3343092104381],[-79.6880175958364,44.3345261026526],[-79.6852298093842,44.335179854546],[-79.6818927926827,44.3359584647553],[-79.6790406416559,44.3366826649713],[-79.678736412213,44.3368016641512],[-79.6786460940971,44.3370328618675],[-79.6789313091999,44.3378862455457],[-79.6790786703362,44.3384982261938],[-79.6791737420372,44.3388348128276],[-79.6792070171326,44.3390184047226],[-79.6794114212895,44.3390830017341],[-79.6801339662164,44.3391170001326],[-79.680305095278,44.3391373991623],[-79.6803859062238,44.3392155953769],[-79.6803906598088,44.3393481887198],[-79.6802981007277,44.3401094877785],[-79.6803262502088,44.3403906345005]]}},{"type":"Feature","properties":{"shape_id":"aa9fe671-a925-4a35-a410-5aae74b84a87","route_id":"12B","route_short_name":"12B","route_long_name":"BARRIE SOUTH GO","route_color":"#F8A1BE","route_text_color":"#000000","direction_id":"0","trip_headsign":"BARRIE SOUTH GO","trip_count":79,"agency_id":"barrie-transit","agency_name":"Barrie Transit"},"geometry":{"type":"LineString","coordinates":[[-79.7085762670262,44.4118745345584],[-79.7094756531775,44.4130404915071],[-79.7098738694819,44.4131560119135],[-79.7103108998308,44.412913207834],[-79.7105159264142,44.4127898783916],[-79.7105590899054,44.4126164459233],[-79.7090969266394,44.4109476138883],[-79.708415,44.410105],[-79.7078619677684,44.4095596244686],[-79.706456,44.407827],[-79.7054081270438,44.4067226635516],[-79.7032472547631,44.4042596188183],[-79.70051743,44.40113899],[-79.6996460670204,44.4001926248064],[-79.6988724234845,44.3992799267206],[-79.6980873874874,44.3984106314398],[-79.697350910418,44.3976068591234],[-79.696329,44.396371],[-79.6952558335392,44.3951992945373],[-79.6942707,44.39395278],[-79.6934586868209,44.3930525627882],[-79.692739,44.392146],[-79.691662610437,44.3909334612021],[-79.6916787967462,44.390844784883],[-79.6917705191651,44.3907830969295],[-79.6927686749002,44.390767674931],[-79.6928927699376,44.3907406864238],[-79.692919123703,44.3906645670427],[-79.69253335,44.39018841],[-79.6913814243273,44.3889102850994],[-79.690372,44.387588],[-79.6900986708616,44.387367525964],[-79.6909412185408,44.3869884340876],[-79.6913404808349,44.3868149251215],[-79.6927356321807,44.3862103122042],[-79.6929676359462,44.3861756099908],[-79.6938363012076,44.3861331961465],[-79.6939765825541,44.3860676474177],[-79.6940790958458,44.3859982428012],[-79.69396387,44.38419889],[-79.69378391,44.38145815],[-79.69372107,44.37990156],[-79.6936133470135,44.3778245627245],[-79.6935809743951,44.3774852027062],[-79.6934811588216,44.3772017584563],[-79.6926724727555,44.376045726302],[-79.6924910962411,44.3758809287221],[-79.6921255144402,44.3757199400796],[-79.691564389054,44.3755194021898],[-79.6911327541415,44.3753574287775],[-79.6908575868848,44.3752417332087],[-79.6907227009746,44.3751684592302],[-79.6905500470096,44.3749833456131],[-79.6904529291543,44.3748175141675],[-79.6904421382815,44.3747211003204],[-79.6904960926456,44.3744357144028],[-79.691152,44.373522],[-79.692628028649,44.3714356529379],[-79.693109461476,44.3706530788572],[-79.693190393022,44.3704833783134],[-79.6931688112764,44.3702365402812],[-79.6929314120746,44.3692877469104],[-79.69280688,44.36875087],[-79.6925829693892,44.3679351193494],[-79.6925074332794,44.3678656932375],[-79.6923941291149,44.3678348371614],[-79.6900418309468,44.3678332817759],[-79.6885343098185,44.367876912734],[-79.6869561446697,44.3678672702138],[-79.6854427247578,44.3678961977696],[-79.6851297894463,44.3678730557261],[-79.6850218807182,44.3678036295406],[-79.68471616,44.36660415],[-79.68368112,44.36268923],[-79.6833708824068,44.361576374144],[-79.6828637113847,44.3596939216648],[-79.682528,44.358364],[-79.6819033237044,44.3561294402257],[-79.68178,44.355701],[-79.6807796748,44.3526044615054],[-79.680587,44.351791],[-79.6803038748264,44.3507269114963],[-79.6801363315221,44.3500919368966],[-79.6800089986108,44.3495863484279],[-79.6795899975056,44.3480152993211],[-79.6784031726748,44.3435894368068],[-79.6782892432278,44.3431628743875],[-79.67825741,44.34288369],[-79.6782490328348,44.3424607171289],[-79.6782791906296,44.3421539700216],[-79.678376365746,44.3417034322981],[-79.6786046919852,44.3411169936165],[-79.6786645402294,44.3410611704084],[-79.6787755139826,44.3410460559135],[-79.6798886121589,44.3411997541615],[-79.6799767783511,44.3412706916785],[-79.6800649445433,44.3413573929716],[-79.6802247457666,44.34140074357],[-79.6803935871298,44.3413679232336],[-79.6804874113803,44.3412888386744],[-79.6804907622464,44.341178599414],[-79.6804539027194,44.3411019111106],[-79.6803734819333,44.341027619221],[-79.6802897102811,44.3409341550971],[-79.6802595524864,44.3407927603701],[-79.6803262502088,44.3403906345005],[-79.6805117699786,44.3395600424237],[-79.6805167962777,44.3393119964823],[-79.6804672027946,44.3390794709772],[-79.6803814229649,44.3390015000806],[-79.68018066267,44.3389612373158],[-79.6793816565534,44.3389533550632],[-79.679295405589,44.3388889978429],[-79.6792215482138,44.3381855314675],[-79.6789071500526,44.3369761352376],[-79.6786487412157,44.3359075589912],[-79.6784125051566,44.3350435338532],[-79.678213788184,44.3344421299224],[-79.6778266,44.33288834],[-79.6776195900532,44.332364625958],[-79.6774864896719,44.3322354170612],[-79.6772630711748,44.3322150156304],[-79.6738000844693,44.3329970653987],[-79.671411407984,44.3335580946778],[-79.6689847028184,44.3341021179439],[-79.6687018645081,44.3342517234574],[-79.6686353143175,44.3344319295919],[-79.6690892816893,44.3362645605257],[-79.66941965585,44.3374069508296],[-79.6698593624666,44.3393652824279],[-79.6701184328516,44.3403988199576],[-79.6701563023885,44.3408171438464],[-79.6701726697714,44.3412629446068],[-79.6701291085123,44.3418860324572],[-79.6700637666236,44.3421292745709],[-79.6697395843112,44.3454591539776],[-79.669647827932,44.3463277095109],[-79.6696237729391,44.3472052919957],[-79.6698094498234,44.3480477911613],[-79.6699948396402,44.3486834607365],[-79.6699520573748,44.348785439171],[-79.669915,44.348495],[-79.6704079194827,44.3518354735399],[-79.670147,44.35189],[-79.6649227643966,44.3530513780533],[-79.664856214206,44.353139752787],[-79.66438248,44.35324087],[-79.6621861,44.35374366],[-79.65939591,44.3543867],[-79.6550543218424,44.3554238535145],[-79.6518076232566,44.3561172236202],[-79.6485984115957,44.3567955110547],[-79.6472536887829,44.3571300730486],[-79.644230408694,44.3578098279479],[-79.6417989499432,44.3583196389474],[-79.638901639858,44.3590537589939],[-79.638274166632,44.3591999021647],[-79.6371998564118,44.359390227608],[-79.635556,44.359682],[-79.6315787420956,44.3605831462157],[-79.6288810825822,44.3612458682808],[-79.6279683942535,44.3613988030773],[-79.6262363035617,44.3618098753848],[-79.622547,44.362622],[-79.619968110622,44.3632475832564],[-79.6193786660764,44.363431098694],[-79.6179003011274,44.3638015262519],[-79.6161581122082,44.3641311708247],[-79.6157041448364,44.3642229272314],[-79.6156138267205,44.3641651546958],[-79.6153571331279,44.3633699269454],[-79.615149501516,44.3627297458962],[-79.6150221686047,44.3624518525258],[-79.61469591,44.36196381],[-79.6132940772181,44.3602059010773],[-79.6131277017414,44.3599034234907],[-79.612627,44.358756],[-79.61162789,44.35519739],[-79.6109472319134,44.3524075038635],[-79.611357,44.35223]]}},{"type":"Feature","properties":{"shape_id":"6b3f9e92-5bd9-4b31-8ae5-7795cc4a541e","route_id":"8B","route_short_name":"8B","route_long_name":"Crosstown/Essa","route_color":"#000000","route_text_color":"#FFFFFF","direction_id":"1","trip_headsign":"Crosstown/Essa to Park Place","trip_count":67,"agency_id":"barrie-transit","agency_name":"Barrie Transit"},"geometry":{"type":"LineString","coordinates":[[-79.6691320639331,44.4120865709833],[-79.6688397184528,44.4121663676456],[-79.6687969361874,44.4122512575923],[-79.6688111969426,44.4123361474159],[-79.6688729935482,44.4124312238719],[-79.6689950265041,44.4125219296565],[-79.66881201348,44.4134217513521],[-79.6687312025342,44.4134658931922],[-79.6686836666838,44.4135270126082],[-79.6686765363064,44.4135898297192],[-79.6687066180715,44.4137419049778],[-79.668693173854,44.4139344737488],[-79.6686456380036,44.4141823445538],[-79.6686923573164,44.4143734662148],[-79.6686210535407,44.4144753302916],[-79.6673565999187,44.4148590167216],[-79.6661777108277,44.4151747921604],[-79.6660160889361,44.4151374424663],[-79.6659099498106,44.4149938594279],[-79.6657602118817,44.4147442943373],[-79.6656675169733,44.4146763852848],[-79.6655459502665,44.4146158942351],[-79.6645044488919,44.4145126804086],[-79.663366,44.414355],[-79.6631354163989,44.414441375619],[-79.6630878805485,44.4145024940154],[-79.6629983789718,44.4151025132844],[-79.6628652785905,44.4152824707898],[-79.6626418600934,44.4154267759365],[-79.6624089344262,44.4154946841177],[-79.6621308497011,44.4155099634476],[-79.6615033764751,44.4154454506942],[-79.6593701636416,44.4152515778096],[-79.6591661728864,44.415351354028],[-79.6590663476004,44.4155347061725],[-79.6589902902397,44.4160643869162],[-79.658895218539,44.416397132622],[-79.6588334219334,44.4164209000999],[-79.6584840334326,44.4164005279766],[-79.6536234927241,44.4159930840186],[-79.6534903923429,44.4159014087368],[-79.6535426817784,44.415646754422],[-79.65353099,44.41534493],[-79.6534000742271,44.4149133437999],[-79.6534000742271,44.4146077533259],[-79.6537185644252,44.4129371638414],[-79.65399405,44.41152705],[-79.65458849,44.40830721],[-79.6548411586763,44.4067978304572],[-79.65513496,44.40542054],[-79.6559361118491,44.4012552861428],[-79.6557483452401,44.4010413230235],[-79.651615,44.4006],[-79.649625727702,44.4004401843582],[-79.6495544239264,44.4003552772693],[-79.6495354095862,44.4002635774749],[-79.6496637563824,44.4001379145602],[-79.64976474646,44.4000315722228],[-79.6500678111112,44.399856021094],[-79.650681023582,44.3995877115936],[-79.651203917937,44.3993975167721],[-79.6533941179781,44.3985965562173],[-79.6563520505412,44.3974242090172],[-79.6565659618682,44.3973019364676],[-79.6566752943242,44.3971151306902],[-79.65679556,44.39634709],[-79.6571268849038,44.3944726141735],[-79.6571601599991,44.3944352512593],[-79.657250478115,44.3944114748469],[-79.6593230411948,44.394581306152],[-79.6600455861218,44.3946594283869],[-79.6606873201029,44.3948088793282],[-79.6609677816206,44.3949107774784],[-79.6614051114448,44.395009278855],[-79.6617568767381,44.3950364516194],[-79.6619006490863,44.3950659638909],[-79.6619957207874,44.3951288008285],[-79.6621419171268,44.3952640230256],[-79.6622797710931,44.3952979888312],[-79.6627636817308,44.3952250861948],[-79.6634158779188,44.3952028845258],[-79.6643190590778,44.3952844025113],[-79.665288790427,44.3954066792767],[-79.6655858894923,44.3954270587128],[-79.6660778855445,44.3953013854107],[-79.6688825007213,44.3943299556452],[-79.6706627183209,44.3937287480268],[-79.6731583504696,44.392862590599],[-79.6761697465961,44.3917892169413],[-79.676735,44.391588],[-79.6769208130332,44.3914936960542],[-79.677324867762,44.391520870451],[-79.6785180176086,44.3913883951475],[-79.6788555221468,44.391368014305],[-79.679088447814,44.3913306494087],[-79.6793356342364,44.3912695067995],[-79.6796018349989,44.391167602309],[-79.6801057150137,44.3909298244744],[-79.680825883148,44.3906648708922],[-79.6813939365609,44.3905833464717],[-79.68288564,44.39053749],[-79.68510446,44.39053858],[-79.6862948827431,44.390518806225],[-79.6876996569454,44.390480034976],[-79.6896936960508,44.390461059628],[-79.69033262,44.39046905],[-79.691086496469,44.390461059628],[-79.6912671327007,44.3906580771947],[-79.691400233082,44.3907022362135],[-79.6915618549735,44.3907260141329],[-79.69277401916,44.3907531888861],[-79.6928690908609,44.3907328078224],[-79.6928833516161,44.3906648708921],[-79.69253335,44.39018841],[-79.6912027321439,44.3886882627271],[-79.6905467374068,44.3879018604625],[-79.690372,44.387588],[-79.6902023296507,44.3873936143856],[-79.6919659097026,44.3864764068479],[-79.6921037636689,44.3863541114237],[-79.6920847493287,44.3862148302127],[-79.6917539335278,44.385853099758],[-79.6915828981795,44.3856653140433],[-79.6913213572889,44.3853469255361],[-79.6911113002872,44.3850923664434],[-79.691085,44.384954],[-79.690962903258,44.3845264438098],[-79.6908644485977,44.3819819844822],[-79.6906230577594,44.3801398036444],[-79.6904993260476,44.3794421415565],[-79.6902760102188,44.3784485290597],[-79.6899865484905,44.3776632596067],[-79.6897270217626,44.3768781794127],[-79.6893364484926,44.3759596455626],[-79.6891305891339,44.375500113363],[-79.6889170661942,44.3751637006215],[-79.6888076781938,44.3747829582744],[-79.6889089211875,44.3742388035153],[-79.688976130766,44.3741739487428],[-79.6898599367231,44.3742436075697],[-79.6899538741983,44.3741438494839],[-79.6899305067805,44.3739889921451],[-79.6895401784604,44.3738992303515],[-79.688976130766,44.3738857044403],[-79.6888652349614,44.3739169309749],[-79.6887026219954,44.374801729763],[-79.6887506061935,44.3749393348951],[-79.6889460711951,44.3749932496864],[-79.68945131164,44.3749070605081],[-79.6902297221994,44.3746775737945],[-79.6903401836171,44.3746261521991],[-79.692628028649,44.3714356529379],[-79.6929308874673,44.3709462416947],[-79.6940860086333,44.3692981920375],[-79.69510843,44.36787963],[-79.697384,44.364613],[-79.6974277789208,44.3642450167192],[-79.6974800683563,44.3637930302372],[-79.6975466185469,44.3628958437313],[-79.6975941543974,44.3610810381125],[-79.6976749653432,44.3599561022874],[-79.6977557762889,44.3594395082065],[-79.6979221517655,44.3589093148083],[-79.6986073052161,44.3573986114411],[-79.698991708401,44.3564486108508],[-79.6991723446327,44.3559727721956],[-79.6993054450139,44.3555105252305],[-79.69942096,44.35499844],[-79.699619181627,44.3536513039196],[-79.6996762246479,44.3528967219527],[-79.6998093250289,44.3523324786378],[-79.7000089756008,44.3517342388286],[-79.7002846835334,44.35123796708],[-79.7005185419228,44.3509698866825],[-79.7011783575219,44.3503065964277],[-79.7024428111442,44.3493616139971],[-79.70305127003,44.3488585236108],[-79.7033745138134,44.3485389909879],[-79.7036787432563,44.3481718662496],[-79.7040780444001,44.3474919995512],[-79.7042159468144,44.3471407579209],[-79.704667,44.346517],[-79.70590984,44.34432976],[-79.70716838,44.34217844],[-79.7087793400105,44.3393805816401],[-79.7089219475619,44.3393533830452],[-79.70998171,44.33965923],[-79.7130386006648,44.340540502571],[-79.71360782,44.34062273],[-79.7147593499976,44.3404311177159],[-79.715367857338,44.3403008192602],[-79.7171497,44.33993688],[-79.7180013434555,44.3397177557678],[-79.7199978007174,44.3394485780723],[-79.7201784369492,44.3393771818164],[-79.7202022048744,44.3392649875243],[-79.72003714,44.33854098],[-79.7195533889742,44.3367785515147],[-79.71945808,44.33625379],[-79.7192230148138,44.3353726452222],[-79.7192182612288,44.3352026421769],[-79.7192753042496,44.3349085357449],[-79.7193917670832,44.3346586291202],[-79.7195438818046,44.3344665233038],[-79.719757793132,44.3342829171568],[-79.72055565,44.33385271],[-79.72428821,44.33161711],[-79.7250057510249,44.3311785261997],[-79.7253605559683,44.330961813388],[-79.7255547416363,44.3307783970386],[-79.7256593205073,44.3305879786781],[-79.7256973491876,44.3303635562454],[-79.7256688276774,44.3300745260895],[-79.72534005,44.32871691],[-79.72481436,44.32671816],[-79.7248916165232,44.3265193386695],[-79.729112800043,44.3255161621595],[-79.7292696683495,44.3254311464125],[-79.729321957785,44.3253223260765],[-79.7290948,44.32473266],[-79.728858483243,44.3238226252603],[-79.7283546032282,44.3218705762949],[-79.7282832994526,44.3217923569515],[-79.7281311847311,44.3217549476635],[-79.72753192,44.3218044],[-79.72355319,44.32258387],[-79.7227276796164,44.322736601957],[-79.7224078683371,44.3227207798212],[-79.7217698322302,44.3225580602866],[-79.72029115,44.32207598],[-79.7190851123906,44.3217379434336],[-79.7188902154037,44.3217379434336],[-79.7187381006822,44.3218059603229],[-79.717997862498,44.3230970844357],[-79.7171432728998,44.3244517561209],[-79.7159575406882,44.3265123881818],[-79.715354869215,44.3276930418742],[-79.7147593500002,44.3285970496897],[-79.7145596994282,44.3287330674844],[-79.713514,44.328896],[-79.70927336,44.32980473],[-79.70430153,44.33089332],[-79.7032546184856,44.3311546499658],[-79.69937219,44.33201262],[-79.6956955337636,44.3328494607732],[-79.69292148,44.33345762],[-79.6906506769021,44.3339930714143],[-79.6880175958364,44.3345261026526],[-79.6855593981585,44.3351005659844],[-79.6816804727624,44.3360185781719],[-79.6790599263128,44.3366759596009],[-79.67876520404,44.3368289585197],[-79.678655871584,44.3370295564972],[-79.678760450455,44.3373661515618],[-79.6789886225372,44.3379645380169],[-79.6791882731091,44.338845106979],[-79.6793641557558,44.3390694969554],[-79.6802435689891,44.339086496161],[-79.6803624086155,44.3391238943961],[-79.6804302798975,44.3393131035696],[-79.6803262502088,44.3403906345005],[-79.6801912795538,44.340864585852],[-79.6801696418965,44.3409317672116],[-79.6801145380264,44.3410066460415],[-79.6800098406731,44.3410815247758],[-79.6787699576256,44.3409495792286],[-79.6785417855434,44.3409835765448],[-79.6784134387472,44.3410753692],[-79.67819993,44.34150661],[-79.6780806877942,44.3419762894848],[-79.6780569198689,44.3421734701911],[-79.6780188911886,44.3425304335758],[-79.6780379055288,44.3428737963046],[-79.6781282236446,44.3432851490051],[-79.6780569198689,44.3433871368314],[-79.6778430085419,44.3434585282043],[-79.6761330390202,44.3437769071417],[-79.6750872503107,44.3439961789097],[-79.6741548876226,44.3443019301488],[-79.6723040262672,44.3447287786363],[-79.6711084996288,44.3450143370709],[-79.6704738960253,44.3451384185761],[-79.6699520573673,44.3451752945588],[-79.6698046962309,44.3452092894245],[-79.6697524067955,44.3452976759831],[-79.6697395843112,44.3454591539776],[-79.6696430743394,44.3464024967214],[-79.6696087435486,44.3466562710747],[-79.6696467722292,44.3471457828718],[-79.6696990616647,44.3476029967954],[-79.669915,44.348495],[-79.6699758252926,44.3487310506967],[-79.669914028687,44.3487990362843],[-79.6644901881506,44.3500329609939],[-79.6643713485245,44.3500261625818],[-79.6643047983338,44.3500057673408],[-79.6639768009657,44.3486902593063],[-79.6639150043604,44.3477690461806],[-79.66391904,44.34749335],[-79.6638912364351,44.3466880470025],[-79.6638579613398,44.3464772838341],[-79.6633850269071,44.3447107106315],[-79.6628832236878,44.342729938054],[-79.662389103561,44.3407965910614],[-79.6622750175199,44.340640202745],[-79.6620420918527,44.3405858067111],[-79.6613567060982,44.3407190028568],[-79.6572229595003,44.3417044022438],[-79.6549592501359,44.3422040671373],[-79.65314658,44.34256241],[-79.6484537711538,44.3436345060581],[-79.6438029075502,44.3446419926873],[-79.6366080350698,44.3462835170264],[-79.6338771004614,44.3470109890963],[-79.6336584355494,44.3470619797907],[-79.63193984,44.34733971],[-79.6295475873757,44.3479051067363],[-79.6276641648078,44.3483979201773],[-79.6273932104602,44.3484931005188],[-79.6273551817798,44.3486086764398],[-79.628225,44.349404],[-79.6290708845321,44.349995695303],[-79.6298365531736,44.3504544610022],[-79.6298508139287,44.3505394404755],[-79.62938469192,44.3511618750649],[-79.6292563161704,44.3511958741268],[-79.6286895652774,44.351022208771],[-79.6281490304826,44.3508181722831],[-79.6280492051966,44.3508249706033],[-79.6276865588332,44.3512618482483],[-79.6276936892107,44.3513400282913],[-79.62838858,44.35185862]]}},{"type":"Feature","properties":{"shape_id":"61934866-147a-47c4-828f-a0585f4a99a4","route_id":"8B","route_short_name":"8B","route_long_name":"Crosstown/Essa","route_color":"#000000","route_text_color":"#FFFFFF","direction_id":"0","trip_headsign":"Crosstown/Essa to Georgian College","trip_count":4,"agency_id":"barrie-transit","agency_name":"Barrie Transit"},"geometry":{"type":"LineString","coordinates":[[-79.6904054879236,44.3742136011531],[-79.6903009317655,44.3746537198465],[-79.6903817175183,44.3750066000786],[-79.6907090956395,44.3752933666285],[-79.6918195302379,44.3756943569001],[-79.6922756946112,44.3758374642274],[-79.6925090756748,44.3760106931052],[-79.6928411948806,44.3764469709715],[-79.6930264956646,44.3768050408741],[-79.6930328178954,44.3769033910184],[-79.6931506452511,44.3769929534679],[-79.6934719735925,44.3775044902514],[-79.6935742144284,44.3774575125699],[-79.695832,44.376459],[-79.6985518049697,44.3752201955516],[-79.6988104058092,44.3751399001547],[-79.6988834349777,44.3752390791412],[-79.69885335,44.37535431],[-79.6990075845641,44.375380017412],[-79.7011984596186,44.377979484692],[-79.701153,44.3781],[-79.7013080033713,44.3781151966816],[-79.7029749017154,44.3801185273645],[-79.704989,44.382442],[-79.706414,44.38407],[-79.7075272942691,44.3853238474186],[-79.70892086,44.38697443],[-79.7102583772098,44.3883986406564],[-79.7115659541825,44.3899221354677],[-79.71217627,44.3907245],[-79.7140195369729,44.3928578224691],[-79.7155891605399,44.3946499335438],[-79.71669424,44.39596232],[-79.7184401524065,44.3979212967891],[-79.719067160212,44.3987090426005],[-79.7187904196088,44.3988682546069],[-79.7179646364197,44.3992472292515],[-79.7163513264051,44.3999276079177],[-79.7146127181924,44.400760780745],[-79.7132322902953,44.4013339689694],[-79.7123243555517,44.4015411385844],[-79.7113768584357,44.4017037392678],[-79.7108887728683,44.401833212533],[-79.7104313797016,44.401982689022],[-79.7077183251213,44.4031829776277],[-79.706866,44.403534],[-79.7061779700888,44.4039557991703],[-79.7061161734832,44.4041629595011],[-79.7064000389754,44.4045122667015],[-79.70684254,44.40499142],[-79.7072950625744,44.4054942018275],[-79.7076359710874,44.4058876486387],[-79.7080128539162,44.4062990453759],[-79.7081005399287,44.4063104335255],[-79.7085055535141,44.4066255931035],[-79.70875024,44.40678734],[-79.7092521900032,44.4069760452505],[-79.7095878249161,44.4070668165128],[-79.709910561532,44.4071356524114],[-79.7100890953713,44.4071551399754],[-79.7100840336134,44.4071513061018],[-79.7105695134741,44.4072103147036],[-79.7110466683574,44.4072833735446],[-79.71133586,44.40735307],[-79.711854777815,44.4075890022911],[-79.7120068925365,44.4076891802549],[-79.7121946591458,44.4078708584973],[-79.7124717166889,44.4082041372404],[-79.7111644808015,44.4087304885803],[-79.7108127155081,44.408808591924],[-79.7104086607793,44.4088493414532],[-79.71010882,44.40887955],[-79.7093818864096,44.409165149342],[-79.70817312,44.40971361],[-79.7074458276836,44.4100832127524],[-79.7066662397359,44.4104380645497],[-79.7051031711759,44.4110941535887],[-79.7045342568428,44.4113820617202],[-79.7039638266371,44.4116808777935],[-79.7036239453064,44.4118964998071],[-79.7034504394522,44.4120679781639],[-79.703168950756,44.4123672771151],[-79.7030120824496,44.4126762748678],[-79.70290207,44.41288804],[-79.7027268673469,44.4129445243401],[-79.7023713756462,44.4128981979494],[-79.7021907394145,44.4129049890646],[-79.7019768280875,44.41293045574],[-79.7015870341138,44.4130628822729],[-79.7013483276839,44.4131652350086],[-79.7012485023979,44.413144861751],[-79.7010821536591,44.4128970045612],[-79.7005864044613,44.4123854664674],[-79.7004200289841,44.4122038022477],[-79.7002940589804,44.4120442089164],[-79.7000207278403,44.4117148340685],[-79.6999636848198,44.4116214542638],[-79.6999518008567,44.4114363920284],[-79.7000672365142,44.4111788090053],[-79.6998557019797,44.4109818605287],[-79.6995847476321,44.4108969687394],[-79.6992424895089,44.4107102063692],[-79.6989822574657,44.4104733748829],[-79.6987148683065,44.4101804951428],[-79.697459895117,44.4087882171485],[-79.69693756,44.40817261],[-79.6965947426387,44.4081328247587],[-79.695047,44.408752],[-79.6920902969663,44.4100941632511],[-79.6910211641738,44.4105574003499],[-79.6890555567577,44.4114063176266],[-79.6889081956213,44.4113995263373],[-79.688256,44.410584],[-79.6876057133191,44.4099427765515],[-79.6853905426882,44.4072974435022],[-79.6850672989051,44.4072057545889],[-79.6848232302852,44.4073044512153],[-79.6841756003378,44.4076405801538],[-79.6839165299532,44.4077220808113],[-79.6836907346636,44.4077713207368],[-79.6834007659758,44.4077679248812],[-79.6830798989853,44.4077373621719],[-79.6828873787944,44.4077441538869],[-79.6826901050147,44.4077849041577],[-79.6815088391313,44.4082925822344],[-79.6803394572105,44.4088121411888],[-79.67933789,44.40923713],[-79.6775586099598,44.4100464996746],[-79.6766554288012,44.4104488915148],[-79.67581077,44.4107726],[-79.6754503949926,44.4109191940811],[-79.6752364836656,44.4109480572923],[-79.6748870951655,44.4109463594567],[-79.6744521421338,44.4109022157149],[-79.6739744068368,44.4108614676159],[-79.673520439465,44.4108343022008],[-79.6734063534242,44.4113096951432],[-79.6731310468575,44.4120922337856],[-79.6729646713809,44.412160145839],[-79.6726176596726,44.4121329810271],[-79.6721993441886,44.412183915039],[-79.671819057385,44.4123570903477],[-79.6715338422823,44.4126592970111],[-79.670844572451,44.4136066538462],[-79.670526082253,44.4138375485266],[-79.6702028384699,44.4139801594914],[-79.6696989584551,44.4141057926723],[-79.6692331071206,44.4142416120237],[-79.6690191957936,44.4143027306289],[-79.6688956025825,44.414248402983],[-79.6688623274872,44.4141261655951],[-79.668945113861,44.4136713220866],[-79.6690187944292,44.4135745498873],[-79.6689736353713,44.4134336356968],[-79.6689855193339,44.4132536725018],[-79.6691162429227,44.4125507920768],[-79.6692514222414,44.4124272115485],[-79.6693420382123,44.4123606393988],[-79.6693345707258,44.4122810311485],[-79.6693467917974,44.4121993486963],[-79.6692795854378,44.4121294863301],[-79.6691320639331,44.4120865709833]]}},{"type":"Feature","properties":{"shape_id":"1255444e-2f2c-4837-b752-16dae5de625a","route_id":"8A","route_short_name":"8A","route_long_name":"RVH/YONGE","route_color":"#000000","route_text_color":"#FFFFFF","direction_id":"0","trip_headsign":"RVH/YONGE to Georgian College","trip_count":23,"agency_id":"barrie-transit","agency_name":"Barrie Transit"},"geometry":{"type":"LineString","coordinates":[[-79.62838858,44.35185862],[-79.6287923761852,44.3520257679624],[-79.6290205482673,44.3518881046449],[-79.6292653578977,44.3515430951572],[-79.629429356582,44.3513153537914],[-79.6299237294267,44.3505896347298],[-79.6298816762965,44.3502760079796],[-79.62867553947,44.3494997673714],[-79.6277658603594,44.3487262656842],[-79.6277540509344,44.3484544137748],[-79.63144988,44.34762231],[-79.6338860505616,44.3471709838645],[-79.6352899938276,44.3467811192139],[-79.636806,44.346424],[-79.6432432600627,44.3449835681279],[-79.6496798874192,44.343538732384],[-79.6527697176988,44.3428520127043],[-79.6578881734116,44.341722994112],[-79.661454517577,44.3409481933128],[-79.6622302659872,44.3407810167454],[-79.6625679842991,44.3418127054531],[-79.663117982692,44.3439243327537],[-79.66364504182,44.3461702887525],[-79.6637677191124,44.3466214707753],[-79.6637841,44.34714163],[-79.6637677191124,44.3476700378032],[-79.6638436621981,44.3486141498361],[-79.6640072319212,44.349361909194],[-79.6642292194023,44.3501848512035],[-79.6701060458771,44.3488063123692],[-79.67003749,44.34842448],[-79.6698022735351,44.347640795151],[-79.6697321722246,44.3471729107534],[-79.6697380140011,44.346170288751],[-79.66983149,44.3454862],[-79.6698606912933,44.345171827299],[-79.670292982704,44.3452010711816],[-79.670777850097,44.3451509388025],[-79.6741355862378,44.3444434151717],[-79.6754408423868,44.3440431151985],[-79.6780658307253,44.343446111023],[-79.6783263994207,44.3432148996801],[-79.6782395431886,44.342493652468],[-79.6784247346454,44.3414869813644],[-79.6786448722703,44.3410235230201],[-79.6792239138155,44.3411236034242],[-79.6799477157471,44.3412271346969],[-79.6800683494024,44.3413617250781],[-79.6802324111735,44.3413858822933],[-79.6803916475985,44.3413548230148],[-79.6804693561829,44.3412739049579],[-79.6804459890796,44.3411234976167],[-79.6802999446842,44.3410733617506],[-79.6803262502088,44.3403906345005],[-79.6804576726313,44.3396820743628],[-79.6805027494287,44.3393234618334],[-79.6804290110778,44.3389964813298],[-79.6792934404737,44.3390123030091],[-79.6792123282877,44.3382686794691],[-79.678843636533,44.3368446931783],[-79.6805858136048,44.336527844436],[-79.6849049289759,44.3355419791344],[-79.6878618368476,44.3348668770713],[-79.6887176431181,44.3346779349066],[-79.6912784612385,44.3340835255415],[-79.6958626418244,44.3330529863322],[-79.69856992,44.33243152],[-79.70367789,44.33128177],[-79.70874238,44.33016375],[-79.7145633511054,44.3288325287541],[-79.7151209097202,44.3283316647392],[-79.7173883697872,44.3243937950235],[-79.7188191988857,44.3219724520084],[-79.7190821342946,44.3218218349692],[-79.721818698753,44.3226389183187],[-79.7225281430798,44.3228065563921],[-79.7230055763129,44.3227931453462],[-79.72353994,44.32269687],[-79.7262644604602,44.3221494151443],[-79.7271201348673,44.3219593298437],[-79.72805133,44.32184739],[-79.728226210131,44.32192240185],[-79.728992267191,44.3248477175741],[-79.72906455,44.32504571],[-79.7292143040327,44.3254304574631],[-79.7245545521113,44.3264677719157],[-79.72470867,44.32693573],[-79.7252220571849,44.3287974989075],[-79.7254597977078,44.3300552266869],[-79.7254973486362,44.3304562169585],[-79.7252586320197,44.3308665949623],[-79.72400905,44.33163557],[-79.72085917,44.33349211],[-79.7193685006719,44.3344299098509],[-79.7190587055122,44.335151424119],[-79.7192290257948,44.3361183605265],[-79.71954061,44.33718263],[-79.72006099,44.33921511],[-79.7200672161619,44.3393396937454],[-79.7179992328882,44.3396038913491],[-79.71668472,44.33987811],[-79.71421573,44.34041427],[-79.713773493347,44.3405206168219],[-79.7133015679012,44.3404837005134],[-79.71003526,44.33954493],[-79.7089452551338,44.3392758809656],[-79.7085475138262,44.3393074887431],[-79.70697499,44.34205309],[-79.7059793496534,44.3438060751877],[-79.7059510234131,44.3438527021096],[-79.7054923024564,44.3446821899195],[-79.7047127145091,44.3460011873479],[-79.70433311,44.34656133],[-79.7040234446775,44.3471841804133],[-79.7037008346096,44.3477346721128],[-79.7033530296894,44.3482231705322],[-79.7025228859498,44.3490801363635],[-79.701121431656,44.3501101046866],[-79.7006103706156,44.3505664570283],[-79.7000850994681,44.3511477130543],[-79.6996834215318,44.3519635012624],[-79.6993203281951,44.3542058380965],[-79.6992157220373,44.3548817548085],[-79.698834103447,44.3562553948449],[-79.69807715,44.3576689],[-79.6975031314792,44.3590297912973],[-79.6972496627122,44.3618541575583],[-79.6972174762021,44.3633105971402],[-79.69708789759,44.3642076345109],[-79.6967440662828,44.3652002135038],[-79.6960051176551,44.3663616100765],[-79.69473858,44.3681091],[-79.6925294744411,44.3712322016724],[-79.6924711603425,44.3713371118895],[-79.6923525023989,44.3715010217214],[-79.6905295525589,44.3741349495272],[-79.6903668367319,44.3743567229682],[-79.6903026633338,44.3744671511967],[-79.6902479971058,44.374592869234],[-79.6901719397451,44.3746489325961],[-79.6894470180257,44.3748120257078],[-79.6890382097119,44.3748697877426],[-79.6888551966876,44.3748341111984],[-79.6888040695571,44.3747736479119],[-79.6888595315107,44.3744741212609],[-79.6889022002296,44.3742436075697],[-79.6889794912449,44.3741835568618],[-79.6898640188676,44.3742235410566],[-79.6899674720486,44.3741499284384],[-79.6899305067805,44.3739865901076],[-79.6897531198448,44.3739253232581]]}},{"type":"Feature","properties":{"shape_id":"15584ba3-3348-4f5b-9f78-c06aa8fb3f75","route_id":"7B","route_short_name":"7B","route_long_name":"BEAR CREEK","route_color":"#F58220","route_text_color":"#000000","direction_id":"0","trip_headsign":"BEAR CREEK to Park Place","trip_count":74,"agency_id":"barrie-transit","agency_name":"Barrie Transit"},"geometry":{"type":"LineString","coordinates":[[-79.673919,44.410097],[-79.674258,44.408195],[-79.6744054121726,44.4072589679897],[-79.6745090548444,44.4072007931488],[-79.6748014752398,44.4071531955088],[-79.675723154714,44.4067539026694],[-79.6773333176504,44.4060399285468],[-79.6779847858731,44.4057940021089],[-79.6792987606875,44.4052614957148],[-79.6829910970722,44.4036229292424],[-79.684569797055,44.4029115614112],[-79.6849769646942,44.4026656218216],[-79.6852443173326,44.4024733099257],[-79.6855507009128,44.4021102705583],[-79.68602289,44.40161247],[-79.6864760819109,44.401224342154],[-79.6868721449781,44.4009863292518],[-79.6882124798864,44.4003718382407],[-79.68909394,44.40000377],[-79.6905773704941,44.3993625265051],[-79.6930308,44.39829531],[-79.6948711383248,44.3974742040969],[-79.6963295387779,44.3968288810672],[-79.6964998088814,44.3967468927958],[-79.6965146149774,44.396622587778],[-79.696329,44.396371],[-79.6958187284668,44.3958608831786],[-79.6951225588476,44.3950324522287],[-79.6942707,44.39395278],[-79.692739,44.392146],[-79.6916693200704,44.3909016264562],[-79.6916878276904,44.3908302100899],[-79.6917877688382,44.390785244185],[-79.6927871803162,44.3907455683579],[-79.692887121464,44.3907032474459],[-79.69290192756,44.3906265407151],[-79.69253335,44.39018841],[-79.6912716591309,44.3887816791419],[-79.690372,44.387588],[-79.6902257257126,44.3874206384776],[-79.6902664424765,44.3873095397076],[-79.6909290152712,44.3870132752898],[-79.6920394724686,44.3865212614263],[-79.6926317163074,44.3862699624273],[-79.6929833610868,44.3862038309324],[-79.6937865917931,44.3861429898912],[-79.6939679664688,44.3861059561829],[-79.6940642060926,44.3860265981578],[-79.69396387,44.38419889],[-79.6939013390366,44.3832780988359],[-79.69378391,44.38145815],[-79.69372107,44.37990156],[-79.693600684562,44.3776419268836],[-79.693593281514,44.3774884790887],[-79.6934811588216,44.3772017584563],[-79.6925938700357,44.3760121849315],[-79.692423599932,44.3758693157798],[-79.6917462210414,44.3755888679127],[-79.6907134958474,44.3752581493624],[-79.6905617333638,44.3751681935937],[-79.6904951059319,44.3750623631006],[-79.6903433434482,44.3747792655914],[-79.6901249535326,44.3746575596995],[-79.6897251889414,44.3747369331359],[-79.6892476923462,44.374845409992],[-79.6889108536628,44.3748665761843],[-79.688807210991,44.3747898487007],[-79.688844226231,44.3745570198591],[-79.6889034506148,44.3742448160959],[-79.6889663765227,44.3741813168218],[-79.689689905126,44.3742472026524],[-79.689843637709,44.3742474618975],[-79.6899657880007,44.3741442755467],[-79.6899250712368,44.3739881727729],[-79.6889922871906,44.3738744026926],[-79.688851629279,44.3739670062631],[-79.6887516881311,44.37435593966],[-79.6887035683192,44.3747951402545],[-79.6887479866072,44.3749750528],[-79.6888928270384,44.3750024970075],[-79.6897226697338,44.3748503625486],[-79.6921274780126,44.3743030237032],[-79.694588,44.373773],[-79.698062,44.372979],[-79.701962,44.372123],[-79.7066077918998,44.371075018374],[-79.7088638707733,44.3705167213468],[-79.708997125637,44.3704373421904],[-79.709030439353,44.3703262111908],[-79.70888486,44.36978945],[-79.7085603458058,44.3685983616186],[-79.708344,44.36765],[-79.7080939537825,44.3668095999425],[-79.7075572328036,44.3647693923568],[-79.70745891,44.36420057],[-79.7073795596518,44.3637638164326],[-79.70689989,44.36191744],[-79.70564801,44.35720901],[-79.705643965245,44.3571313551217],[-79.7057681873418,44.3570636839982],[-79.70982703,44.3561345],[-79.7144519034478,44.355135024126],[-79.72189311,44.35342967],[-79.72698487,44.35231205],[-79.73092996,44.35141836],[-79.7326231375816,44.3510335892918],[-79.7344332309933,44.3505556105767],[-79.7345988604558,44.350471012168],[-79.7346284371455,44.35031450479],[-79.73426711,44.34900391],[-79.7340239837118,44.3479796029384],[-79.7331899565642,44.3451191155982],[-79.7327956398008,44.3440657463113],[-79.7322435024931,44.3430039225786],[-79.7319181589061,44.3425216478861],[-79.7315454926157,44.3421070576987],[-79.7311195882835,44.341760153452],[-79.7306581919236,44.3414640140565],[-79.7301080654946,44.3411932567286],[-79.7296525844727,44.3410240327638],[-79.72906609,44.34083908],[-79.7270557511144,44.3404571289226],[-79.7262276038018,44.3402625188775],[-79.7257957841317,44.340105984242],[-79.72437457,44.33952273],[-79.7230510673244,44.3391625369132],[-79.7226902317096,44.3390779220612],[-79.7223484350651,44.3390634262004],[-79.7204554,44.33929434],[-79.7188452620446,44.3395221486721],[-79.7176503637794,44.3397209918741],[-79.71668472,44.33987811],[-79.7156509795534,44.3401652136127],[-79.71421573,44.34041427],[-79.7135155425545,44.3405375111441],[-79.7131256588176,44.3404756093309],[-79.71003526,44.33954493],[-79.7089843936878,44.3392386901758],[-79.7089548169981,44.3391752291308],[-79.71018188,44.33700717],[-79.7118000945507,44.3340600430174],[-79.7125809191599,44.3327187665354],[-79.7133617437689,44.3312928332907],[-79.714716356159,44.3289105588675],[-79.7146572027795,44.3287666883974],[-79.714385097234,44.3287412994543],[-79.713514,44.328896],[-79.70927336,44.32980473],[-79.70430153,44.33089332],[-79.69937219,44.33201262],[-79.6990939486418,44.3320544636697],[-79.698969726545,44.3319613760428],[-79.69842755,44.32966122],[-79.6967278644445,44.3232380623092],[-79.6966213883614,44.3231153374162],[-79.6963729441676,44.3230476270205],[-79.69352622,44.32364713],[-79.68949655,44.32453901],[-79.6872869850812,44.3251169906852],[-79.6871568476464,44.3252354796467],[-79.6871391016326,44.3253455048966],[-79.68724698,44.32563066],[-79.68785321,44.327047],[-79.6882807618566,44.3279352704119],[-79.6885271184759,44.3284579711233],[-79.6885469520649,44.3288196576081],[-79.688481883347,44.3294205255116],[-79.688396,44.330246],[-79.6884168146296,44.3305460783994],[-79.6885173753747,44.3307491833868],[-79.6886001901059,44.3308930489941],[-79.6889255336934,44.3313754193373],[-79.6891562318734,44.3317477726784],[-79.68939828,44.33210072],[-79.6897122736407,44.3325580561545],[-79.6897684693511,44.3326955705157],[-79.6898010037098,44.3329727138639],[-79.6899179419218,44.3338509796242],[-79.6899445609426,44.33410273089],[-79.6898262541836,44.3341894684708],[-79.6889359958222,44.3343798675882],[-79.6880175958364,44.3345261026526],[-79.6852182059222,44.3351858836714],[-79.6830945995989,44.335670334202],[-79.6814737970014,44.3360511222029],[-79.6790485084425,44.3366899942939],[-79.678773445228,44.336757688942],[-79.6786640114759,44.336874038936],[-79.6786758421518,44.3371257772238],[-79.6789006249935,44.3377688684467],[-79.6789923127317,44.3380925268217],[-79.6791017464832,44.3383019518769],[-79.6791816035455,44.338847722749],[-79.679237799256,44.3390042607438],[-79.6794211747324,44.3390719527202],[-79.6798263753817,44.3391015679353],[-79.6802581950518,44.3390931064468],[-79.6803646711349,44.3391354138771],[-79.6804060785005,44.3392136825427],[-79.6803972054932,44.3396304085437],[-79.6803291791068,44.3399752100516],[-79.6803262502088,44.3403906345005]]}},{"type":"Feature","properties":{"shape_id":"238237b5-93eb-4152-8ea0-6ba8998871b1","route_id":"8A","route_short_name":"8A","route_long_name":"RVH/YONGE","route_color":"#000000","route_text_color":"#FFFFFF","direction_id":"0","trip_headsign":"RVH/YONGE to Georgian College","trip_count":2,"agency_id":"barrie-transit","agency_name":"Barrie Transit"},"geometry":{"type":"LineString","coordinates":[[-79.62838858,44.35185862],[-79.628801164677,44.3520397731916],[-79.6290287871167,44.351889039161],[-79.6294518561854,44.351311189619],[-79.6299685181474,44.3506072008432],[-79.629852729012,44.3502760079793],[-79.6286562412802,44.3495066673329],[-79.6277658603594,44.3487262656842],[-79.6277202791028,44.3484682139436],[-79.63144988,44.34762231],[-79.6326461419039,44.3473814406955],[-79.6337316650477,44.3472020349198],[-79.6354685020779,44.3467328172183],[-79.636806,44.346424],[-79.6408652138872,44.3454490938471],[-79.6432432600627,44.3449835681279],[-79.6465623855677,44.3441572803753],[-79.6496798874192,44.343538732384],[-79.6527697176988,44.3428520127043],[-79.6570004567069,44.3419265696491],[-79.661454517577,44.3409481933128],[-79.6622447396292,44.3407810167454],[-79.6625245633734,44.3416505348522],[-79.6627995625698,44.3426580555771],[-79.6631517545231,44.3440623449619],[-79.6635778432451,44.345755045501],[-79.6637608562697,44.3464281335163],[-79.6637965081575,44.3467289809632],[-79.6637841,44.34714163],[-79.6638083921208,44.3479646489147],[-79.663886826274,44.3487413897123],[-79.6642362147754,44.3501520742469],[-79.6680509667759,44.3492614773597],[-79.6699109453003,44.3488684174318],[-79.670142523571,44.3487097163768],[-79.67003749,44.34842448],[-79.6699351223622,44.3481460603393],[-79.669771060591,44.347476633892],[-79.6697276324751,44.3470660025459],[-79.6697228071289,44.3466553683231],[-79.66983149,44.3454862],[-79.6698964716586,44.3452268100333],[-79.6705334652918,44.3452371053109],[-79.6711848870303,44.3450990730152],[-79.6741355862378,44.3444434151717],[-79.6748424994572,44.3441638956509],[-79.6780465293405,44.3434633655642],[-79.6783263994207,44.3431907432186],[-79.6782588445735,44.3424177311928],[-79.6783891289212,44.3416930231617],[-79.6786545229628,44.3410476803747],[-79.6794429333451,44.3411129073588],[-79.6800133635506,44.3412335974058],[-79.6800965512889,44.3413219899587],[-79.6802510428028,44.3413678860393],[-79.6804506933748,44.3412879928388],[-79.68045544696,44.3411809017822],[-79.6802581731809,44.3407933325137],[-79.6802510428033,44.3405026538808],[-79.6803262502088,44.3403906345005],[-79.6804293022429,44.3398294978298],[-79.6804958524335,44.3393110264106],[-79.6804126646954,44.3390135407395],[-79.6793301002734,44.338940047277],[-79.6791422779892,44.3375966932864],[-79.6789655040747,44.3370040273299],[-79.6791643747285,44.3368064706798],[-79.6805858136048,44.336527844436],[-79.6825042421188,44.3360709011705],[-79.6837354206463,44.3357801991256],[-79.6856107099466,44.3353500934565],[-79.6877189249168,44.3348621832066],[-79.6887176431181,44.3346779349066],[-79.6912784612385,44.3340835255415],[-79.6958626418244,44.3330529863322],[-79.69856992,44.33243152],[-79.70367789,44.33128177],[-79.70874238,44.33016375],[-79.7144528674088,44.3288562388109],[-79.7149721407826,44.3285717174976],[-79.7151209097202,44.3283316647392],[-79.7155725565011,44.3275141379711],[-79.7173883697872,44.3243937950235],[-79.7188191988857,44.3219724520084],[-79.7191263277733,44.3218139306702],[-79.7205487064891,44.3222441087893],[-79.721818698753,44.3226389183187],[-79.7225333282458,44.3228052409265],[-79.7230055763129,44.3227931453462],[-79.72353994,44.32269687],[-79.7263243123211,44.3220944726463],[-79.7270682483811,44.3219482369559],[-79.72805133,44.32184739],[-79.7282875429456,44.3219873465369],[-79.7288674803222,44.3243440757613],[-79.72906455,44.32504571],[-79.7294344566621,44.3254656033883],[-79.7324617099477,44.3248570070536],[-79.7328177094956,44.3257332433689],[-79.7333161576187,44.3277163268364],[-79.733326343096,44.3279776062218],[-79.7312751711492,44.3278602893816],[-79.7307129043766,44.3278517918498],[-79.7251929590855,44.328608392746],[-79.7252220571849,44.3287974989075],[-79.7255352172093,44.3299685562361],[-79.7255993906074,44.3302116821369],[-79.7255708690974,44.330531314655],[-79.7254853045666,44.330689430097],[-79.7253213058824,44.3308747476532],[-79.7251073945559,44.3310396627843],[-79.7247936579429,44.331213078195],[-79.72400905,44.33163557],[-79.72085917,44.33349211],[-79.7199497547836,44.3340777585744],[-79.7194411211843,44.3344517717979],[-79.719308020803,44.334638777515],[-79.7192034419316,44.3348291827233],[-79.7191226309867,44.3352048911873],[-79.7192034419327,44.3356791984348],[-79.7193103975961,44.3361603018668],[-79.7195457000563,44.3371343967292],[-79.71954061,44.33718263],[-79.7195670911892,44.3372210954878],[-79.72006099,44.33921511],[-79.7200433424545,44.3394141648666],[-79.7180293064281,44.3396520084883],[-79.7178629309515,44.3396877064598],[-79.7176062373591,44.3397438032283],[-79.7171879218751,44.3398440973169],[-79.71668472,44.33987811],[-79.71421573,44.34041427],[-79.7134529899534,44.3405243752225],[-79.7133993145968,44.3405376517432],[-79.713047549304,44.3404815557343],[-79.71003526,44.33954493],[-79.7089121100249,44.3392837829116],[-79.7086138040442,44.3393232926255],[-79.70697499,44.34205309],[-79.7059510234131,44.3438527021096],[-79.7052873217242,44.3451441408116],[-79.70433311,44.34656133],[-79.7039806624121,44.3473099570075],[-79.703652665044,44.3478708493449],[-79.7031244405309,44.3485792241637],[-79.7026966178771,44.3489939360954],[-79.7023543597539,44.3492539793753],[-79.7011802242481,44.3501428767769],[-79.7006715906485,44.3505320838238],[-79.700543820425,44.3506310413159],[-79.7000850994681,44.3511477130543],[-79.6998450434234,44.3515895997433],[-79.6996834215318,44.3520110885574],[-79.6995835962458,44.3524019827323],[-79.6995598283206,44.3527418885911],[-79.6993714851394,44.3542166757528],[-79.6992157220373,44.3548817548085],[-79.6991551970206,44.355413098584],[-79.698955546449,44.356091173974],[-79.6986750849314,44.356740351582],[-79.6985657524754,44.3567845361839],[-79.6981331762365,44.3576614236999],[-79.69807715,44.3576689],[-79.698102277934,44.3577226014092],[-79.6978004252839,44.358346270521],[-79.6975722532017,44.358983527743],[-79.6974225152732,44.3595901901786],[-79.6973678490454,44.3608748663658],[-79.6973274435725,44.3615851646513],[-79.6972870381002,44.3623498302137],[-79.6972174762021,44.3633105971402],[-79.6971824592296,44.3640099697558],[-79.69708789759,44.3642076345109],[-79.6971325465869,44.3646046858843],[-79.696923388845,44.3650515686022],[-79.6967926652563,44.3652486716834],[-79.6964100016602,44.3658314812246],[-79.695998816554,44.3664040901996],[-79.6955234580498,44.3670718437445],[-79.6950623603006,44.367720899691],[-79.69473858,44.3681091],[-79.6946345376465,44.3683138790725],[-79.6935768649744,44.3698345294189],[-79.693027825902,44.3706075823353],[-79.6925239458879,44.3713245585574],[-79.6924711603425,44.3713371118895],[-79.6924478885272,44.3714264975919],[-79.6903597063544,44.3743601207629],[-79.6902456203134,44.374557192521],[-79.6901790701227,44.3746353414829],[-79.6890110729261,44.3748766845074],[-79.6888670806502,44.3748426056156],[-79.6888494510346,44.3747645581656],[-79.6889089211875,44.3742412055425],[-79.6889794912449,44.3741787528025],[-79.6898565762442,44.3742508136505],[-79.6899641115697,44.3741523304693],[-79.6899271463016,44.3739865901076],[-79.6897531198448,44.3739253232581],[-79.688976130766,44.373888106482],[-79.6888484325668,44.3739265391361],[-79.6886498004626,44.3747815470191],[-79.6887068171,44.3751046790452],[-79.6890443216381,44.3757162711123],[-79.6893247831568,44.3763448451922],[-79.6895458248614,44.3769649184164],[-79.6897811537035,44.3775574594749],[-79.6899498795912,44.3781336961202],[-79.690070599895,44.3784826069464],[-79.6902755001671,44.3793313293044],[-79.6903919630008,44.379939479756],[-79.6904252380962,44.3800634873129],[-79.6905322201408,44.3807715094978],[-79.6905963671583,44.3814581295577],[-79.6906172621754,44.381907242682],[-79.6906890620681,44.3825639672117],[-79.6907936673183,44.3847055927207],[-79.6909077533594,44.3850555026914],[-79.6911121575164,44.3853408646143],[-79.6912355010705,44.3855285663908],[-79.6914871682386,44.3857946524221],[-79.6919963243349,44.3863600029831],[-79.6910336969851,44.3868087629249],[-79.6903803619338,44.3871698004802],[-79.690142733721,44.3872894105476],[-79.6900259981726,44.3874035675102],[-79.6900505740775,44.3875308961673],[-79.690237,44.387753],[-79.6909906024409,44.3886241549624],[-79.6916537149621,44.3892652871443],[-79.6920601464832,44.3897493476269],[-79.69250726,44.39039984],[-79.6926494760236,44.3905910912549],[-79.6924713007129,44.3907140225784],[-79.691442180427,44.3906868849653],[-79.6913712015251,44.3906167570807],[-79.6911097543476,44.3903365161793],[-79.69020332,44.39030032],[-79.6892887210249,44.3903540086875],[-79.6880270544464,44.3903670879792],[-79.6878511717998,44.3903619926803],[-79.6875199489307,44.3903620177723],[-79.6872545968783,44.3903535005146],[-79.6855979724896,44.3903823738732],[-79.68509193,44.39037224],[-79.68326777,44.39042963],[-79.6813316299129,44.3904893750192],[-79.6810559219803,44.3905216451677],[-79.6808277498984,44.3905624074351],[-79.6802364099166,44.3907670313577],[-79.67958159,44.39104266],[-79.6789358230509,44.3912672504858],[-79.677212648472,44.3914235036994],[-79.6770314884432,44.3913945305916],[-79.6768041613226,44.391412091984],[-79.6766945077025,44.3914710589425],[-79.676537639396,44.3915423917347],[-79.6765328858109,44.3915457885321],[-79.6761597293849,44.391679961874],[-79.6760527737214,44.3917241201218],[-79.676045380258,44.3917325864692],[-79.676014745041,44.3917343104819],[-79.6734953449678,44.3926123731839],[-79.67344728,44.39260564],[-79.6734311715699,44.3926344519602],[-79.67101872716,44.3934649475727],[-79.67096589,44.39346245],[-79.6709331626295,44.3934921210542],[-79.6684280233109,44.3943616657988],[-79.6671516857268,44.3948049248471],[-79.6663720977794,44.395078351168],[-79.6659347679553,44.3952176112877],[-79.665747001346,44.3952532754113],[-79.66563766889,44.3952600685753],[-79.6653358162396,44.3952651634477],[-79.6653625836768,44.395264596734],[-79.6652550052941,44.3952600685753],[-79.6641854486594,44.3951632659146],[-79.6633797159942,44.3950970324229],[-79.663142036742,44.3950936358316],[-79.6630954564474,44.3950889941334],[-79.6630517186261,44.3950919375358],[-79.6625597225742,44.3951276017361],[-79.6620415818043,44.3952125164111],[-79.6604229860964,44.3957899329337],[-79.658668913216,44.3964590496597],[-79.656976056121,44.3970776627774],[-79.6564693544191,44.3972673652928],[-79.6549825080141,44.3978600941627],[-79.6538155028855,44.3982948356978],[-79.6531975107386,44.398521929426],[-79.650872,44.399395],[-79.6501290976845,44.399709421541],[-79.6495895657819,44.400071128877],[-79.6492140325635,44.4003886823006],[-79.6494564654008,44.4004956651514],[-79.651577074363,44.4007458488582],[-79.6555660135765,44.4010811350502],[-79.6558072550234,44.401246237747],[-79.6557697363725,44.401384342884],[-79.6557858638909,44.4013634077133],[-79.65529,44.403849],[-79.6550799565122,44.4050821586335],[-79.654712,44.406942],[-79.6542694702635,44.4093423000796],[-79.65379228,44.41169531],[-79.6535445485462,44.4131912722599],[-79.6532854781615,44.4147650842562],[-79.65333888,44.41529301],[-79.6534052964915,44.4158447098685],[-79.6536403889708,44.4160845974622],[-79.65392585841,44.4161145833422],[-79.65657733,44.41637423],[-79.6588292158356,44.4165283869162],[-79.6590894967948,44.416432432725],[-79.6591837501039,44.4157759497032],[-79.6594253431938,44.4153109564419],[-79.6606345206443,44.4154017275626],[-79.6611757465238,44.4154789801079],[-79.661673178977,44.4154951013313],[-79.6620320746483,44.4155375439042],[-79.6622768842781,44.4155392416065],[-79.6623957239042,44.4155358462019],[-79.6624962784348,44.4155104109949],[-79.662680939007,44.4154764265895],[-79.6627617499527,44.4154204023283],[-79.6628782127864,44.4153507963532],[-79.6629388429486,44.4152743765875],[-79.6630089363753,44.4151946070345],[-79.6630407668972,44.4151174673508],[-79.6631616343829,44.4146572517878],[-79.663549,44.414484],[-79.665201901257,44.4146812410786],[-79.6655797284558,44.4147652035188],[-79.6658232170951,44.4151970084501],[-79.6662514212539,44.4152809701498],[-79.6672759751842,44.4149726280554],[-79.6686947038067,44.4145612945263],[-79.6691909737289,44.4124866932949],[-79.6692908911489,44.4124472893229],[-79.6693811171306,44.412366150019],[-79.6693977546783,44.4122965404085],[-79.6693882475082,44.4122201395211],[-79.6693003061849,44.4121114803094],[-79.6691957273139,44.4120809198697],[-79.6691320639331,44.4120865709833]]}},{"type":"Feature","properties":{"shape_id":"50d7b158-06c1-45ae-9d19-e569b91dd16d","route_id":"11","route_short_name":"11","route_long_name":"NORTH LOOP","route_color":"#B2D235","route_text_color":"#000000","direction_id":"0","trip_headsign":"NORTH LOOP to Downtown Barrie Terminal","trip_count":81,"agency_id":"barrie-transit","agency_name":"Barrie Transit"},"geometry":{"type":"LineString","coordinates":[[-79.690372,44.387588],[-79.6900837318394,44.3874274604573],[-79.6898837130052,44.3874279878332],[-79.6890747852314,44.3878130312042],[-79.6890100399946,44.3878901450488],[-79.689015435431,44.3880366610737],[-79.6893494311657,44.3884489290011],[-79.6899920094204,44.3891355195701],[-79.689991045171,44.3893386407274],[-79.6900189866025,44.3902729127768],[-79.6899380550564,44.3903500233806],[-79.6875199489307,44.3903620177723],[-79.6856702648592,44.3904464114924],[-79.6854976108943,44.3905158108347],[-79.685427470221,44.3905890656067],[-79.685422,44.391058],[-79.685481424585,44.3914681157192],[-79.68554378,44.39333734],[-79.6855839378769,44.3941938582179],[-79.685546169822,44.3942979505349],[-79.6845021528776,44.394883948272],[-79.6831236188758,44.3957822097272],[-79.68163124,44.39663299],[-79.6806579044383,44.3972779964878],[-79.6786831747137,44.3985038963016],[-79.67817368,44.3987596],[-79.6778037185795,44.3989433635657],[-79.6758721523463,44.3994753458375],[-79.6754998672342,44.3995640090792],[-79.673012571051,44.3993288584481],[-79.6698589384717,44.3990088978748],[-79.6678923019017,44.3988546993834],[-79.6653213764542,44.3985925610153],[-79.6649140210056,44.3986234008843],[-79.6647359716042,44.3986889355518],[-79.664428431729,44.4003773916788],[-79.6640278198736,44.4020886362844],[-79.6639536333253,44.4028213263382],[-79.6635867436496,44.4048295937019],[-79.663423,44.405342],[-79.6633493444478,44.405966681889],[-79.663419485121,44.4060668987711],[-79.6635435801584,44.4061247161249],[-79.6671477316776,44.406456201184],[-79.6682130756304,44.4065788459921],[-79.6685448949694,44.4066116088796],[-79.6686366173883,44.406669425695],[-79.6681132600568,44.4093597716402],[-79.6679736611562,44.4102321170404],[-79.6680330109566,44.4103246181919],[-79.6681463151212,44.4103978481664],[-79.6685374842606,44.4104614425435],[-79.671054455344,44.4106792045839],[-79.6728052102984,44.4109252039477],[-79.67335824253,44.4109675998246],[-79.6734391740761,44.4110986414314],[-79.673039911782,44.4129717334827],[-79.6727735269237,44.4146366673372],[-79.672816690415,44.4150760134138],[-79.6729731580707,44.4154035938667],[-79.6732860933823,44.4157735648774],[-79.6735774469482,44.4160047955705],[-79.6739497320602,44.4162013409407],[-79.6742680628082,44.4163439322664],[-79.6746403479202,44.4164171547039],[-79.6756277127826,44.4165481841],[-79.67614223,44.41661353],[-79.677122248667,44.4165713069042],[-79.677640210562,44.4164865232443],[-79.6780556591653,44.4163709089645],[-79.6789985703825,44.4160079607968],[-79.681026078318,44.4150864093653],[-79.683365,44.414121],[-79.6840475227054,44.4137953393538],[-79.6842201766704,44.4138647110044],[-79.6854395452982,44.4153253505401],[-79.686628,44.416756],[-79.6873536861966,44.4175826316308],[-79.6877279890357,44.417961125872],[-79.6880786924021,44.4182578606606],[-79.6887477265164,44.4190440078855],[-79.6895030876133,44.4199303376685],[-79.68977918,44.42018615],[-79.6902206806553,44.4203580833222],[-79.6907656197323,44.4204004723606],[-79.6912227386965,44.4203222942544],[-79.6947979149259,44.418769578423],[-79.69612789,44.41822043],[-79.6972528384907,44.4176905450534],[-79.70096226,44.41611771],[-79.7018498092888,44.4156918602539],[-79.7020440449994,44.4155800982684],[-79.7022171141039,44.4154218980922],[-79.7024594936027,44.4151446098731],[-79.7026051703856,44.4149056679597],[-79.7027076836774,44.4146281858029],[-79.70283155,44.41430522],[-79.7031435920665,44.4128759762028],[-79.7032784779767,44.41250598686],[-79.7034403410689,44.412240055574],[-79.7036777402707,44.4119933935902],[-79.703893557727,44.411846937545],[-79.7050913446091,44.4112880887398],[-79.7064871911101,44.4106623179115],[-79.709769179514,44.4092130431138],[-79.71030063,44.40902611],[-79.7110910614335,44.4089085538183],[-79.7113014834533,44.408858447833],[-79.7120568445502,44.4085192677268],[-79.7124228,44.40835746],[-79.713529798689,44.407844755989],[-79.7138203509939,44.407722616656],[-79.714224194074,44.4075986489429],[-79.7147738763555,44.4075362031183],[-79.7153572357193,44.407567813805],[-79.7155892394848,44.4075408330459],[-79.71601334,44.40743543],[-79.7169273077135,44.4070127785422],[-79.7186205709854,44.4062655673896],[-79.71931928,44.40596299],[-79.7214531750986,44.4050205574008],[-79.72361565,44.40407683],[-79.7245031992888,44.4036855844276],[-79.7247476711719,44.4035678746443],[-79.7252116933591,44.4033465923874],[-79.7255984728792,44.4032076059903],[-79.7261757845747,44.403138221699],[-79.7267606691576,44.4030850769928],[-79.7273802594769,44.4029979051946],[-79.72786874,44.40288702],[-79.7286145218304,44.4024790668273],[-79.7288573164686,44.40232873222],[-79.7289386230074,44.4021986068606],[-79.7290785293613,44.4019740952056],[-79.7292215990385,44.401080509322],[-79.7292564182676,44.4001330499837],[-79.7293481406865,44.3999133212321],[-79.7294560494146,44.3998053839992],[-79.7296125170704,44.3996858818306],[-79.7312958932291,44.3989997033637],[-79.73327138,44.3982085],[-79.7355347655724,44.3972119714447],[-79.7356318834276,44.3971117393934],[-79.7356210925548,44.3969922317232],[-79.73525923,44.39653309],[-79.7349065384213,44.396181070577],[-79.7345779677974,44.3959772226797],[-79.7341327210744,44.3958954152999],[-79.7338267416342,44.3959413260386],[-79.7335533638926,44.3960295257586],[-79.73291097,44.39626026],[-79.732229692458,44.396608264798],[-79.7316208321822,44.3968516228707],[-79.7308131363214,44.397197360146],[-79.73039499,44.39732265],[-79.7299876345513,44.3974209541591],[-79.7297286536038,44.3974209541591],[-79.7284229579936,44.3972320558248],[-79.7281423953004,44.3971356788886],[-79.7273978250765,44.3965458485809],[-79.7271280532562,44.3963492371571],[-79.7268798631815,44.3962567139055],[-79.72634251,44.39612658],[-79.725730635227,44.3961102184581],[-79.7251047646039,44.3961719007965],[-79.7245357766471,44.3963379798137],[-79.7241120043052,44.3965150076169],[-79.7240256773227,44.3965034422512],[-79.72366027,44.39607969],[-79.7232757116622,44.3956321781311],[-79.7231462211885,44.3954239980584],[-79.7230544987696,44.3952196724521],[-79.7229573809143,44.3949420969006],[-79.7228818448046,44.3945912703615],[-79.7228537590307,44.3937022823887],[-79.7227829524813,44.3932480788263],[-79.7227894667205,44.3925157173086],[-79.7227570941021,44.3922496951401],[-79.7226869534288,44.3919759609219],[-79.72249002,44.39150367],[-79.7220502919329,44.3909619765358],[-79.7212571627812,44.3900790632759],[-79.71995757,44.3885896],[-79.7194584099674,44.3880499094089],[-79.7191725340029,44.3877432801079],[-79.7191887203121,44.3876198975982],[-79.7196311460974,44.3874425347848],[-79.7200358038279,44.3872381813118],[-79.7203180027198,44.3870615593828],[-79.7205598642581,44.3868696238378],[-79.72086836,44.38656933],[-79.722005,44.385026],[-79.7218639221064,44.3848647477002],[-79.7218790484595,44.3845657637457],[-79.7217036967762,44.3841319724134],[-79.7214716930108,44.3838890478633],[-79.7212828527366,44.3837386654938],[-79.7210832215895,44.3836114185717],[-79.7207972634601,44.3834803153929],[-79.7205598642582,44.3834109077089],[-79.7200904612909,44.3833646358738],[-79.7195185450318,44.383376203836],[-79.7192379823387,44.3833492119206],[-79.7189790013912,44.3832798040811],[-79.7187529336663,44.3831589450335],[-79.7185689482244,44.3828325071415],[-79.7184556440598,44.3827476745777],[-79.7181939653941,44.3827399625204],[-79.7170528305942,44.3829520437272],[-79.7159575570038,44.3831178521356],[-79.7157850692144,44.3831401695693],[-79.71526005,44.38330295],[-79.712731086033,44.3844404465798],[-79.71221396,44.38464894],[-79.71058275863,44.3854160542041],[-79.7097140933687,44.3858054940273],[-79.709519857658,44.3859250245425],[-79.7093579945659,44.3861178151817],[-79.70931,44.38637],[-79.7093310173838,44.3867810101317],[-79.7092015269101,44.3868465580617],[-79.7090612455635,44.3868349907853],[-79.7069408390559,44.384509921816],[-79.706714230727,44.3844173798466],[-79.7064768315251,44.3844289476008],[-79.70616929165,44.3845754722892],[-79.70599285,44.38473684],[-79.7058725426476,44.3850883058105],[-79.7059588696302,44.3853235136671],[-79.70616929165,44.3855008829011],[-79.7064876223979,44.3857322332683],[-79.7067358124726,44.385944303635],[-79.7068491166372,44.3861293825998],[-79.7069030710013,44.3863375957359],[-79.7068814892557,44.3865805101252],[-79.70626444,44.38769346],[-79.7060991509768,44.38799941848],[-79.7059912422487,44.3880996661389],[-79.7055591852424,44.3883518314444],[-79.704626196838,44.3889209193418],[-79.70355348,44.38939941],[-79.7026946306046,44.3898269834496],[-79.7008386004809,44.3906212238544],[-79.7003022315431,44.3908722895665],[-79.700048646032,44.3910727748719],[-79.6998975738127,44.391107474182],[-79.6994389617182,44.3909339774259],[-79.6988184865314,44.3907913241523],[-79.6984677831651,44.3907797576555],[-79.69806293,44.39075455],[-79.6973310128561,44.3907741892521],[-79.6930146637312,44.3907356342423],[-79.6928905686939,44.3906816571859],[-79.69253335,44.39018841],[-79.692058461564,44.3897022911512],[-79.6913976106365,44.3889604081703],[-79.6910171423376,44.3884993408498],[-79.690372,44.387588]]}},{"type":"Feature","properties":{"shape_id":"5fd7786a-de9d-467d-b1f6-89a322dc2bf8","route_id":"8B","route_short_name":"8B","route_long_name":"Crosstown/Essa","route_color":"#000000","route_text_color":"#FFFFFF","direction_id":"1","trip_headsign":"Crosstown/Essa to Park Place","trip_count":7,"agency_id":"barrie-transit","agency_name":"Barrie Transit"},"geometry":{"type":"LineString","coordinates":[[-79.6691320639331,44.4120865709833],[-79.6688100380516,44.4122552225811],[-79.6689950265041,44.4125219296565],[-79.66881201348,44.4134217513521],[-79.6687312025342,44.4134658931922],[-79.6686836666838,44.4135270126082],[-79.6686765363064,44.4135898297192],[-79.6687763615924,44.4136696243304],[-79.668693173854,44.4139344737488],[-79.6686456380036,44.4141823445538],[-79.6686622755513,44.4142842089636],[-79.6685735176902,44.4144889121552],[-79.6674659323747,44.4148250622718],[-79.6670365494661,44.4149751845259],[-79.6660121518891,44.4152671914003],[-79.6659099498106,44.4149938594279],[-79.6657602118817,44.4147442943373],[-79.6656675169733,44.4146763852848],[-79.6655459502665,44.4146158942351],[-79.663366,44.414355],[-79.6630831269634,44.4145228668],[-79.6629983789718,44.4151025132844],[-79.6628652785905,44.4152824707898],[-79.6626418600934,44.4154267759365],[-79.6624089344262,44.4154946841177],[-79.6621308497011,44.4155099634476],[-79.6615033764751,44.4154454506942],[-79.6593701636416,44.4152515778096],[-79.6591138834509,44.4155109383344],[-79.6589142328792,44.4164446675682],[-79.6584840334326,44.4164005279766],[-79.6534365426558,44.4159700391775],[-79.6534959624689,44.4156644542256],[-79.6534983392615,44.4153741470422],[-79.65353099,44.41534493],[-79.6534888320914,44.4153300066424],[-79.6534294122784,44.4150481863817],[-79.6533771228429,44.4147765511101],[-79.65399405,44.41152705],[-79.65458849,44.40830721],[-79.6548411586763,44.4067978304572],[-79.65513496,44.40542054],[-79.6559361118491,44.4012552861428],[-79.6556722878791,44.4010277380372],[-79.651615,44.4006],[-79.649611466947,44.4004435806392],[-79.649502134491,44.4003009366677],[-79.6500487967711,44.3998730026665],[-79.6515033937949,44.3992820410431],[-79.6533941179781,44.3985965562173],[-79.6563235290309,44.3974276054733],[-79.6565564546981,44.3973019364676],[-79.6566895550794,44.397121923638],[-79.65679556,44.39634709],[-79.657145899244,44.3944148714778],[-79.6587288430644,44.3945371500601],[-79.6600503397069,44.3946424453012],[-79.6606350306674,44.3947884996768],[-79.6611674321925,44.3949888992735],[-79.6616095156017,44.3950500379968],[-79.6619327593848,44.3951315561953],[-79.6620896276913,44.3952606264439],[-79.6623035390183,44.3952810059309],[-79.6627636817308,44.3952250861948],[-79.6641621907713,44.3952640230256],[-79.6655858894923,44.3954270587128],[-79.6667481410359,44.3950806073346],[-79.6690393690278,44.3942586262507],[-79.6706627183209,44.3937287480268],[-79.6731583504696,44.392862590599],[-79.676735,44.391588],[-79.6770253919042,44.3914936960542],[-79.6774437073882,44.3915004896546],[-79.6787224217653,44.3913816015342],[-79.6792072874401,44.3913034749236],[-79.6794782417877,44.39121515776],[-79.680825883148,44.3906648708922],[-79.6812608361796,44.3905663622032],[-79.6819488940211,44.390539828637],[-79.68288564,44.39053749],[-79.68510446,44.39053858],[-79.6865896050159,44.3905154093679],[-79.6876996569454,44.390480034976],[-79.69033262,44.39046905],[-79.6910674821288,44.3904338847392],[-79.6913289293063,44.3906750614366],[-79.6915618549735,44.3907362046668],[-79.6927312368946,44.3907328078224],[-79.6928690908609,44.3906512834966],[-79.69253335,44.39018841],[-79.6912027321439,44.3886882627271],[-79.6905467374068,44.3879018604625],[-79.690372,44.387588],[-79.6902023296507,44.3873902173471],[-79.6919991847978,44.3864628184801],[-79.6920657349885,44.386225021532],[-79.6913213572889,44.3853469255361],[-79.691085,44.384954],[-79.6909724104281,44.3845332382188],[-79.6908644485977,44.3819819844822],[-79.6906230577594,44.3801398036444],[-79.6904993260476,44.3794421415565],[-79.6902760102188,44.3784485290597],[-79.6899865484905,44.3776632596067],[-79.6897270217626,44.3768781794127],[-79.6893364484926,44.3759596455626],[-79.6891305891339,44.375500113363],[-79.6888595969279,44.3750638095665],[-79.6887866551111,44.374918594638],[-79.6887671813462,44.3747981794845],[-79.6888251348555,44.374635690433],[-79.6889022002296,44.3742436075697],[-79.6889794912449,44.3741835568618],[-79.6898565762442,44.3742532156772],[-79.6899641115697,44.3741475264074],[-79.6899372277384,44.3739889921451],[-79.6895401784604,44.3738992303515]]}},{"type":"Feature","properties":{"shape_id":"888bc7c1-49d2-430e-a0b6-d37efd1d093d","route_id":"15B","route_short_name":"15B","route_long_name":"Mapleview Construction Shuttle","route_color":"#2464A2","route_text_color":"#000000","direction_id":"0","trip_headsign":"Prince William Way at Mapleview","trip_count":61,"agency_id":"barrie-transit","agency_name":"Barrie Transit"},"geometry":{"type":"LineString","coordinates":[[-79.62838858,44.35185862],[-79.6286925508992,44.3520189697814],[-79.6287923761852,44.3520257679624],[-79.6288945782636,44.351995176142],[-79.6290205482673,44.3518881046449],[-79.629992028622,44.3505254577436],[-79.6313736190717,44.3511194327087],[-79.6331451062159,44.3517679495211],[-79.646705,44.35662146],[-79.647991815135,44.3569922227804],[-79.6417989499432,44.3583196389474],[-79.6409948002097,44.3585775198246],[-79.6407857984652,44.3585905138854],[-79.6393682214154,44.3589933283423],[-79.6392955251565,44.3590388072199],[-79.6379142962359,44.3593246736422],[-79.635556,44.359682],[-79.6315787420956,44.3605831462157],[-79.622547,44.362622],[-79.6161581122082,44.3641311708247],[-79.6155056744093,44.3642556498889],[-79.6150694968555,44.3626834996309],[-79.61469591,44.36196381],[-79.6132066552194,44.3602277424954],[-79.6130885237986,44.3599548742373],[-79.612627,44.358756],[-79.6124706055974,44.3585515316939],[-79.61162789,44.35519739],[-79.6107531564787,44.3523790242839],[-79.611357,44.35223],[-79.6117709041041,44.3520866262256],[-79.6119344706867,44.3520216486813],[-79.6160054611886,44.3510599726015],[-79.6154148040845,44.3496759110867],[-79.614675,44.348353],[-79.6143334472322,44.3481878460505],[-79.6127159554703,44.3487726796102],[-79.6105805028633,44.3492080519156],[-79.6099080624679,44.3493185190011],[-79.610514,44.352003]]}},{"type":"Feature","properties":{"shape_id":"c213d787-cf8a-4054-8d81-823480a158ff","route_id":"7A","route_short_name":"7A","route_long_name":"GROVE","route_color":"#F58220","route_text_color":"#000000","direction_id":"0","trip_headsign":"GROVE to Georgian College","trip_count":72,"agency_id":"barrie-transit","agency_name":"Barrie Transit"},"geometry":{"type":"LineString","coordinates":[[-79.6803262502088,44.3403906345005],[-79.6801806626705,44.3407465402214],[-79.6801916834445,44.3409278262179],[-79.6801200484134,44.341014528018],[-79.6800098406731,44.3410775837921],[-79.6798169771278,44.3410736428082],[-79.6792332636853,44.3409825468649],[-79.6788154322457,44.3408673261086],[-79.6787611389537,44.3407755454269],[-79.6790918344594,44.3400024639824],[-79.6792300355663,44.3395576727784],[-79.67928743,44.33917077],[-79.6792497785812,44.3384598006813],[-79.6789684406134,44.3371112608412],[-79.6789783121211,44.336966520429],[-79.6791017059666,44.3368570823191],[-79.6805858136048,44.336527844436],[-79.6843533480292,44.3356461889549],[-79.6856317082684,44.3353672916052],[-79.6871910884008,44.335026824554],[-79.6899455571054,44.3342728714685],[-79.6901281799968,44.3341563674769],[-79.6901627302735,44.3339833762745],[-79.6899998503974,44.3333620159106],[-79.6898749285862,44.3327213426066],[-79.6897367948137,44.3323780198322],[-79.689335,44.331693],[-79.6887039546637,44.330848126009],[-79.688573417543,44.3305834660172],[-79.6885566227768,44.330210794819],[-79.6886076945666,44.3299402339952],[-79.6886112597555,44.3293502666701],[-79.6886587956059,44.3287109870195],[-79.6886302740956,44.328568168273],[-79.6885161880545,44.3282281222389],[-79.6883044951144,44.3276948826131],[-79.68813661,44.32725928],[-79.6876320212361,44.3262490151959],[-79.687392,44.32555],[-79.6873515597186,44.3251744205146],[-79.68975503,44.32467468],[-79.69301672,44.32395013],[-79.6964641822506,44.3232020119638],[-79.6965830218768,44.3232734279132],[-79.6972627845385,44.3259463623559],[-79.6978237075739,44.3281839161093],[-79.69817,44.32976],[-79.6983941377795,44.3304825906519],[-79.6986846446207,44.3315156895826],[-79.6988954562968,44.3321012843953],[-79.6990414405516,44.3322622692163],[-79.6993042064926,44.3322810043622],[-79.70367789,44.33128177],[-79.70874238,44.33016375],[-79.71319544,44.32921574],[-79.7142785471471,44.328981572369],[-79.7144549447883,44.3290729470467],[-79.7144427794338,44.3292208866993],[-79.7108913785751,44.3353485664933],[-79.70991124,44.33691527],[-79.7088345509775,44.3390884891284],[-79.7088284683002,44.3392538051851],[-79.7089379564914,44.3393712663106],[-79.70998171,44.33965923],[-79.7131897479127,44.3406067690788],[-79.71360782,44.34062273],[-79.7142967951783,44.3405328136598],[-79.7171497,44.33993688],[-79.7179038228075,44.3397279986565],[-79.7204889606531,44.339397368751],[-79.7223259291928,44.339158095946],[-79.7226361457343,44.339158095946],[-79.7238040197728,44.3394539239987],[-79.72473666,44.33976471],[-79.7262431733634,44.340384902542],[-79.7265838032913,44.3404980110775],[-79.7288891379819,44.3409373921646],[-79.7293514214555,44.3410548499172],[-79.72988353,44.34123342],[-79.7307443545534,44.3416551858667],[-79.7312005553496,44.3419988536797],[-79.7315376836978,44.3423384036028],[-79.7321007915876,44.3430428954386],[-79.7328307128615,44.3445088726918],[-79.7331470120803,44.3453179720333],[-79.7334450632672,44.3464576521617],[-79.7337463694123,44.3476937275325],[-79.7339255947726,44.3482062785905],[-79.73412737,44.34901936],[-79.7344608703735,44.3502636752273],[-79.7344547876962,44.350424610185],[-79.7342723073778,44.3505072522889],[-79.73086153,44.35127803],[-79.72746197,44.3520781],[-79.72225259,44.3532061],[-79.7183052795072,44.3541216429345],[-79.715300436929,44.3547870840615],[-79.7141051908426,44.355004546844],[-79.711103389603,44.355739565075],[-79.70986103,44.35598594],[-79.7057567162703,44.3569181845319],[-79.70555598792,44.3570399593607],[-79.705593,44.357424],[-79.7060608501344,44.3591318374409],[-79.70672568,44.36170278],[-79.7072530548819,44.3637458824128],[-79.70730927,44.36419828],[-79.7074294525232,44.3648330220149],[-79.708122,44.367459],[-79.70862279,44.36936283],[-79.7089136257802,44.3703553796292],[-79.708822385621,44.3704901708253],[-79.70622622,44.37101971],[-79.7047956532589,44.371394568247],[-79.7014221,44.37211017],[-79.697584,44.372957],[-79.6962434089976,44.3732859311722],[-79.693708,44.373831],[-79.6900877395862,44.3746728918298],[-79.6895342159534,44.3747815864181],[-79.689163172639,44.3748337597488],[-79.6889806923205,44.3748554986228],[-79.6888651214521,44.3748207164204],[-79.6888164600338,44.374738108607],[-79.6888590387746,44.3744033283804],[-79.6889055607085,44.3742460095967],[-79.6889828517238,44.3741883609207],[-79.689689905126,44.3742472026524],[-79.689863297202,44.3742508136505],[-79.6899708325276,44.3741427223452],[-79.6899305067805,44.3739913941826],[-79.6889806923204,44.3738772413003],[-79.6888712041293,44.3739207197505],[-79.6887860466472,44.3741337636901],[-79.6886643931015,44.3747859341974],[-79.6887123976726,44.37493529639],[-79.6888286253882,44.3749859316979],[-79.6890719324795,44.3750076705154],[-79.6893456529573,44.3749641928722],[-79.6895526693378,44.3749718752586],[-79.6897534327974,44.3750015526974],[-79.6900029960123,44.375089894324],[-79.6902810807378,44.375196923424],[-79.6904617169695,44.3752461907217],[-79.6907994128283,44.3753728814442],[-79.6910792159834,44.3754641838205],[-79.6915171687478,44.3756163541313],[-79.69197509837,44.3757828698029],[-79.6923687435675,44.3760032997119],[-79.6926059679816,44.3762511174485],[-79.6930328178954,44.3769033910184],[-79.6933358892553,44.3773249821877],[-79.6934453774464,44.3775597516125],[-79.6934575428009,44.3778379956379],[-79.69351954,44.37959209],[-79.69361715,44.38125324],[-79.693828,44.385598],[-79.693858999501,44.3859803953807],[-79.6937434286326,44.3860629873337],[-79.693164658139,44.3860637775697],[-79.6927945309763,44.3860890689788],[-79.6925200026902,44.3861384086767],[-79.6917726411926,44.3864759453505],[-79.6909403209496,44.3868381946774],[-79.690112070294,44.3873105463432],[-79.6900329954893,44.3874235643128],[-79.6900390781666,44.387510501064],[-79.690237,44.387753],[-79.6908602395999,44.3884711435685],[-79.6917604758374,44.3894317703069],[-79.69250726,44.39039984],[-79.6930970357912,44.3909947552976],[-79.6934514601226,44.3914572935679],[-79.693414964059,44.3915746500634],[-79.6926485467212,44.3919267181378],[-79.6925025624664,44.3920223411997],[-79.6924843144345,44.3921353500714],[-79.69412,44.394131],[-79.69624255,44.39659223],[-79.6962799050588,44.3967859105122],[-79.69232901,44.3984896],[-79.6904209361013,44.3993469495963],[-79.68845319,44.40018354],[-79.6867165856355,44.4010027351153],[-79.6861508966481,44.4013808213],[-79.68568914,44.40178296],[-79.6850925108005,44.4024802994243],[-79.6847640462272,44.4027193136737],[-79.6838151485709,44.4031451911888],[-79.6828703393263,44.4035517813892],[-79.6818991052262,44.4040012825281],[-79.6798461524248,44.4048769355288],[-79.6779439761998,44.4057503002994],[-79.6773905052596,44.405937137836],[-79.6754928906081,44.4067931068266],[-79.674860352391,44.4070364256746],[-79.6745501653807,44.4070885652961],[-79.673827,44.406997],[-79.668958,44.406516],[-79.6687235152647,44.4066106170264],[-79.6686140374963,44.4067713818803],[-79.6681700443244,44.4090828709305],[-79.6679997455734,44.410064791642],[-79.6679814992787,44.4102559601289],[-79.6680970591453,44.4103906466422],[-79.6685374842606,44.4104614425435],[-79.6722471583754,44.41077465496],[-79.673382402517,44.4108902874498],[-79.6737047537238,44.410842495905],[-79.6737959851974,44.4107034657344],[-79.673919,44.410097]]}},{"type":"Feature","properties":{"shape_id":"e9d6eb98-a7e7-4e75-a01f-b6bffcbe853c","route_id":"12A","route_short_name":"12A","route_long_name":"GEORGIAN MALL","route_color":"#F8A1BE","route_text_color":"#000000","direction_id":"0","trip_headsign":"GEORGIAN MALL","trip_count":76,"agency_id":"barrie-transit","agency_name":"Barrie Transit"},"geometry":{"type":"LineString","coordinates":[[-79.615745,44.35015],[-79.614675,44.348353],[-79.614012632186,44.3475292511835],[-79.6095894044819,44.3486262110944],[-79.610514,44.352003],[-79.611327,44.35490312],[-79.612350526462,44.3584415208617],[-79.612888,44.359826],[-79.613135022973,44.3602839611088],[-79.61448897,44.36201245],[-79.6148751788705,44.3625172473447],[-79.615512285128,44.3641590153491],[-79.6155978665656,44.364352761333],[-79.6158451018297,44.3644139441422],[-79.6181177644498,44.3639142826639],[-79.6195203491212,44.3635471817194],[-79.6200576103682,44.3633840250056],[-79.62251539,44.36280583],[-79.6261861922035,44.3619733803034],[-79.6280547202572,44.3615212869827],[-79.6288867620115,44.3613819191654],[-79.6325912557102,44.3605729504331],[-79.6348251628745,44.3600460108286],[-79.6357761576905,44.3598592412401],[-79.6369694533382,44.3595769060186],[-79.6383815470582,44.35933555353],[-79.6395083693196,44.3590738039326],[-79.6411999982275,44.3586561117771],[-79.6444055293588,44.357928210768],[-79.6489913552398,44.3569027994217],[-79.6511284267329,44.3564154495734],[-79.6522029492269,44.3561706845408],[-79.6588236243284,44.3547156713007],[-79.66165791,44.35403734],[-79.6645142401895,44.3533394082488],[-79.6707317849971,44.3519466149188],[-79.67045613,44.35102962],[-79.67003749,44.34842448],[-79.6697851801248,44.3476168643713],[-79.6696995986873,44.3469742575141],[-79.6697606221362,44.3462328899468],[-79.66983149,44.3454862],[-79.6700038882431,44.3437611175548],[-79.67023057,44.3420197],[-79.6702606325559,44.3408946440702],[-79.670006723603,44.3392224896262],[-79.6697756710763,44.338480305004],[-79.66942321,44.33673653],[-79.6687486938254,44.3344369145376],[-79.6689704420632,44.3342517234573],[-79.67365255,44.33312923],[-79.67729778,44.332292],[-79.6775730909445,44.3323828061983],[-79.678502600447,44.3365079542406],[-79.6786618770114,44.3371200701976],[-79.679008957286,44.338028030432],[-79.6791801201612,44.3388543640427],[-79.6792276654042,44.3390209895737],[-79.6794273554253,44.3390889998585],[-79.6803307150441,44.3391128034396],[-79.6804258055303,44.3392148186774],[-79.6803262502088,44.3403906345005],[-79.6801833247905,44.3408402375229],[-79.6801806626705,44.340935708205],[-79.6801200484134,44.341014528018],[-79.6800098406731,44.3410775837921],[-79.6798224875148,44.3410697018241],[-79.6787700035956,44.34095935416],[-79.6784999946321,44.3409514721761],[-79.6783401934088,44.3410775837921],[-79.67819993,44.34150661],[-79.678058052424,44.3420609722556],[-79.6780152617052,44.3426220256544],[-79.67807608,44.34321618],[-79.6784764505632,44.3445499682249],[-79.679344,44.347963],[-79.680602,44.352537],[-79.681731,44.35613],[-79.682381,44.358461],[-79.683233,44.361703],[-79.684603,44.366635],[-79.6848760402842,44.3678434783094],[-79.6849568671974,44.3679420447077],[-79.6850947484024,44.3679794319189],[-79.687174852788,44.3679658365721],[-79.6896995051965,44.367945443546],[-79.692285966421,44.3679216516733],[-79.6924880337042,44.3679624377348],[-79.69299401,44.36995142],[-79.6930966128159,44.3704537324774],[-79.6924711603425,44.3713371118895],[-79.6904420505482,44.3741351975798],[-79.6903152160947,44.3745150294519],[-79.6903067642633,44.374625496544],[-79.6903000950776,44.3747840958179],[-79.6903537029239,44.3749446794358],[-79.6905079299514,44.3751673027973],[-79.6907949263331,44.3753362819753],[-79.6922553892288,44.3759357557258],[-79.6925408657846,44.3761618966511],[-79.6927234347298,44.3764547632012],[-79.6930328178954,44.3769033910184],[-79.6934436930906,44.3775395781011],[-79.6934838410308,44.3777757512197],[-79.69351954,44.37959209],[-79.69361715,44.38125324],[-79.693828,44.385598],[-79.6938525821812,44.3860244721709],[-79.6937432281221,44.3860686434117],[-79.6929825042325,44.3860890301269],[-79.6925165608502,44.3861467924483],[-79.6917748550578,44.3864525920238],[-79.691003940145,44.3868046318614],[-79.6901915984626,44.3872986291918],[-79.6900679808306,44.3874243445146],[-79.6900965079765,44.3875534572678],[-79.690237,44.387753],[-79.6910141311683,44.3886033372399],[-79.69250726,44.39039984],[-79.6934389385662,44.3914912594325],[-79.6933961478474,44.3915592088271],[-79.6926591965794,44.3919227367479],[-79.6925355789473,44.3920178651768],[-79.6925213153744,44.3921605575304],[-79.6933304340568,44.3930997916108],[-79.69412,44.394131],[-79.69624255,44.39659223],[-79.6979186901314,44.3985375544438],[-79.6990492772519,44.3997261514049],[-79.699795,44.400654],[-79.7008227148194,44.4017778995774],[-79.701782,44.402915],[-79.70328888,44.40466177],[-79.70620755,44.40802404],[-79.7081283,44.41032007],[-79.708629643736,44.41081968069],[-79.7085583258714,44.4109589308528],[-79.7081114005862,44.4111525219917],[-79.7080448372459,44.4112102595758],[-79.7080400827216,44.4112849787175],[-79.7085762670262,44.4118745345584]]}},{"type":"Feature","properties":{"shape_id":"6ac82ce0-f060-4a00-b151-6c479e16f307","route_id":"8A","route_short_name":"8A","route_long_name":"RVH/YONGE","route_color":"#000000","route_text_color":"#FFFFFF","direction_id":"0","trip_headsign":"RVH/YONGE to Georgian College","trip_count":48,"agency_id":"barrie-transit","agency_name":"Barrie Transit"},"geometry":{"type":"LineString","coordinates":[[-79.62838858,44.35185862],[-79.6286925508992,44.3520189697814],[-79.6287923761852,44.3520257679624],[-79.6288945782636,44.351995176142],[-79.6290205482673,44.3518881046449],[-79.6299237294267,44.3505896347298],[-79.6299739006127,44.3504156843045],[-79.6298740753268,44.3502763176093],[-79.6292180805905,44.3499058045397],[-79.6286381432152,44.3494910990599],[-79.6282435956564,44.3491647713736],[-79.627986902064,44.3489336214966],[-79.6277658603594,44.3487262656842],[-79.6276541511109,44.3485698985208],[-79.6277159477164,44.3484883154874],[-79.6283909567929,44.3483081525529],[-79.6293131522919,44.3481007945278],[-79.63144988,44.34762231],[-79.6336484218536,44.3472203645794],[-79.6356068988922,44.3466968594219],[-79.636806,44.346424],[-79.6432432600627,44.3449835681279],[-79.6464022905304,44.3442764371369],[-79.6487980973934,44.3437325082641],[-79.6496798874192,44.343538732384],[-79.6517167986113,44.3430729877364],[-79.6527697176988,44.3428520127043],[-79.6556860421243,44.3421890826105],[-79.6571311319782,44.341906910091],[-79.6586047433422,44.341536344117],[-79.6598882113044,44.341254168456],[-79.6608912177491,44.3410297868405],[-79.661454517577,44.3409481933128],[-79.6620986283506,44.3408156035882],[-79.662236482317,44.340839401766],[-79.6623077860927,44.3409651919738],[-79.6626785657262,44.3422876726886],[-79.6630065630945,44.3434911382099],[-79.6633060389523,44.344687779995],[-79.6637671367019,44.3465472856605],[-79.6637956582122,44.3467512497852],[-79.6637841,44.34714163],[-79.6637677191124,44.3476700378032],[-79.6638436621981,44.3486141498361],[-79.6640072319212,44.349361909194],[-79.6641854521862,44.3500587689338],[-79.6643185525674,44.3501267529813],[-79.6644611601188,44.3501403497814],[-79.6675319760582,44.3494095173077],[-79.6699467972618,44.3488554382426],[-79.6700656368879,44.3487976505538],[-79.6701036655682,44.3487092692725],[-79.67003749,44.34842448],[-79.6698022735351,44.347640795151],[-79.6697321722246,44.3471729107534],[-79.6697380140011,44.346170288751],[-79.66983149,44.3454862],[-79.669851725561,44.3452792927645],[-79.6700276082077,44.345235099488],[-79.6704506772768,44.345235099488],[-79.6721904894033,44.344874753067],[-79.6731364528274,44.3446639833788],[-79.6741355862378,44.3444434151717],[-79.6749808438249,44.3441404553909],[-79.6763356155628,44.3438106983492],[-79.6766493521759,44.3437461065464],[-79.6780611669344,44.3434673411078],[-79.678241803166,44.343365353421],[-79.6783083533567,44.3432157711594],[-79.6782608175062,44.3429336035815],[-79.6782608175062,44.3423454667946],[-79.6783321212821,44.3419613048984],[-79.6784557144932,44.3414819489137],[-79.6786173363848,44.3411045808069],[-79.6786506114801,44.3410637841093],[-79.678740929596,44.3410433857499],[-79.6792828382911,44.3411419777547],[-79.6797534432106,44.3411759749593],[-79.6798770364218,44.3411997729908],[-79.6799578473675,44.3412405695938],[-79.6800719334086,44.3413459606867],[-79.680114715674,44.341379957773],[-79.6801907730347,44.3414037557217],[-79.6802953519057,44.3413969563088],[-79.6803809164365,44.3413595595236],[-79.680433205872,44.3413255624254],[-79.6804693561829,44.3412739049579],[-79.6804854953075,44.3412167715788],[-79.6804522202122,44.3411453774761],[-79.6803904236066,44.3410909819108],[-79.6802763375656,44.340948193312],[-79.6802478160553,44.3408292025473],[-79.6803262502088,44.3403906345005],[-79.6803381341714,44.3402036471265],[-79.6804522202125,44.3397548749958],[-79.680504509648,44.3395474867144],[-79.6804854953078,44.3391769058276],[-79.680399930777,44.3390273128794],[-79.6802763375659,44.3389695155018],[-79.679449213768,44.3389593159586],[-79.6793303741419,44.3389321171682],[-79.6792970990466,44.3388437210123],[-79.6792590703662,44.3383711393027],[-79.6791243869644,44.3377059952958],[-79.6789675186579,44.3371688053671],[-79.678972272243,44.3370124073743],[-79.6790150545084,44.3369308082559],[-79.6791434013046,44.3368458090535],[-79.6805858136048,44.336527844436],[-79.6827561259391,44.3360128103497],[-79.6853848584693,44.3354212040839],[-79.6873623498481,44.3349689952698],[-79.6881609521357,44.3348023911435],[-79.6887176431181,44.3346779349066],[-79.6897153744456,44.3344181798233],[-79.6912784612385,44.3340835255415],[-79.6938462398499,44.3335103430747],[-79.6958626418244,44.3330529863322],[-79.6971499814562,44.3327521016113],[-79.69856992,44.33243152],[-79.7011347400102,44.3318446452205],[-79.70367789,44.33128177],[-79.70874238,44.33016375],[-79.7145243347968,44.3288791369196],[-79.7147382461238,44.3287941260466],[-79.7148951144303,44.3286785110616],[-79.7149616646211,44.3285900994487],[-79.7151209097202,44.3283316647392],[-79.7161643216376,44.3265021864719],[-79.7169011273201,44.325196352959],[-79.7171673280826,44.3247644693327],[-79.7173883697872,44.3243937950235],[-79.717728251118,44.3237544613533],[-79.7180895235814,44.3231083191818],[-79.7188191988857,44.3219724520084],[-79.7189309081343,44.3218262160139],[-79.7190640085155,44.3218075113837],[-79.719320702108,44.3218976336381],[-79.7221633459651,44.3227359340136],[-79.722472328993,44.3227937473911],[-79.7228145871163,44.3228073505304],[-79.72353994,44.32269687],[-79.7254480732314,44.3222972306458],[-79.7266554838329,44.3220251648936],[-79.72805133,44.32184739],[-79.728226210131,44.32192240185],[-79.7287185397426,44.32381397409],[-79.7289181903145,44.3246369440318],[-79.72906455,44.32504571],[-79.7292129125875,44.3254020916783],[-79.729155869567,44.3254633030589],[-79.7248158464209,44.326456278755],[-79.7246684852844,44.3265480941519],[-79.7246304566041,44.3266399094051],[-79.72470867,44.32693573],[-79.7250390441606,44.3280391965127],[-79.7252220571849,44.3287974989075],[-79.7255857064411,44.3301814605154],[-79.7255999671963,44.3304568887819],[-79.7255476777608,44.3306371065773],[-79.7254811275701,44.3307527177016],[-79.7253860558692,44.3308717289151],[-79.7252101732226,44.3309975405067],[-79.72400905,44.33163557],[-79.72085917,44.33349211],[-79.7195771749444,44.3343161488208],[-79.7193537564473,44.3345405561288],[-79.7192349168212,44.3346901605238],[-79.7191541058754,44.3348499647968],[-79.7190875556848,44.3351491716263],[-79.7191018164399,44.3353837759134],[-79.7192824526716,44.3361691834352],[-79.71954061,44.33718263],[-79.72006099,44.33921511],[-79.7200572870341,44.339351506244],[-79.7199384474079,44.3394059034231],[-79.7181986352814,44.3396234916347],[-79.7172241503473,44.3398206802539],[-79.71668472,44.33987811],[-79.7163209691888,44.3400144684233],[-79.71421573,44.34041427],[-79.7135258611822,44.3405414330134],[-79.7133785000458,44.3405312337437],[-79.71003526,44.33954493],[-79.7089719267092,44.3392597108897],[-79.7087580153822,44.3392597108897],[-79.708629668586,44.3392937091858],[-79.7085488576402,44.339358305894],[-79.70697499,44.34205309],[-79.7061435436074,44.3435399413638],[-79.7059510234131,44.3438527021096],[-79.7056396635926,44.3444918167059],[-79.7046461643184,44.3461167681825],[-79.70433311,44.34656133],[-79.7039854159972,44.3472623658955],[-79.7037008346096,44.3477346721128],[-79.7033530296894,44.3482231705322],[-79.7028730770966,44.3487886615926],[-79.7023691970819,44.3491829765151],[-79.701121431656,44.3501101046866],[-79.7007101959015,44.3504338890572],[-79.7003536770231,44.3508043987885],[-79.7000850994681,44.3511477130543],[-79.6997784932327,44.351749357957],[-79.6996501464365,44.3521674465402],[-79.6993203281951,44.3542058380965],[-79.6992157220373,44.3548817548085],[-79.6989228479247,44.3560048845302],[-79.698834103447,44.3562553948449],[-79.69807715,44.3576689],[-79.6975300475066,44.3590297913845],[-79.6973826863702,44.3596517472586],[-79.6973018754245,44.3613068654277],[-79.6972258180638,44.3627580291301],[-79.6971782822133,44.3636722098226],[-79.6971658368537,44.3637609069546],[-79.69708789759,44.3642076345109],[-79.6970422615185,44.3646694471738],[-79.6968568538258,44.3650488900245],[-79.6966572032539,44.3654227056661],[-79.6960051176551,44.3663616100765],[-79.6950314757246,44.3677040557685],[-79.69473858,44.3681091],[-79.6945996400475,44.368303529519],[-79.6926731877069,44.371058477683],[-79.6924711603425,44.3713371118895],[-79.6918080352287,44.3722885357741],[-79.6903929814496,44.3743057560233],[-79.690234598579,44.3746330500864],[-79.6890224343925,44.3748607008245],[-79.6888940875963,44.3748369164605],[-79.6888040695571,44.3747736479119],[-79.6888595315107,44.3744741212609],[-79.6889022002296,44.3742460095967],[-79.688972770287,44.3741811548322],[-79.689863297202,44.3742436075697],[-79.6899641115697,44.3741451243764],[-79.6899170648648,44.3739841880699],[-79.6897531198448,44.3739253232581],[-79.6889828517238,44.3738736942303],[-79.6888618744825,44.373924137096],[-79.6887602059591,44.3744379405368],[-79.6886852186691,44.374791697963],[-79.688760987215,44.3751495101888],[-79.6891507811887,44.3758698285144],[-79.6893646925158,44.3764168567949],[-79.6898970940409,44.3778846341341],[-79.690070599895,44.3784826069464],[-79.6902441057492,44.3791587165771],[-79.6902899466778,44.3793967814639],[-79.6904294955661,44.3800046920033],[-79.6905435816071,44.3808948216242],[-79.6905863638726,44.3812889204929],[-79.6906196389679,44.3816762219689],[-79.6906172621754,44.381907242682],[-79.6907406220001,44.3832255860918],[-79.6908002751996,44.3837417865696],[-79.6908145359547,44.3846896117208],[-79.6908953469005,44.3849885641405],[-79.6910474616219,44.385253543418],[-79.6912851408742,44.3855626843925],[-79.6914871682386,44.3857946524221],[-79.6919490627329,44.3863058951867],[-79.6918814789943,44.3864288355105],[-79.6909132542339,44.3868691881994],[-79.6901365897447,44.3872850198908],[-79.6900567180537,44.3873903955643],[-79.69006286203,44.3875177242501],[-79.690237,44.387753],[-79.6908922988212,44.3884573135751],[-79.6914575446346,44.3891115047125],[-79.6918630470658,44.3895812884684],[-79.69250726,44.39039984],[-79.6926433320474,44.3905823104362],[-79.6925204525228,44.390718412978],[-79.6914237545088,44.3906871363718],[-79.6911564897994,44.3903715703921],[-79.6908124271304,44.3902969331112],[-79.69020332,44.39030032],[-79.687587404753,44.3903634826982],[-79.6875199489307,44.3903620177723],[-79.6874434291562,44.3903656261059],[-79.6865645781172,44.3903720563286],[-79.685586743856,44.3903806299576],[-79.68509193,44.39037224],[-79.68326777,44.39042963],[-79.6811025039149,44.3905113776452],[-79.6808235511964,44.3905521022752],[-79.680577958677,44.3906500532155],[-79.6800646798215,44.3908564644017],[-79.67958159,44.39104266],[-79.6790897204808,44.3912452585436],[-79.6785679335133,44.3912937142639],[-79.6776530885752,44.3913965961097],[-79.6772091638183,44.3914308900181],[-79.6769393287997,44.3914077016364],[-79.6766932512634,44.3914759007424],[-79.6764382944774,44.3915830689942],[-79.676045380258,44.3917325864692],[-79.67344728,44.39260564],[-79.67096589,44.39346245],[-79.668429651907,44.3943500853094],[-79.666508435244,44.3950626536979],[-79.6660476370267,44.3952250861948],[-79.6658387418348,44.395264596734],[-79.6653625836768,44.395264596734],[-79.6644502032064,44.3952163060714],[-79.6630954564474,44.3950889941334],[-79.6620077403924,44.3952116701847],[-79.6582463779264,44.3966090395785],[-79.656976056121,44.3970776627774],[-79.6564693544191,44.3972673652928],[-79.6540500891781,44.3981971136687],[-79.6531975107386,44.398521929426],[-79.650872,44.399395],[-79.6503667134936,44.3995922687],[-79.6497230921796,44.399983719246],[-79.649415893368,44.400273439018],[-79.6494036054156,44.4004358570505],[-79.6495879247026,44.4005280400575],[-79.651577074363,44.4007458488582],[-79.6557134690061,44.4010986935358],[-79.6557697363725,44.401384342884],[-79.65529,44.403849],[-79.654712,44.406942],[-79.65379228,44.41169531],[-79.6532762203517,44.4146646793352],[-79.6532972167937,44.4149624885223],[-79.65333888,44.41529301],[-79.653414196966,44.415596667061],[-79.6534892580912,44.4160186284721],[-79.6536907659306,44.4160905946394],[-79.65657733,44.41637423],[-79.6588124235156,44.4165523754394],[-79.6589887428751,44.4165103955173],[-79.6591146852747,44.416432432725],[-79.6591837501039,44.4157759497032],[-79.6592994007942,44.4153889207294],[-79.6594337393538,44.4153049591847],[-79.6606427863902,44.4154249042117],[-79.6611757465238,44.4154789801079],[-79.6616777963284,44.4155066826872],[-79.6622548491056,44.4155808323789],[-79.6624311684651,44.4155628406885],[-79.6625571108647,44.4155268572911],[-79.6626646290654,44.4154766878651],[-79.6627936072043,44.415408128214],[-79.6629388429486,44.4152743765875],[-79.6630185690743,44.4152045912762],[-79.6630635614487,44.4151103212965],[-79.663153238223,44.4146152705053],[-79.6632707844626,44.4144833291354],[-79.663549,44.414484],[-79.6643203044595,44.4145852838564],[-79.6647653009382,44.4146512544636],[-79.6653866167764,44.4146872383998],[-79.6654873706961,44.4147112276782],[-79.6655713322959,44.4147712008314],[-79.6656888785355,44.414879152352],[-79.6658148209351,44.4152030057183],[-79.6662514212539,44.415244986579],[-79.6672759751842,44.4149726280554],[-79.6686863076467,44.4145492998576],[-79.6687784458849,44.4144929647311],[-79.6688282569534,44.414384352515],[-79.6688570949404,44.4141764906424],[-79.6689331223606,44.4137925996563],[-79.6689593387124,44.4137139485091],[-79.6689829334291,44.4136746228958],[-79.6690301228623,44.4136409152062],[-79.6690537175789,44.4135753724208],[-79.6690537175789,44.4135360467144],[-79.6690379877678,44.4134854850529],[-79.668996041605,44.4134049608352],[-79.6689803117939,44.413318818526],[-79.6691268924649,44.4125712280085],[-79.6691744283153,44.4125101075936],[-79.6692576160536,44.4124744539888],[-79.6693312966218,44.4124286136078],[-79.6693883396424,44.4123657952496],[-79.6693930932274,44.4122944878422],[-79.6693835860573,44.4122452517245],[-79.6693265430368,44.4121637573696],[-79.6692980215265,44.4121382903604],[-79.6692695000161,44.4121162189436],[-79.669205326618,44.412092449716],[-79.6691320639331,44.4120865709833]]}},{"type":"Feature","properties":{"shape_id":"8796f1d2-f52e-43c8-af62-5fb12d86ef1f","route_id":"8B","route_short_name":"8B","route_long_name":"Crosstown/Essa","route_color":"#000000","route_text_color":"#FFFFFF","direction_id":"1","trip_headsign":"Crosstown/Essa to Park Place","trip_count":2,"agency_id":"barrie-transit","agency_name":"Barrie Transit"},"geometry":{"type":"LineString","coordinates":[[-79.6691320639331,44.4120865709833],[-79.6687910237115,44.412295969709],[-79.6690079075265,44.4125726172389],[-79.6688306188163,44.4134186788926],[-79.6686495580058,44.4135210676893],[-79.6687551768117,44.4136611783836],[-79.6686382417049,44.4141461743489],[-79.6686420138052,44.414272811522],[-79.6686210535407,44.4144889121552],[-79.6659977715529,44.4152616498046],[-79.6659034690474,44.4149814357493],[-79.6657903060409,44.4147551080321],[-79.6655459502665,44.4146158942351],[-79.663366,44.414355],[-79.6630736197933,44.4145330531897],[-79.6630102681807,44.4149329370266],[-79.6629509128899,44.4151697704297],[-79.6626089312201,44.4154178747784],[-79.6621395446145,44.4155211398316],[-79.6616714991135,44.4154822477986],[-79.6593701636416,44.4152515778096],[-79.6590758547705,44.4155245199574],[-79.6589142328792,44.4164310861589],[-79.6584840334326,44.4164005279766],[-79.6534733267709,44.4159596810317],[-79.6535189243268,44.4156740257546],[-79.65353099,44.41534493],[-79.6534190885672,44.4149439027595],[-79.6534027289259,44.4147928293797],[-79.65399405,44.41152705],[-79.65458849,44.40830721],[-79.65513496,44.40542054],[-79.6559361118491,44.4012552861428],[-79.6556247520286,44.4010073605518],[-79.651615,44.4006],[-79.6496304812869,44.4004367880771],[-79.649506888076,44.4002635774748],[-79.6501153469618,44.399818661617],[-79.6508616598139,44.399523181277],[-79.6533941179781,44.3985965562173],[-79.6563425433711,44.3974310019291],[-79.6565849762084,44.3973223152437],[-79.6566990622494,44.3971287165851],[-79.65679556,44.39634709],[-79.657150652829,44.3944080782158],[-79.6601453220931,44.3946455058244],[-79.6605275369005,44.3947447475639],[-79.6611350572786,44.3949257966832],[-79.661702344519,44.3950169917951],[-79.6618497325792,44.395050922946],[-79.6619893002873,44.3951425627515],[-79.6620836027927,44.3952692410699],[-79.6622797710931,44.3952945922515],[-79.6627636817308,44.3952250861948],[-79.6631963350294,44.3951913353915],[-79.6650765636609,44.395352267942],[-79.6655858894923,44.3954270587128],[-79.6666958516004,44.3950941937018],[-79.6706627183209,44.3937287480268],[-79.6731583504696,44.392862590599],[-79.676735,44.391588],[-79.6770158847341,44.3914869024531],[-79.6772736751991,44.3914971763441],[-79.6776239381804,44.3914603824294],[-79.6793030651157,44.3912923214677],[-79.6802245546398,44.3908618877728],[-79.680825883148,44.3906648708922],[-79.6813939365609,44.3905731559112],[-79.68288564,44.39053749],[-79.68510446,44.39053858],[-79.6876996569454,44.390480034976],[-79.6899785322747,44.3904701992902],[-79.69033262,44.39046905],[-79.6910769892989,44.3904678533483],[-79.6913526972315,44.3906988393671],[-79.6915475942184,44.3907429983551],[-79.6927597584049,44.390739601511],[-79.6929166267114,44.3906716645886],[-79.69253335,44.39018841],[-79.6912410233001,44.388725979805],[-79.690372,44.387588],[-79.6901975760656,44.3873868203085],[-79.6919754168726,44.3864798039394],[-79.6920799957436,44.3862284186381],[-79.691085,44.384954],[-79.6909919164396,44.3846814230591],[-79.6910191836777,44.38429632858],[-79.6909278379509,44.3827295506385],[-79.6908644485977,44.3819819844822],[-79.6908103934449,44.3811067721369],[-79.6905494056539,44.3795399088341],[-79.6902760102188,44.3784485290597],[-79.6901057264091,44.3779263688723],[-79.6895576520479,44.376415383623],[-79.6888903401784,44.3751528056092],[-79.6888095292326,44.374792643144],[-79.6889089211875,44.3742436075697],[-79.688976130766,44.3741787528025],[-79.6898885930378,44.3742489974918],[-79.6899540301329,44.3741475264074],[-79.6899271463016,44.3739841880699],[-79.6895401784604,44.3738992303515],[-79.688972770287,44.3738809003566],[-79.6888517930458,44.3739217350557],[-79.6886878253269,44.3747981412459],[-79.688747732627,44.3749387470526],[-79.6889378760288,44.3749965089624],[-79.6902118368209,44.3746907099686],[-79.692628028649,44.3714356529379],[-79.69510843,44.36787963],[-79.697384,44.364613],[-79.6973089392946,44.3647921535842],[-79.6975038362815,44.3634429931971],[-79.6975816825603,44.3609249240403],[-79.6976702117581,44.3598507446538],[-79.6977462691188,44.3594361095461],[-79.697974441201,44.3587903605024],[-79.6986073052161,44.3573986114411],[-79.6989869548159,44.3564486108508],[-79.699205619728,44.3559625756106],[-79.69942096,44.35499844],[-79.6997293650943,44.3526582034027],[-79.6997808169867,44.3523024223824],[-79.6999090683939,44.3519301995004],[-79.7003417265539,44.3512039757106],[-79.7005185419228,44.3509698866825],[-79.7009311710995,44.3505241441822],[-79.7013252795532,44.3501436323013],[-79.702368477735,44.3493623366598],[-79.7027947250593,44.3490305562581],[-79.7031342140789,44.3487041688271],[-79.7033303632902,44.3484775847483],[-79.703552917203,44.3482051432081],[-79.7038411917592,44.3478329090972],[-79.7042469836428,44.3471234568759],[-79.704667,44.346517],[-79.70590984,44.34432976],[-79.7064800669708,44.3432443277851],[-79.70716838,44.34217844],[-79.7088316294462,44.3393465833945],[-79.70998171,44.33965923],[-79.7130925586501,44.3405735681594],[-79.71360782,44.34062273],[-79.7153822234815,44.3403064855053],[-79.7171497,44.33993688],[-79.7179887447312,44.3397345468404],[-79.7199978007174,44.3394213795089],[-79.7202164656295,44.3392887863315],[-79.72003714,44.33854098],[-79.7197201387304,44.3373765898466],[-79.71945808,44.33625379],[-79.7192373099025,44.3353962643773],[-79.7192410957361,44.3352372548125],[-79.719293398815,44.3349314829666],[-79.7193542450091,44.3347325436029],[-79.7195767989219,44.3344465477825],[-79.7200784882507,44.3341011924799],[-79.72055565,44.33385271],[-79.72428821,44.33161711],[-79.7250534430178,44.3311857778541],[-79.7253605559683,44.330961813388],[-79.725608660317,44.3307056624118],[-79.7256725128719,44.3304883303246],[-79.7256958321152,44.3301973837732],[-79.72534005,44.32871691],[-79.7255594952214,44.3286123517081],[-79.7303962680046,44.3279662630443],[-79.7310094804754,44.3279186562297],[-79.7331687964823,44.3280461743963],[-79.7334575767738,44.3278914523182],[-79.7333957801682,44.3274765911058],[-79.7329727110995,44.3258970311938],[-79.7325639027857,44.324870039392],[-79.7322263982475,44.3247544166724],[-79.7293980151456,44.3253869381754],[-79.7290948,44.32473266],[-79.7290041805428,44.3245564561752],[-79.7283593568132,44.3218297662157],[-79.7281074168059,44.3217549476635],[-79.72753192,44.3218044],[-79.7262882683858,44.3220143808008],[-79.724918996007,44.3223274236305],[-79.72355319,44.32258387],[-79.7225522829624,44.3227113379664],[-79.7219796313035,44.3226000262856],[-79.7215693710137,44.3224839444191],[-79.72029115,44.32207598],[-79.719023315785,44.3217277408934],[-79.7187238399271,44.3218229645329],[-79.7171432728998,44.3244517561209],[-79.7159575406882,44.3265123881818],[-79.7147736107553,44.3285766469933],[-79.7146119888637,44.3287092643931],[-79.713514,44.328896],[-79.70927336,44.32980473],[-79.70430153,44.33089332],[-79.7032482802563,44.3311378146691],[-79.69937219,44.33201262],[-79.6956955337636,44.3328494607732],[-79.69292148,44.33345762],[-79.6906506769021,44.3339930714143],[-79.6880175958364,44.3345261026526],[-79.6855619362332,44.3350790044713],[-79.6831693907985,44.3356436899828],[-79.6824300591559,44.335837947481],[-79.6816530065109,44.336016016289],[-79.6790314048026,44.3366895595209],[-79.6787366825298,44.3368357584623],[-79.6786653787541,44.3370533562117],[-79.6789985703825,44.3379167817782],[-79.6791312300886,44.3388281077034],[-79.6792120410343,44.3389981002379],[-79.6794211987763,44.3390728967969],[-79.6803624086155,44.3391306940726],[-79.68043084604,44.3392697238394],[-79.6803262502088,44.3403906345005],[-79.6801912795538,44.3408271887272],[-79.6801751522835,44.3409238852239],[-79.6801200484134,44.341014528018],[-79.6800043302861,44.3410815247758],[-79.6787652040405,44.3409631781574],[-79.6785465391284,44.3409869762753],[-79.6784324530873,44.3410617702972],[-79.67819993,44.34150661],[-79.6780996881025,44.3421671522088],[-79.6780808276007,44.3427714395206],[-79.6781638138054,44.3433703252642],[-79.6765946201148,44.3436697658418],[-79.6741548876226,44.3443019301488],[-79.6733698850147,44.344522589314],[-79.6719105344059,44.3448795383952],[-79.6705319947429,44.3451684955833],[-79.6699710717076,44.3451650960952],[-79.6698237105712,44.3452160883953],[-79.6697666675506,44.3452942765026],[-79.6697395843112,44.3454591539776],[-79.6696383207543,44.3464364908754],[-79.6695860579074,44.3471415462688],[-79.6698651933234,44.348398566023],[-79.669915,44.348495],[-79.6699859005304,44.3487438371161],[-79.6645044489057,44.3500329609939],[-79.664319059089,44.3499921705096],[-79.6639807169773,44.3486521246772],[-79.66391904,44.34749335],[-79.6638977307706,44.3466937601837],[-79.662389103561,44.340803390544],[-79.6620658597779,44.3405994057243],[-79.6613567060982,44.3407190028568],[-79.6599885431132,44.3410719694742],[-79.6484537711538,44.3436345060581],[-79.6438029075502,44.3446419926873],[-79.6366080350698,44.3462835170264],[-79.6337915359306,44.3470245866192],[-79.63193984,44.34733971],[-79.6276594112227,44.3483877222744],[-79.6273979640453,44.3484795033366],[-79.62737419612,44.348629072167],[-79.628225,44.349404],[-79.6290613752173,44.3500024952522],[-79.6298649123167,44.3504988894166],[-79.6293323906887,44.3512196734584],[-79.628145764902,44.3508046316467],[-79.6276478476734,44.3512901486089],[-79.62838858,44.35185862]]}},{"type":"Feature","properties":{"shape_id":"ebdb9e06-0ab3-4230-91ac-d20d8baf88b7","route_id":"100","route_short_name":"100","route_long_name":"RED","route_color":"#910005","route_text_color":"#FFFFFF","direction_id":"0","trip_headsign":"Red Express  to Downtown Barrie Terminal","trip_count":102,"agency_id":"barrie-transit","agency_name":"Barrie Transit"},"geometry":{"type":"LineString","coordinates":[[-79.690237,44.387753],[-79.69250726,44.39039984],[-79.6935016812126,44.391545262994],[-79.6924274944105,44.3919859835516],[-79.69412,44.394131],[-79.6963042785751,44.3965224519337],[-79.69624255,44.39659223],[-79.6963593692037,44.3965730615969],[-79.6979186901314,44.3985375544438],[-79.699795,44.400654],[-79.700816259538,44.4016430184104],[-79.7016623976759,44.4026414960032],[-79.701782,44.402915],[-79.7025323037393,44.4036297682686],[-79.70328888,44.40466177],[-79.70620755,44.40802404],[-79.7079261963324,44.4099086171334],[-79.7071608538474,44.4102484726255],[-79.7063476762876,44.41059446701],[-79.7051031711759,44.4110941535887],[-79.7044514055949,44.4114379227045],[-79.7039570327504,44.4117129691107],[-79.7036480497228,44.4119031238946],[-79.7035054421716,44.4120457395767],[-79.7032558789568,44.4123836015309],[-79.7031560536708,44.4125822430753],[-79.7030776195178,44.4127944662021],[-79.7027828972451,44.4139540397665],[-79.7026092578806,44.4145833891627],[-79.7023950123196,44.4150987122161],[-79.7021283167981,44.4153946629168],[-79.7018378091764,44.4156021676872],[-79.7010938,44.41588126],[-79.69606761,44.41804245],[-79.6949844727274,44.4185888332765],[-79.6925745933879,44.4156935761352],[-79.689336,44.41184],[-79.6889173799108,44.4115246481612],[-79.6852346899326,44.4071847346506],[-79.6848232302852,44.4073044512153],[-79.6842768425463,44.4076160110346],[-79.6839940042361,44.4077229806692],[-79.6837159195109,44.4077875019415],[-79.6833641542179,44.4077925957231],[-79.6829814906218,44.4077569392425],[-79.6826344789137,44.4078248563298],[-79.67581077,44.4107726],[-79.67525286527,44.4109627253391],[-79.6735275698936,44.4108483400644],[-79.6733268400724,44.412227342484],[-79.672419604441,44.4122189714401],[-79.6717251929122,44.4125281427744],[-79.6708245379224,44.4136583455597],[-79.6704061132912,44.413907791013],[-79.670028982284,44.4140473723742],[-79.6690259758395,44.4143139178197],[-79.6689404113087,44.4142799630534],[-79.6688572235704,44.4141967737927],[-79.6689546720637,44.4137197065632],[-79.6690307294244,44.4136246322019],[-79.6690568741422,44.4135770949632],[-79.6690354830095,44.413483718132],[-79.6689950775366,44.4134310874887],[-79.6689855703665,44.4133546880834],[-79.6691471922579,44.4125397548842],[-79.669266031884,44.4124888211822],[-79.6693824947176,44.4124056293735],[-79.6694133930204,44.4123292286286],[-79.6694110162279,44.412237547603],[-79.6693230749046,44.4121475642345],[-79.6691320639331,44.4120865709833],[-79.6689023826281,44.412125492821],[-79.6688310788524,44.4121662400393],[-79.6687906733795,44.4122477343908],[-79.6687859197945,44.4123122506718],[-79.6688287020599,44.4124056293735],[-79.6689309041384,44.4124684476889],[-79.6689689328187,44.4125397548842],[-79.66881919489,44.413351292552],[-79.6687716590395,44.4134344830155],[-79.6686932248862,44.4135057890328],[-79.6686837177162,44.413570303926],[-79.6687051088489,44.4136467030495],[-79.668719369604,44.413741777375],[-79.6686361818658,44.4141135844136],[-79.6686338050733,44.4142222399055],[-79.6686884713013,44.4143631521958],[-79.6686789641312,44.4144327593465],[-79.6685648780901,44.4145006686819],[-79.6660014937318,44.4152939860885],[-79.6658617281048,44.4149560901054],[-79.6657649672861,44.4147641028816],[-79.6655499432446,44.4146220319302],[-79.6635230699332,44.4144102068598],[-79.663366,44.414355],[-79.6631470495803,44.4144300436096],[-79.6630717911658,44.4149061734879],[-79.6630126595544,44.415148076699],[-79.6629051475336,44.4152747875054],[-79.6627438795024,44.4154091774547],[-79.6625073530568,44.4155013303842],[-79.6619738607132,44.415506002665],[-79.6618913549433,44.4158916061107],[-79.6620269266589,44.4161982525584],[-79.6599989997464,44.4165896279256],[-79.6589701072813,44.4165353098459],[-79.6584840334326,44.4164005279766],[-79.6535135599085,44.4159409055674],[-79.6535283120589,44.4155224809362],[-79.6535001488626,44.415282423215],[-79.6533740850314,44.4148841151526],[-79.65399405,44.41152705],[-79.65458849,44.40830721],[-79.65513496,44.40542054],[-79.656562,44.397829],[-79.6565860305182,44.3972968695937],[-79.6617761052714,44.395345562419],[-79.6621851421705,44.3952409562612],[-79.6625391937816,44.3951899942869],[-79.6628905631835,44.3951497611493],[-79.6632070638661,44.3951524433585],[-79.6654589288232,44.3953402249381],[-79.6655858894923,44.3954270587128],[-79.676735,44.391588],[-79.6768782840299,44.3914228315009],[-79.6773047552886,44.3914483124881],[-79.6792506980449,44.3912484879046],[-79.6803115117736,44.3907938534494],[-79.6811000812709,44.3905712300879],[-79.68510446,44.39053858],[-79.6876996569454,44.390480034976],[-79.6908111868224,44.3904155712098],[-79.691037031242,44.390240151275],[-79.6905018781608,44.3894998733594],[-79.6900550989829,44.3891385020661],[-79.6891222633366,44.388022797976],[-79.6892008179174,44.3878684221503],[-79.689907809144,44.3875316007537],[-79.6900845569506,44.3875526521478],[-79.690237,44.387753]]}},{"type":"Feature","properties":{"shape_id":"be466cce-53e6-466a-ad7a-6a2af01e8d9a","route_id":"8A","route_short_name":"8A","route_long_name":"RVH/YONGE","route_color":"#000000","route_text_color":"#FFFFFF","direction_id":"0","trip_headsign":"RVH/YONGE to Georgian College","trip_count":3,"agency_id":"barrie-transit","agency_name":"Barrie Transit"},"geometry":{"type":"LineString","coordinates":[[-79.6803262502088,44.3403906345005],[-79.6804576726313,44.3396820743628],[-79.6805027494287,44.3393234618334],[-79.6804290110778,44.3389964813298],[-79.6792934404737,44.3390123030091],[-79.6792123282877,44.3382686794691],[-79.678843636533,44.3368446931783],[-79.6805858136048,44.336527844436],[-79.6849049289759,44.3355419791344],[-79.6878618368476,44.3348668770713],[-79.6887176431181,44.3346779349066],[-79.6912784612385,44.3340835255415],[-79.6958626418244,44.3330529863322],[-79.69856992,44.33243152],[-79.7011347400102,44.3318446452205],[-79.70367789,44.33128177],[-79.70874238,44.33016375],[-79.7148574471134,44.3287800591348],[-79.7151209097202,44.3283316647392],[-79.7173883697872,44.3243937950235],[-79.7188191988857,44.3219724520084],[-79.719037940816,44.3218139306702],[-79.721818698753,44.3226389183187],[-79.7225281430798,44.3228065563921],[-79.7230055763129,44.3227931453462],[-79.72353994,44.32269687],[-79.7262644604602,44.3221494151443],[-79.7271201348673,44.3219593298437],[-79.72805133,44.32184739],[-79.728226210131,44.32192240185],[-79.728992267191,44.3248477175741],[-79.72906455,44.32504571],[-79.7291913925297,44.3254814110011],[-79.7245545521113,44.3264677719157],[-79.72470867,44.32693573],[-79.7252220571849,44.3287974989075],[-79.7254597977078,44.3300552266869],[-79.7254973486362,44.3304562169585],[-79.7252586320197,44.3308665949623],[-79.72400905,44.33163557],[-79.72085917,44.33349211],[-79.7193685006719,44.3344299098509],[-79.7190587055122,44.335151424119],[-79.7192290257948,44.3361183605265],[-79.71954061,44.33718263],[-79.72006099,44.33921511],[-79.7200672161619,44.3393396937454],[-79.7179992328882,44.3396038913491],[-79.71668472,44.33987811],[-79.71421573,44.34041427],[-79.713773493347,44.3405206168219],[-79.7133015679012,44.3404837005134],[-79.71003526,44.33954493],[-79.7089673518732,44.3392837829116],[-79.7085696105656,44.3393311945651],[-79.70697499,44.34205309],[-79.7059793496534,44.3438060751877],[-79.7059510234131,44.3438527021096],[-79.7055921277423,44.3445462091157],[-79.7047507431894,44.3459977879081],[-79.70433311,44.34656133],[-79.7039759088271,44.3472623658955],[-79.7037008346096,44.3477346721128],[-79.7033530296894,44.3482231705322],[-79.7025228859498,44.3490801363635],[-79.701121431656,44.3501101046866],[-79.7006721672212,44.3504984734909],[-79.7000850994681,44.3511477130543],[-79.6997309573822,44.3518785238539],[-79.6993203281951,44.3542058380965],[-79.6992157220373,44.3548817548085],[-79.698834103447,44.3562553948449],[-79.69807715,44.3576689],[-79.6975031314792,44.3590297912973],[-79.6972496627122,44.3618541575583],[-79.6972174762021,44.3633105971402],[-79.69708789759,44.3642076345109],[-79.6967440662828,44.3652002135038],[-79.6960051176551,44.3663616100765],[-79.69473858,44.3681091],[-79.6925294744411,44.3712322016724],[-79.6924711603425,44.3713371118895],[-79.6923525023989,44.3715010217214],[-79.69042150296,44.3742717780354],[-79.6902598810685,44.3745673858698],[-79.6901553021975,44.3746523303738],[-79.6890096882016,44.3748731855076],[-79.6888813414054,44.3748324123148],[-79.6888399438646,44.3747645581658],[-79.6889089211875,44.3742436075697],[-79.688972770287,44.3741787528025],[-79.6898565762442,44.3742532156772],[-79.6899607510908,44.3741499284384],[-79.6899405882172,44.37399379622],[-79.6897531198448,44.3739253232581],[-79.688976130766,44.3738784983146],[-79.6888618744825,44.3739145289344],[-79.6887602059591,44.3744379405368],[-79.6886852186691,44.374791697963],[-79.6886972166355,44.37507041443],[-79.6890601551197,44.3757650558517],[-79.6894020971622,44.376584036079],[-79.6897110447978,44.3774630335262],[-79.690070599895,44.3784826069464],[-79.6903040480586,44.3793309845815],[-79.6904228876848,44.3799051603174],[-79.6905417273109,44.3808496501662],[-79.6905928953302,44.3816734626959],[-79.6906172621754,44.381907242682],[-79.6907406220001,44.3832255860918],[-79.6908096748936,44.384813007214],[-79.690884482195,44.385072089995],[-79.691137676138,44.3854175319194],[-79.6914871682386,44.3857946524221],[-79.6920353637543,44.3863428127455],[-79.6909132542339,44.3868691881994],[-79.690142733721,44.3872894105476],[-79.6900505740775,44.3875221148895],[-79.690237,44.387753],[-79.6910766181082,44.3887295282252],[-79.691556874232,44.3891723279826],[-79.6919156711313,44.3896175720523],[-79.69250726,44.39039984],[-79.692631044095,44.3905910912549],[-79.6924774446892,44.3907052417782],[-79.6914237545088,44.3906871363718],[-79.691114806874,44.3903420486169],[-79.69020332,44.39030032],[-79.687587404753,44.3903634826982],[-79.6875199489307,44.3903620177723],[-79.6874434291562,44.3903656261059],[-79.6865645781172,44.3903720563286],[-79.685586743856,44.3903806299576],[-79.68509193,44.39037224],[-79.68326777,44.39042963],[-79.6811025039149,44.3905113776452],[-79.6808235511964,44.3905521022752],[-79.680577958677,44.3906500532155],[-79.6800646798215,44.3908564644017],[-79.67958159,44.39104266],[-79.6788678826734,44.3912722805233],[-79.6785679335133,44.3912937142639],[-79.6776530885752,44.3913965961097],[-79.6772091638183,44.3914308900181],[-79.6768348812038,44.3913989209402],[-79.6766932512634,44.3914759007424],[-79.6764382944774,44.3915830689942],[-79.676045380258,44.3917325864692],[-79.67344728,44.39260564],[-79.67096589,44.39346245],[-79.668429651907,44.3943500853094],[-79.6660750510012,44.3951688055655],[-79.6655981318368,44.3952631076866],[-79.6653671709841,44.3952588212297],[-79.6653625836768,44.395264596734],[-79.6630954564474,44.3950889941334],[-79.6620077403924,44.3952116701847],[-79.6582463779264,44.3966090395785],[-79.656976056121,44.3970776627774],[-79.6564693544191,44.3972673652928],[-79.6540500891781,44.3981971136687],[-79.6531975107386,44.398521929426],[-79.650872,44.399395],[-79.6503667134936,44.3995922687],[-79.6498897943291,44.3998387212005],[-79.6492179082106,44.4003809130476],[-79.6494218736394,44.4004902080288],[-79.651577074363,44.4007458488582],[-79.6554615659806,44.4010723558055],[-79.6557697363725,44.401384342884],[-79.65529,44.403849],[-79.654712,44.406942],[-79.65379228,44.41169531],[-79.6532762203517,44.4146646793352],[-79.6532972167937,44.4149624885223],[-79.65333888,44.41529301],[-79.6534136926514,44.4158387126661],[-79.6536403889708,44.4160666059268],[-79.65657733,44.41637423],[-79.6587872350357,44.4166003524562],[-79.6590978929548,44.4164564212876],[-79.6591837501039,44.4157759497032],[-79.6594253431938,44.4152929646685],[-79.660639972234,44.4154017007425],[-79.6611757465238,44.4154789801079],[-79.6616777963284,44.4155066826872],[-79.6620287368457,44.4155431049504],[-79.6624366677033,44.4155345350082],[-79.662517653977,44.4155173951199],[-79.6626646290654,44.4154766878651],[-79.6627936072043,44.415408128214],[-79.6629388429486,44.4152743765875],[-79.6630185690743,44.4152045912762],[-79.6630635614487,44.4151103212965],[-79.6631705582707,44.4144340269993],[-79.663549,44.414484],[-79.6649416202977,44.4146272651605],[-79.6655461438159,44.4147232223138],[-79.665865197895,44.4151910111812],[-79.6662346289339,44.415256981105],[-79.6672759751842,44.4149726280554],[-79.6687114961266,44.4145552971922],[-79.6688825751563,44.4142875950236],[-79.6688626270062,44.4141474770323],[-79.668984557871,44.413449859243],[-79.6691506603901,44.4125219921237],[-79.6692409785059,44.412488036317],[-79.669355064547,44.4124116356798],[-79.6694026003975,44.4123267459658],[-79.6693882475083,44.4122303263119],[-79.6693444968632,44.4121493095874],[-79.669255147127,44.4120978978937],[-79.6691885969364,44.4120843154749],[-79.6691320639331,44.4120865709833]]}},{"type":"Feature","properties":{"shape_id":"73186ece-b6b8-4d63-815f-06086727e4ef","route_id":"101","route_short_name":"101","route_long_name":"BLUE","route_color":"#2464A2","route_text_color":"#000000","direction_id":"0","trip_headsign":"Blue","trip_count":101,"agency_id":"barrie-transit","agency_name":"Barrie Transit"},"geometry":{"type":"LineString","coordinates":[[-79.690372,44.387588],[-79.6900385888244,44.3874143905102],[-79.6898643437878,44.3874287582117],[-79.6890902937217,44.3878095010153],[-79.6890031712035,44.3878981011866],[-79.6890098729356,44.3880226201198],[-79.6893494311657,44.3884489290011],[-79.6899682206359,44.3891528567831],[-79.6900285362254,44.3893611819215],[-79.6900019040822,44.3903278592206],[-79.6899099613086,44.3903636963687],[-79.6875199489307,44.3903620177723],[-79.68509193,44.39037224],[-79.6847935411135,44.390416897005],[-79.6810021806361,44.3904921049173],[-79.6792292403716,44.3912189836037],[-79.6772202656996,44.391438924756],[-79.6769752455971,44.3914153222377],[-79.6767942988284,44.3914680001914],[-79.676045380258,44.3917325864692],[-79.6658181944977,44.3952570495163],[-79.6653625836768,44.395264596734],[-79.6629281141119,44.3950786826061],[-79.6616031027796,44.3953187403273],[-79.6567592593634,44.3972333375574],[-79.6565582073982,44.3974105092346],[-79.6564610322817,44.3975852861742],[-79.65635548,44.39796716],[-79.6563236467722,44.3984064913811],[-79.6557271926087,44.401739077597],[-79.65529,44.403849],[-79.654712,44.406942],[-79.65379228,44.41169531],[-79.6532855721286,44.4148639985838],[-79.6534397991562,44.4154715189619],[-79.6534229576382,44.4158907984837],[-79.6534430628347,44.4160152578525],[-79.6535770974782,44.4161014218757],[-79.65657733,44.41637423],[-79.6594985784029,44.4166431696312],[-79.6600983834325,44.4166503498942],[-79.6618642898604,44.4162458603702],[-79.6620251314325,44.4161309752615],[-79.6620067752604,44.4159583399271],[-79.6619960464237,44.415773267494],[-79.6620416439796,44.4156351337215],[-79.6621323591474,44.4155709071242],[-79.6624339370952,44.4155613332633],[-79.6626684977213,44.4154943161928],[-79.6628427427578,44.4153937904431],[-79.6629763938771,44.4152797410059],[-79.6630622245706,44.4151349017104],[-79.6631024577083,44.4149391004407],[-79.6631778293665,44.4145560691414],[-79.6633051622778,44.4144699028411],[-79.663549,44.414484],[-79.6650141039822,44.4146518093261],[-79.6654882827692,44.4146990427196],[-79.6656197110188,44.4148009666682],[-79.665729681595,44.4150155434022],[-79.6659389430223,44.4153076253771],[-79.6662606261666,44.4152836906141],[-79.6673980157016,44.4149377593361],[-79.6681731741532,44.4147057482425],[-79.668709862433,44.4145516006319],[-79.6689237737601,44.4144157820005],[-79.6688904986648,44.4142561947055],[-79.6688477163994,44.4141747031528],[-79.6689023826274,44.4139590895386],[-79.6689522952705,44.413685751452],[-79.669004584706,44.4136484008067],[-79.6690473669714,44.4136110501377],[-79.6690663813116,44.4135550240893],[-79.6690426133864,44.4134752293218],[-79.6689831935733,44.4133631769112],[-79.6690378598014,44.4130779516246],[-79.6691400618804,44.4125533371972],[-79.6692470175439,44.4124888211822],[-79.6693539732074,44.4124531675643],[-79.6694015090578,44.4123869536451],[-79.6694300305681,44.4122884815239],[-79.6693729875476,44.4121679378395],[-79.6691320639331,44.4120865709833],[-79.6688667307402,44.4121560532374],[-79.6687859197945,44.412281690337],[-79.6688334556449,44.4123869536451],[-79.6689713096112,44.4124837278095],[-79.6689950775365,44.4125584305638],[-79.6688382092294,44.413366572442],[-79.668740760736,44.4134531584094],[-79.6687098624332,44.4135176733606],[-79.6686724626848,44.413578138127],[-79.6687241231884,44.4136416097778],[-79.6687383839435,44.4137027290101],[-79.6686789641303,44.4141441437913],[-79.6686884713004,44.4142527992264],[-79.6687264999807,44.41435126804],[-79.668924,44.414416],[-79.6692074024584,44.414437881884],[-79.669959661515,44.4141930950181],[-79.6704528091191,44.4140199524699],[-79.6707369958739,44.4138408389495],[-79.6710295410626,44.4136020200689],[-79.6719644768217,44.4124526925357],[-79.6722164386853,44.4123422343326],[-79.6725371284805,44.4122622556843],[-79.6730689989495,44.4122347632031],[-79.6733281104024,44.4122049100765],[-79.6735872218552,44.4120616148568],[-79.6737125983646,44.4110585384882],[-79.6738797670439,44.4110048017687],[-79.6755204643516,44.4110465941396],[-79.6776661376291,44.4101211241879],[-79.6825976136674,44.4078879875584],[-79.6830527295502,44.4077977185129],[-79.6835663059401,44.4078554421906],[-79.6840019185314,44.4078051727719],[-79.6849183019861,44.4074402863619],[-79.6851981777244,44.4073120514219],[-79.6853221597698,44.4073407770514],[-79.68921308,44.41205785],[-79.6923366818957,44.4156840022944],[-79.6949037667866,44.4185079251086],[-79.6950713100909,44.4186036588232],[-79.6952824146544,44.4185964788],[-79.69612789,44.41822043],[-79.70096226,44.41611771],[-79.7017580906956,44.4157335611914],[-79.7020931773043,44.4155133626056],[-79.7023512245626,44.4152328023453],[-79.7025646795731,44.4149723472472],[-79.70283155,44.41430522],[-79.703185391616,44.4126525171192],[-79.7034053327683,44.4122314102788],[-79.7041308703501,44.4116936273392],[-79.7064871911101,44.4106623179115],[-79.7077451354215,44.4100383676217],[-79.7079457378366,44.4099368631173],[-79.7080042468744,44.4097398244588],[-79.706456,44.407827],[-79.7032472547631,44.4042596188183],[-79.70051743,44.40113899],[-79.6998863682358,44.4004313325804],[-79.699485,44.399913],[-79.6980873874874,44.3984106314398],[-79.696329,44.396371],[-79.6942707,44.39395278],[-79.692739,44.392146],[-79.6916315075,44.390876792949],[-79.6917485255754,44.3907692823814],[-79.6928184051226,44.3907513639342],[-79.6928769141604,44.3906677444417],[-79.69253335,44.39018841],[-79.6912013393559,44.388676340173],[-79.690372,44.387588]]}},{"type":"Feature","properties":{"shape_id":"32a55169-616c-4492-90f0-c0c93df802d2","route_id":"8B","route_short_name":"8B","route_long_name":"Crosstown/Essa","route_color":"#000000","route_text_color":"#FFFFFF","direction_id":"1","trip_headsign":"Crosstown/Essa to Park Place","trip_count":5,"agency_id":"barrie-transit","agency_name":"Barrie Transit"},"geometry":{"type":"LineString","coordinates":[[-79.690372,44.387588],[-79.6902070832357,44.3873868203085],[-79.6919706632876,44.3864628184801],[-79.6920514742334,44.3862080359988],[-79.6917539335278,44.385853099758],[-79.6915828981795,44.3856653140433],[-79.6913213572889,44.3853469255361],[-79.6911863217552,44.3852058808131],[-79.691085,44.384954],[-79.6909819175982,44.3845026633718],[-79.6908644485977,44.3819819844822],[-79.6906230577594,44.3801398036444],[-79.6904993260476,44.3794421415565],[-79.6902760102188,44.3784485290597],[-79.6899865484905,44.3776632596067],[-79.6897270217626,44.3768781794127],[-79.6893364484926,44.3759596455626],[-79.6891305891339,44.375500113363],[-79.6888595969279,44.3750638095665],[-79.6888142828176,44.3747586654386],[-79.6888251348555,44.374635690433],[-79.6889122816664,44.3742436075697],[-79.688976130766,44.3741811548322],[-79.6898599367231,44.3742532156772],[-79.6899573906119,44.3741475264074],[-79.6899338672594,44.3739865901076],[-79.6895401784604,44.3738992303515],[-79.6889794912449,44.3738760962725],[-79.6888517930458,44.373924137096],[-79.6887026219954,44.374801729763],[-79.6888095292326,44.3749183604825],[-79.6889854118793,44.3749591336155],[-79.68945131164,44.3749070605081],[-79.690226097576,44.3746839144173],[-79.6904020286494,44.3744789408158],[-79.6905446362007,44.3742733742957],[-79.692628028649,44.3714356529379],[-79.6929308874673,44.3709462416947],[-79.6941287908987,44.3692234340463],[-79.69510843,44.36787963],[-79.697384,44.364613],[-79.6974277789208,44.3642823989037],[-79.6975323577918,44.3629162344863],[-79.6975561741598,44.3609320934011],[-79.6976251011432,44.3599295055899],[-79.6978841230851,44.3590044780792],[-79.6980219770514,44.3586748046596],[-79.6986073052161,44.3573986114411],[-79.6990297370813,44.3563636399458],[-79.6992531555784,44.355738250294],[-79.69942096,44.35499844],[-79.699619181627,44.3535085459143],[-79.6996952874337,44.3526423858429],[-79.6997523304545,44.3523143761656],[-79.6998783004582,44.3519166832136],[-79.7002846835334,44.3512583618922],[-79.7005185419228,44.3509698866825],[-79.7010737786509,44.3503949753003],[-79.7013252795532,44.3501436323013],[-79.7023644254382,44.3493571075894],[-79.7028445375282,44.3489559953023],[-79.7031867956514,44.3486211664182],[-79.7036312074059,44.3482194566232],[-79.7038879009983,44.3478387325527],[-79.704277694972,44.3470568807258],[-79.704667,44.346517],[-79.70590984,44.34432976],[-79.70716838,44.34217844],[-79.7088458902014,44.3393499832199],[-79.70998171,44.33965923],[-79.7131383774971,44.3405807070824],[-79.71360782,44.34062273],[-79.7145026564051,44.3404787143739],[-79.715367857338,44.3403008192602],[-79.7171497,44.33993688],[-79.7180013434555,44.3397177557678],[-79.7200120614726,44.33942477933],[-79.7202069584594,44.3392853865025],[-79.72003714,44.33854098],[-79.7195533889742,44.3367785515147],[-79.71945808,44.33625379],[-79.7192230148138,44.3353726452222],[-79.7192182612288,44.3352026421769],[-79.7192753042496,44.3349085357449],[-79.7193917670832,44.3346586291202],[-79.7195438818046,44.3344665233038],[-79.719757793132,44.3342829171568],[-79.72055565,44.33385271],[-79.72428821,44.33161711],[-79.7250057510249,44.3311785261997],[-79.7253605559683,44.330961813388],[-79.7255738044381,44.3307126833665],[-79.7256712529316,44.3304712597126],[-79.7256958321152,44.3301973837732],[-79.72534005,44.32871691],[-79.72481436,44.32671816],[-79.7249106308633,44.3265023358207],[-79.7291460751383,44.3255093609043],[-79.7293314649551,44.3253291273534],[-79.7290948,44.32473266],[-79.7289868785026,44.3245305646333],[-79.7283831247385,44.3218569729383],[-79.7280979096358,44.3217447451262],[-79.72753192,44.3218044],[-79.72355319,44.32258387],[-79.7227276796164,44.322736601957],[-79.7224638556464,44.3227332011684],[-79.7217698322302,44.3225580602866],[-79.7206075806866,44.3221958740862],[-79.72029115,44.32207598],[-79.7190756052205,44.3217447451261],[-79.7187190863421,44.3217855552644],[-79.717997862498,44.3230970844357],[-79.7171432728998,44.3244517561209],[-79.7159575406882,44.3265123881818],[-79.715354869215,44.3276930418742],[-79.7147593500002,44.3285970496897],[-79.7145739601834,44.3286956626223],[-79.713514,44.328896],[-79.70927336,44.32980473],[-79.70430153,44.33089332],[-79.7032546184856,44.3311546499658],[-79.69937219,44.33201262],[-79.6956955337636,44.3328494607732],[-79.69292148,44.33345762],[-79.6906506769021,44.3339930714143],[-79.6880175958364,44.3345261026526],[-79.6855593981585,44.3351005659844],[-79.6816804727624,44.3360185781719],[-79.6790551727278,44.3366929595005],[-79.6786321036588,44.3368357584623],[-79.678655871584,44.337039756376],[-79.6788222470606,44.3374647497501],[-79.6790361583876,44.3380903343925],[-79.6791692587689,44.3388417071243],[-79.6792500697147,44.338994700392],[-79.6794354595314,44.3390626972718],[-79.6803719157856,44.3391340939106],[-79.6804302798975,44.3393131035696],[-79.6803262502088,44.3403906345005],[-79.6802007867239,44.3408475871618],[-79.6801861730575,44.340935708205],[-79.6801310691874,44.341014528018],[-79.6799822887381,44.3410894067422],[-79.6798335082888,44.3410775837921],[-79.6787937255508,44.340942779763],[-79.6785560462985,44.3409699776207],[-79.678399177992,44.341058370571],[-79.67819993,44.34150661],[-79.678117660775,44.342160389961],[-79.6781057768126,44.342842018308],[-79.6781913413434,44.3433689574839],[-79.6761330390202,44.3437769071417],[-79.6750872503107,44.3439961789097],[-79.6741548876226,44.3443019301488],[-79.6723040262672,44.3447287786363],[-79.6711084996288,44.3450143370709],[-79.6704738960253,44.3451384185761],[-79.6699615645374,44.3451650960952],[-79.6698332177412,44.3451786940462],[-79.6697571603805,44.345267080651],[-79.6697395843112,44.3454591539776],[-79.6696430743394,44.3463719019659],[-79.6696087435486,44.3466562710747],[-79.6696467722292,44.3471457828718],[-79.6696990616647,44.3476029967954],[-79.669915,44.348495],[-79.6699985375228,44.3487757596985],[-79.6644474058852,44.3500635538385],[-79.664319059089,44.3500227633755],[-79.6639496005544,44.3487434665417],[-79.66391904,44.34749335],[-79.663845021684,44.3464234115983],[-79.6633850269071,44.3447107106315],[-79.6628832236878,44.342729938054],[-79.6625704112913,44.3415927113208],[-79.6623605820507,44.340806790285],[-79.6620135703424,44.3405994057243],[-79.6613567060982,44.3407190028568],[-79.6599315000927,44.3410787689248],[-79.6572229595003,44.3417044022438],[-79.6542414587941,44.3423570516314],[-79.65314658,44.34256241],[-79.6484537711538,44.3436345060581],[-79.6438029075502,44.3446419926873],[-79.6366080350698,44.3462835170264],[-79.633834318196,44.3470177878581],[-79.63193984,44.34733971],[-79.6276594112227,44.3483945208766],[-79.6274502534808,44.3484795033366],[-79.6273599353649,44.3486018778626],[-79.628225,44.349404],[-79.6290661298747,44.3499854953776],[-79.6298458936871,44.3504852896324],[-79.6293181267165,44.351209473746],[-79.6286895652774,44.351022208771],[-79.6280958784327,44.3507924293443],[-79.6276865588332,44.3512618482483],[-79.6276936892107,44.3513400282913],[-79.62838858,44.35185862]]}},{"type":"Feature","properties":{"shape_id":"10449381-387a-4cdc-9406-056c5284f8df","route_id":"8B","route_short_name":"8B","route_long_name":"Crosstown/Essa","route_color":"#000000","route_text_color":"#FFFFFF","direction_id":"0","trip_headsign":"Crosstown/Essa to Georgian College","trip_count":23,"agency_id":"barrie-transit","agency_name":"Barrie Transit"},"geometry":{"type":"LineString","coordinates":[[-79.6904054879236,44.3742136011531],[-79.6903009317655,44.3746537198465],[-79.6903817175183,44.3750066000786],[-79.6907090956395,44.3752933666285],[-79.6918195302379,44.3756943569001],[-79.6922756946112,44.3758374642274],[-79.6925090756748,44.3760106931052],[-79.6928411948806,44.3764469709715],[-79.6930264956646,44.3768050408741],[-79.6930328178954,44.3769033910184],[-79.6931506452511,44.3769929534679],[-79.6934719735925,44.3775044902514],[-79.6935742144284,44.3774575125699],[-79.695832,44.376459],[-79.6985518049697,44.3752201955516],[-79.69885335,44.37535431],[-79.701153,44.3781],[-79.7029749017154,44.3801185273645],[-79.704989,44.382442],[-79.706414,44.38407],[-79.7077080222698,44.385575364318],[-79.70892086,44.38697443],[-79.7102583772098,44.3883986406564],[-79.7115659541825,44.3899221354677],[-79.71217627,44.3907245],[-79.7140195369729,44.3928578224691],[-79.7155891605399,44.3946499335438],[-79.71669424,44.39596232],[-79.7178594337678,44.3972237420264],[-79.719067160212,44.3986338764731],[-79.719067160212,44.3987361023827],[-79.7187904196088,44.3988682546069],[-79.7179351796772,44.3992562490973],[-79.7163513264051,44.3999276079177],[-79.7146127181924,44.400760780745],[-79.7131800008598,44.4013441576561],[-79.7124099200825,44.4015207612777],[-79.7117919540269,44.4016260439523],[-79.7113768584357,44.4017037392678],[-79.7108982800384,44.401833212533],[-79.7104313797016,44.401982689022],[-79.7077183251213,44.4031829776277],[-79.706866,44.403534],[-79.7061779700888,44.4039591952472],[-79.7060828983879,44.4041459791737],[-79.7064000389754,44.4045122667015],[-79.70684254,44.40499142],[-79.7072760482343,44.4054772218865],[-79.7076359710874,44.4058876486387],[-79.7079320429705,44.4062107508439],[-79.7081005399287,44.4063104335255],[-79.7085055535141,44.4066255931035],[-79.70875024,44.40678734],[-79.7092521900032,44.4069760452505],[-79.7095878249161,44.4070668165128],[-79.709910561532,44.4071356524114],[-79.7100890953713,44.4071551399754],[-79.7100840336134,44.4071513061018],[-79.7105695134741,44.4072103147036],[-79.7110466683574,44.4072833735446],[-79.71133586,44.40735307],[-79.711854777815,44.4075890022911],[-79.7120068925365,44.4076891802549],[-79.7121946591458,44.4078708584973],[-79.7124669631038,44.4082177205603],[-79.7112833204275,44.4086897389684],[-79.7109315551342,44.4087882171488],[-79.710598804181,44.4088289666922],[-79.71010882,44.40887955],[-79.7094959724506,44.4091210042557],[-79.70817312,44.40971361],[-79.7074458276836,44.4100832127524],[-79.7066662397359,44.4104380645497],[-79.7051031711759,44.4110941535887],[-79.7045342568428,44.4113820617202],[-79.7039638266371,44.4116808777935],[-79.7036239453064,44.4118964998071],[-79.703264022457,44.4122654093663],[-79.7030596183,44.4125744076572],[-79.70290207,44.41288804],[-79.7027268673469,44.4129377332294],[-79.7023713756462,44.4128981979494],[-79.7021907394145,44.4129049890646],[-79.7019768280875,44.41293045574],[-79.7015870341138,44.4130628822729],[-79.7013673420241,44.4131516528377],[-79.7012485023979,44.4131346751196],[-79.7010821536591,44.4128970045612],[-79.7005864044613,44.4123854664674],[-79.7004200289841,44.4122038022477],[-79.7002940589804,44.4120442089164],[-79.7000207278403,44.4117148340685],[-79.6999636848198,44.4116214542638],[-79.6999518008567,44.4114363920284],[-79.7000672365142,44.4111788090053],[-79.6998414412246,44.4109682778507],[-79.6995738908456,44.4108964823443],[-79.699345718763,44.4107572595418],[-79.6989822574657,44.4104733748829],[-79.6987148683065,44.4101804951428],[-79.6975311988926,44.4088255708977],[-79.69693756,44.40817261],[-79.6965757282986,44.4081158455837],[-79.695047,44.408752],[-79.6920902969663,44.4100941632511],[-79.6910211641738,44.4105574003499],[-79.6890555567577,44.411430087133],[-79.6889129492063,44.411402921982],[-79.688256,44.410584],[-79.6876675099247,44.4100072953752],[-79.6853572675929,44.4073042352678],[-79.6850292702248,44.4072295258025],[-79.6848232302852,44.4073044512153],[-79.6841756003378,44.4076405801538],[-79.6839165299532,44.4077220808113],[-79.6836907346636,44.4077713207368],[-79.6834007659758,44.4077679248812],[-79.6830798989853,44.4077373621719],[-79.6828873787944,44.4077441538869],[-79.6826901050147,44.4077849041577],[-79.6815088391313,44.4082925822344],[-79.6803394572105,44.4088121411888],[-79.67933789,44.40923713],[-79.6775586099598,44.4100464996746],[-79.6766554288012,44.4104488915148],[-79.67581077,44.4107726],[-79.6754503949926,44.4109191940811],[-79.6752364836656,44.4109480572923],[-79.6748870951655,44.4109463594567],[-79.6744521421338,44.4109022157149],[-79.6739744068368,44.4108614676159],[-79.673520439465,44.4108343022008],[-79.6734063534242,44.4113096951432],[-79.6731738291229,44.4121160030132],[-79.6729836857211,44.412143167833],[-79.6724988200465,44.4121533546372],[-79.6721803298484,44.4122076842294],[-79.6719141290859,44.4123265300364],[-79.6715576102076,44.4126355280043],[-79.6708826011313,44.4135930717777],[-79.6706116467838,44.4137866159548],[-79.6702788958306,44.4139665775097],[-79.6697797694009,44.4140820242534],[-79.6692045856104,44.4142348210636],[-79.6689954278684,44.41427896229],[-79.6688860954124,44.4142450075035],[-79.6688575739021,44.4141227701085],[-79.668945113861,44.4136713220866],[-79.6690187944292,44.4135745498873],[-79.6689736353713,44.4134336356968],[-79.6689855193339,44.4132536725018],[-79.6691162429227,44.4125507920768],[-79.6692514222414,44.4124272115485],[-79.6693420382123,44.4123606393988],[-79.6693345707258,44.4122810311485],[-79.6693467917974,44.4121993486963],[-79.6692795854378,44.4121294863301],[-79.6691320639331,44.4120865709833]]}},{"type":"Feature","properties":{"shape_id":"888a1d58-3536-4e16-99ec-60f681a3db7f","route_id":"400","route_short_name":"400","route_long_name":"EXPRESS","route_color":"#00C4DC","route_text_color":"#000000","direction_id":"1","trip_headsign":"EXPRESS  to Park Place","trip_count":44,"agency_id":"barrie-transit","agency_name":"Barrie Transit"},"geometry":{"type":"LineString","coordinates":[[-79.6611757465238,44.4154789801079],[-79.661177436472,44.415431139445],[-79.661961672887,44.4155015604842],[-79.6622879088347,44.4155348069152],[-79.6625540150542,44.4154793683076],[-79.662775770237,44.4153922503896],[-79.6630197009382,44.4151704951035],[-79.6631416662888,44.4144260247783],[-79.6656142365779,44.4146398629695],[-79.665858167279,44.4149408190992],[-79.6660244836662,44.4152892926828],[-79.6667432743424,44.4150854349321],[-79.6690018752174,44.4144580400403],[-79.6687951195535,44.414117268284],[-79.6688723650728,44.4136758546582],[-79.669001107605,44.4135655007312],[-79.6689753590986,44.4133999694502],[-79.6689753590986,44.4133999694502],[-79.6691298501372,44.4125232589274],[-79.6693272553532,44.4123454628828],[-79.6693444210241,44.4121676662977],[-79.6691320639331,44.4120865709833],[-79.6688895307438,44.4120757023347],[-79.668786536718,44.4122351064454],[-79.6689753590986,44.4124926044756],[-79.66882086806,44.4133570538564],[-79.6686320456794,44.4134919313308],[-79.6687007083633,44.413663593121],[-79.6686492113504,44.4141969676113],[-79.6688059987087,44.4144596795669],[-79.6707047836184,44.4138137967742],[-79.6719235462563,44.412342397429],[-79.6724514002314,44.4122320404538],[-79.6729492046891,44.4124220986432],[-79.6730521987149,44.4129800078252],[-79.6726745539538,44.4153342033402],[-79.6722625778509,44.4157817349959],[-79.6715330368352,44.4157939960889],[-79.6711468092387,44.415524251448],[-79.6711038950613,44.4151625464538],[-79.6712498032644,44.4149479746373],[-79.671996509951,44.4145617433835],[-79.6776440156957,44.4129432227683],[-79.6808668656294,44.4119714775514],[-79.6827894207765,44.4114442137658],[-79.6848621705432,44.4104724437937],[-79.6900075760333,44.406885641166],[-79.6952516829772,44.4030288190436],[-79.6971313239469,44.401489695912],[-79.6995379023727,44.400451871759],[-79.6996851922116,44.4003747002891],[-79.6996851922116,44.4002203570441],[-79.699485,44.399913],[-79.6991058521786,44.3994837132201],[-79.6991393391849,44.3993792332557],[-79.7011384519551,44.3961160804876],[-79.7031661343824,44.3936255943683],[-79.7054362934086,44.3906694811709],[-79.7064490679951,44.3890502994385],[-79.7087750132092,44.38460652422],[-79.7113584460497,44.3795704499278],[-79.7117747130384,44.3787913876879],[-79.7119549525834,44.3774111260445],[-79.7119206212415,44.376196468884],[-79.7114313996192,44.374711856279],[-79.7106417787552,44.3735278180115],[-79.7093200220916,44.3722824047786],[-79.7011019672383,44.3651376487482],[-79.6995484740167,44.3635238968652],[-79.699626936709,44.3633570640894],[-79.6995269470504,44.3631569068497],[-79.699445479991,44.362192364692],[-79.6992137434331,44.3616830609744],[-79.6989870028939,44.3612768251124],[-79.6985170514984,44.361105255714],[-79.6979005696049,44.361020345894],[-79.6975400905148,44.3609369904418],[-79.6975658390212,44.359777219363],[-79.697982074748,44.3585313924769],[-79.6986073052161,44.3573986114411],[-79.6987120406334,44.3568918334756],[-79.6989184956312,44.3563435462746],[-79.699405441838,44.3548820392634],[-79.6996986733184,44.3525458883859],[-79.6997918349341,44.3520419558676],[-79.6999823864295,44.3515438891657],[-79.7005185419228,44.3509698866825],[-79.7004420490884,44.3509230393052],[-79.7031857702983,44.3486169357412],[-79.7037834138041,44.3477841622339],[-79.7043623258431,44.3468606481839],[-79.703903,44.346625],[-79.7038635708558,44.3467237121033],[-79.7030656106016,44.346419639346],[-79.7027012936083,44.3461887029545],[-79.7024133151052,44.3459040606633],[-79.7021891791123,44.3454116571615],[-79.7020528360151,44.3449342694257],[-79.6967161368191,44.3460202490554],[-79.691495956464,44.3473157534086],[-79.6895537707297,44.3480303613823],[-79.683827,44.348947],[-79.6831019531558,44.3491447656219],[-79.6799263040288,44.3498076150184],[-79.6797302966382,44.3489125847771],[-79.6795899975056,44.3480152993211],[-79.6791670575272,44.3469130844531],[-79.6788557530062,44.3457464327739],[-79.6782440682751,44.3434488697816],[-79.6781478010121,44.3428411316662],[-79.6783512141811,44.3418224249922],[-79.6787920451428,44.3406913661114],[-79.6792163449427,44.3396903410961],[-79.6792549176518,44.3392095277294],[-79.679392677327,44.3391031176809],[-79.6802633184748,44.3391109999133],[-79.6804561820202,44.3392213510562],[-79.6804506716332,44.3395011690944],[-79.6803955677631,44.3398322196968],[-79.6802853600229,44.34017115052],[-79.6803262502088,44.3403906345005]]}},{"type":"Feature","properties":{"shape_id":"75855233-d224-459a-a073-408972dc3647","route_id":"15A","route_short_name":"15A","route_long_name":"Mapleview Construction Shuttle","route_color":"#2464A2","route_text_color":"#000000","direction_id":"0","trip_headsign":"Prince William at Mapleview","trip_count":61,"agency_id":"barrie-transit","agency_name":"Barrie Transit"},"geometry":{"type":"LineString","coordinates":[[-79.610514,44.352003],[-79.611327,44.35490312],[-79.6124361499069,44.3585197505941],[-79.612888,44.359826],[-79.6130798218864,44.36006911039],[-79.61448897,44.36201245],[-79.6147533690332,44.3621859912051],[-79.6155257754087,44.3643027955338],[-79.62251539,44.36280583],[-79.6320252338182,44.3605753279781],[-79.6325912557102,44.3605729504331],[-79.6357761576905,44.3598592412401],[-79.6360374558268,44.3597009493976],[-79.6376680915097,44.3593941468021],[-79.6392987271898,44.3590720023496],[-79.6395991074469,44.3590720023496],[-79.640886451406,44.3586808245608],[-79.6411999982275,44.3586561117771],[-79.6412404709957,44.3585350909908],[-79.6414335725896,44.3584813995844],[-79.648031210379,44.3570240426194],[-79.64697827,44.35651809],[-79.6324543484767,44.3514320577114],[-79.6311670045178,44.3509794594605],[-79.6299279984552,44.3503553734758],[-79.629634,44.35004],[-79.6291072541833,44.349890140867],[-79.6287478706617,44.3496408221445],[-79.6285020780965,44.3494471806939],[-79.6282026022387,44.349229628942],[-79.6277930905589,44.3488871060186],[-79.62776090696,44.3487835412135],[-79.6274156788484,44.3484080568414],[-79.6260518482046,44.3487256631462],[-79.6228421802497,44.3494816411742],[-79.6213009184752,44.3497622362459],[-79.6211214209761,44.3498356676232],[-79.6207564492359,44.348945125723],[-79.6207276725876,44.3488216572227],[-79.6210442157185,44.3484759440382],[-79.6214010461568,44.3482948553658],[-79.6221665050004,44.3481096504631],[-79.6227938359324,44.3495583487541],[-79.6273049726416,44.3485035317497],[-79.6276321725649,44.3488449129715],[-79.6281334844503,44.3492902923276],[-79.6289634471776,44.3498805806562],[-79.6299815752902,44.35050192616],[-79.6294183623084,44.3512958950446],[-79.628120290483,44.3508356245377],[-79.6276911758299,44.3512652104566],[-79.62838858,44.35185862]]}},{"type":"Feature","properties":{"shape_id":"63e0b254-071e-4207-ad90-c5343186d1d0","route_id":"10","route_short_name":"10","route_long_name":"NORTH LOOP","route_color":"#681757","route_text_color":"#FFFFFF","direction_id":"0","trip_headsign":"NORTH LOOP to Downtown Barrie Terminal","trip_count":82,"agency_id":"barrie-transit","agency_name":"Barrie Transit"},"geometry":{"type":"LineString","coordinates":[[-79.690237,44.387753],[-79.6918710702807,44.389600529314],[-79.69250726,44.39039984],[-79.6928133208833,44.3906639801493],[-79.6929266250478,44.3907449457397],[-79.6930938835764,44.3907950672394],[-79.6962286321284,44.3908297667142],[-79.69802649,44.39089524],[-79.6986619739476,44.3908798881413],[-79.6991529586605,44.3909377205039],[-79.6998975288846,44.3911343501093],[-79.7000917645952,44.3911844712756],[-79.7002806048694,44.3911574829606],[-79.7006636808543,44.3908683216619],[-79.7013704830234,44.3905290372498],[-79.703612145914,44.3894948472056],[-79.7050393797796,44.3887978850281],[-79.706107676188,44.3881925480043],[-79.7062101894798,44.3880961561807],[-79.7063558662627,44.3878995163682],[-79.70698462,44.38667327],[-79.7070421950121,44.3864477948431],[-79.7069925277589,44.386118160911],[-79.7068576418488,44.3858983795329],[-79.7065824745921,44.3856670298224],[-79.7062587484077,44.3854819493956],[-79.7060914898791,44.3853122918237],[-79.7060537218243,44.3851619131103],[-79.7060645126971,44.3850269575257],[-79.7061022807519,44.3849267046044],[-79.706183212298,44.3847763249004],[-79.706328889081,44.3846606479422],[-79.706561,44.384555],[-79.7068252692304,44.384568106211],[-79.7089942346656,44.3869702879258],[-79.7091830749398,44.3870165569108],[-79.7093341471592,44.3869857109248],[-79.7094952886996,44.3868188194525],[-79.7095014056878,44.3861567189624],[-79.7095607554882,44.3860449005433],[-79.7096524779071,44.3859253702729],[-79.71186572,44.38493693],[-79.71534062,44.38339257],[-79.715932590719,44.3832018603803],[-79.7183715031394,44.3828174975716],[-79.718484807304,44.3828560577971],[-79.7185927160321,44.3830758505974],[-79.7187491836878,44.3832223786726],[-79.7190351418174,44.3833573384173],[-79.71933538,44.38342827],[-79.7201250199714,44.3834421700976],[-79.7203180027198,44.3834513058335],[-79.7206277978794,44.3834928800758],[-79.7209774989236,44.3836272569734],[-79.7212580616167,44.3838277670952],[-79.7215440197462,44.3840899716028],[-79.7216519284744,44.3842480649296],[-79.7217220691476,44.3844755643335],[-79.7218030006937,44.3847377659396],[-79.721819187003,44.3849267046043],[-79.7217922098209,44.3851156426591],[-79.7217220691476,44.385308435964],[-79.7215709969283,44.3854935169393],[-79.7212418753075,44.3859330819104],[-79.72106688,44.38611843],[-79.7205620503203,44.3867389424515],[-79.7203354419912,44.3869432976674],[-79.7200171112433,44.3871476521699],[-79.7196124535128,44.3873674288575],[-79.71917122,44.38753486],[-79.7190459326903,44.3876604631573],[-79.7190675144359,44.3877722784902],[-79.7196259927527,44.3884214394344],[-79.7200900149399,44.3889565401647],[-79.72088082,44.38991961],[-79.7220547331604,44.3910205001247],[-79.7224463356999,44.3916736180588],[-79.7225259891724,44.391839897961],[-79.722601525282,44.3922292950455],[-79.7226158,44.39255316],[-79.7227148294466,44.3944229787225],[-79.7227633074942,44.3947344814514],[-79.7228550299131,44.3951007279926],[-79.7229899158232,44.3954284203234],[-79.7231571743518,44.3956712969846],[-79.72350518,44.39616283],[-79.7238747673938,44.3965232849206],[-79.7240905848501,44.3965926770568],[-79.7243010068699,44.3965734014717],[-79.7246678965455,44.3964153414339],[-79.7250024136027,44.3962996874773],[-79.7253693032783,44.3962457155526],[-79.7256498659714,44.3962264398532],[-79.725985510706,44.3962293503421],[-79.72676632,44.39635486],[-79.7273802594769,44.3967000780523],[-79.7277222411467,44.3969508646101],[-79.7280400442993,44.3972056373532],[-79.7282828389376,44.3973174344507],[-79.729385210835,44.397494011968],[-79.7297827702585,44.3975448830588],[-79.73016723,44.39752466],[-79.7305705039739,44.3974138110874],[-79.7334581454669,44.396203869355],[-79.7338054915551,44.3960925576742],[-79.73404957259,44.3960657355825],[-79.7343352278671,44.3960871932558],[-79.7345122536726,44.3961448607531],[-79.7347590576957,44.3962385794028],[-79.7350141667598,44.3964786000092],[-79.7354055452619,44.3969642990734],[-79.7354807745592,44.3970621197016],[-79.735101,44.39729],[-79.733688815456,44.3979298709589],[-79.73220591,44.39850887],[-79.7297182546338,44.3995290124495],[-79.7294163040388,44.3996989387472],[-79.7293299770565,44.3998184408891],[-79.7291735094007,44.4000073308738],[-79.7291249504731,44.4001576714462],[-79.7290763915454,44.4008014331181],[-79.72902032,44.40124971],[-79.7290278326178,44.4017420062987],[-79.7289415056353,44.4020041305564],[-79.7288174105979,44.4022084324723],[-79.7285044752864,44.4024589904517],[-79.7281375856109,44.4026632907792],[-79.7277599050624,44.4028406074662],[-79.7273660382048,44.4029369750054],[-79.7268696580554,44.4029716672807],[-79.72606062,44.40302252],[-79.725402099353,44.4031875298647],[-79.72389526,44.40378993],[-79.71952208,44.40570289],[-79.7161597167895,44.407265641151],[-79.7157955248321,44.407362001401],[-79.7155122644208,44.4074467982896],[-79.7153072378374,44.4074699246924],[-79.7147029489599,44.4074467982896],[-79.714292895793,44.407473779092],[-79.7139853559179,44.4075470126358],[-79.7135806981874,44.4077050426022],[-79.71265922,44.40809146],[-79.7120299763697,44.4084173088322],[-79.711320532043,44.4087029641094],[-79.7110718202586,44.4087495713987],[-79.7104837176904,44.4088343662758],[-79.71010882,44.40887955],[-79.7097121702843,44.4090193728536],[-79.70817312,44.40971361],[-79.7051031711759,44.4110941535887],[-79.7040577529308,44.4115747163462],[-79.7037394221828,44.4117789848379],[-79.703502022981,44.4119755444111],[-79.7032646237791,44.4122222064703],[-79.7031076075499,44.4124889023595],[-79.70290207,44.41288804],[-79.702811407121,44.4135287272156],[-79.7025740079191,44.4145538823486],[-79.7024822855003,44.4148699039913],[-79.702358190463,44.4150780148722],[-79.7021261866975,44.415328517728],[-79.7019643236053,44.415494234412],[-79.7017544330212,44.4156123349435],[-79.7010938,44.41588126],[-79.6999086623346,44.4164654018175],[-79.69606761,44.41804245],[-79.6946481118388,44.4187275427148],[-79.6915580148434,44.4200956475792],[-79.6911087055566,44.4202766926351],[-79.6907849793722,44.4203152281795],[-79.6904666486242,44.4202998139648],[-79.6902143,44.42020676],[-79.6897555702779,44.4200205457223],[-79.6895548198716,44.4198566535533],[-79.6885701527276,44.4187371768585],[-79.6877054808349,44.4178370064037],[-79.686737,44.416625],[-79.6842107696973,44.4138019965871],[-79.6840435111688,44.4137017929578],[-79.6837953210941,44.4137133549238],[-79.6832638706081,44.4138944920924],[-79.6825597661571,44.4142490568409],[-79.6791957115579,44.415659586618],[-79.6786049112715,44.4159601869266],[-79.6780599721944,44.4162106860034],[-79.6777740140649,44.4162954700632],[-79.6774448924442,44.416364838748],[-79.6771481434418,44.4164033768707],[-79.6768957183895,44.4164089510685],[-79.67620116,44.41633987],[-79.6754647672831,44.4163301544159],[-79.674971084852,44.4162973969721],[-79.6745772179944,44.4162203205617],[-79.6742858644285,44.4161201210763],[-79.6739945108625,44.4159890907209],[-79.6737840888427,44.4158619139187],[-79.6734873398404,44.4156538058276],[-79.6732418474839,44.4153705464025],[-79.6731069615738,44.4150622352646],[-79.6730637980825,44.4148348547589],[-79.6730422163369,44.4144918553742],[-79.6731526954861,44.4139332720002],[-79.6733254767482,44.4129984357282],[-79.6735619989137,44.4118370796295],[-79.6736375350234,44.411070106327],[-79.6735781852229,44.4108889604104],[-79.673313808839,44.4107579183337],[-79.6728429783532,44.410695880263],[-79.6720135086652,44.4107116681189],[-79.668890868154,44.410379812508],[-79.6681287944529,44.4103185398164],[-79.6680424674704,44.410256872392],[-79.6687156396909,44.406709047914],[-79.6686886625088,44.4065934143043],[-79.6685753583443,44.4065278884906],[-79.6682759116238,44.4064604353705],[-79.6671671494424,44.4063968366431],[-79.6651708379721,44.4061925493541],[-79.6637060769042,44.4060150245197],[-79.6634713754206,44.4059090257952],[-79.6642157487105,44.4020750699446],[-79.6644504501942,44.400654575414],[-79.6646203163162,44.3997921779873],[-79.6647983657176,44.3988400085566],[-79.6648657110533,44.3987305395077],[-79.6650788307913,44.3986553674363],[-79.6697958242746,44.3990724144417],[-79.6733497858264,44.3994329416309],[-79.6754848975686,44.399589872197],[-79.6759003461719,44.3995281934616],[-79.6779991709339,44.3989692269578],[-79.678689,44.398664],[-79.6817894090289,44.3967215357257],[-79.6845837078696,44.3949811934619],[-79.6854990358858,44.3943756108229],[-79.6856393172324,44.3942560975647],[-79.685722468219,44.3941498717195],[-79.685739,44.393088],[-79.6856199549272,44.3924766574395],[-79.685633,44.391061],[-79.6855657618468,44.3906014837012],[-79.6856520888293,44.3905243734287],[-79.6876996569454,44.390480034976],[-79.6898551337897,44.3904472630546],[-79.6908371032156,44.3903932857322],[-79.6910112451236,44.3903131279636],[-79.6910274314328,44.3901666176371],[-79.6905018781608,44.3894998733594],[-79.6899915076429,44.3889983774394],[-79.6891916341963,44.3879930167535],[-79.6891997273509,44.387865779079],[-79.6899308089839,44.3875303329751],[-79.6900999181486,44.3875739776403],[-79.690237,44.387753]]}},{"type":"Feature","properties":{"shape_id":"19af312e-7a85-4ba4-bdb2-f81dabd80250","route_id":"8A","route_short_name":"8A","route_long_name":"RVH/YONGE","route_color":"#000000","route_text_color":"#FFFFFF","direction_id":"1","trip_headsign":"RVH/YONGE to Park Place","trip_count":69,"agency_id":"barrie-transit","agency_name":"Barrie Transit"},"geometry":{"type":"LineString","coordinates":[[-79.6691320639331,44.4120865709833],[-79.6689248651005,44.4121230101496],[-79.6688369237773,44.4121807353696],[-79.6687965183044,44.4122367627345],[-79.6688036486819,44.4123420261234],[-79.6688749524576,44.4124337069852],[-79.6689557634034,44.4124846407352],[-79.6689890384987,44.412566134643],[-79.6689305670236,44.4128370832722],[-79.6688179094372,44.4133793697097],[-79.6687513592466,44.4134455825054],[-79.6686990698111,44.4135185862702],[-79.668689562641,44.4135966832199],[-79.6687252145288,44.4137274104894],[-79.6686824322634,44.4140380988015],[-79.6686871858485,44.4142384324662],[-79.6687347216989,44.4143538786732],[-79.6688892132129,44.4144761155851],[-79.6691007477474,44.4144896974484],[-79.6701845651378,44.4141297770044],[-79.6705505911863,44.4139939573932],[-79.6708880957245,44.4138038094077],[-79.6711067606366,44.4135898921849],[-79.6713254255486,44.4132775037238],[-79.6716106406514,44.4128666424463],[-79.6718388127339,44.4125576456994],[-79.6721145206665,44.4123573062769],[-79.6723284319935,44.4122893944525],[-79.6726231542663,44.4122316693397],[-79.6730604840904,44.4122384605324],[-79.6734502780641,44.4121501749659],[-79.6735548569351,44.4120313288006],[-79.6736974644866,44.4114336987082],[-79.6737782754323,44.4110703637922],[-79.673949404494,44.4109990548054],[-79.6747384996116,44.4110499898048],[-79.6751853366059,44.4110669681281],[-79.6755204643516,44.4110465941396],[-79.6760029532336,44.4108632279233],[-79.6764450366428,44.4106594870088],[-79.677619172149,44.4101433401821],[-79.6791094210608,44.4094947544879],[-79.6819591952953,44.4082043531841],[-79.6826246972018,44.4079224985848],[-79.6828908979643,44.4078409982066],[-79.6834708353398,44.4078443940579],[-79.6837863137595,44.4078285639184],[-79.6840745406406,44.407786664558],[-79.6844833489544,44.4076134757163],[-79.6849183019861,44.4074402863619],[-79.6852249082215,44.4073146388622],[-79.6853580086028,44.4073927440965],[-79.687994,44.41055],[-79.6888015517771,44.4114732586369],[-79.6890154631041,44.4115004237552],[-79.6892056065059,44.4114698629962],[-79.692545,44.410025],[-79.6944712380206,44.4091431508571],[-79.6967568506205,44.4081382066014],[-79.696881,44.408279],[-79.6986483181159,44.4102925536513],[-79.6992603421904,44.410778986961],[-79.6993245155885,44.4108231307958],[-79.6995598180496,44.4109385837454],[-79.6999484236257,44.4110837485264],[-79.6999864523061,44.4111414747722],[-79.6998913806052,44.4113587965982],[-79.6999044529646,44.411619411942],[-79.6999421900924,44.4117235692768],[-79.7005141002462,44.4124419980309],[-79.7009490532778,44.4129920801055],[-79.7011605878124,44.4131720441054],[-79.7013031953637,44.4132195816733],[-79.7014600636702,44.4131822307304],[-79.7016248493605,44.413093039837],[-79.7020304938759,44.4129683112339],[-79.7022253908627,44.4129275645744],[-79.7028576176737,44.412988684553],[-79.7030382539054,44.4129683112339],[-79.7031570935316,44.412900400119],[-79.703261,44.412615],[-79.7034850908996,44.4122280758268],[-79.7037370309071,44.4119666142924],[-79.70405076752,44.4117662728453],[-79.7064871911101,44.4106623179115],[-79.71030063,44.40902611],[-79.7111431164077,44.4088527552597],[-79.7116327356674,44.4086557989504],[-79.7124883809755,44.4083026342522],[-79.712545423996,44.4082007594237],[-79.7125121489008,44.4081158635978],[-79.7121793979476,44.4077423204999],[-79.7119322115252,44.4075351728447],[-79.71163434,44.40734596],[-79.7110138755751,44.4072328287804],[-79.7098834163708,44.4070869163909],[-79.709484115227,44.4070054148485],[-79.7090744128765,44.4068439984533],[-79.70874205,44.4066849],[-79.7080547688867,44.4062123559061],[-79.7072775577329,44.4053141212904],[-79.70689529,44.40489571],[-79.7062041415462,44.4040984522456],[-79.7062279094714,44.4040237386859],[-79.70744886,44.40347316],[-79.709503129568,44.4025328436121],[-79.7103635284611,44.402149076317],[-79.7107961047001,44.4019894555503],[-79.7113189990551,44.4018604001439],[-79.7125691919219,44.4016056846906],[-79.7128258855144,44.4015479490337],[-79.7132156794881,44.4014494586639],[-79.7138669206393,44.4012185150777],[-79.71489181,44.40075877],[-79.7158268804403,44.4003116021265],[-79.71692684,44.39987102],[-79.7191438918232,44.3988517374714],[-79.719234209939,44.398763431699],[-79.7192247027689,44.3986513511037],[-79.71897992,44.39832266],[-79.7180420510736,44.3972616555117],[-79.7175833301172,44.3967233132383],[-79.71720756,44.39621595],[-79.71562628,44.3944009],[-79.71430148008,44.392902926609],[-79.7126586160135,44.3910882536695],[-79.71222054,44.39053543],[-79.7108356161516,44.3889465170064],[-79.70935615,44.38715706],[-79.706722,44.384088],[-79.7052238546621,44.382374906576],[-79.7041706980496,44.3812501260016],[-79.7027086409014,44.3794456745632],[-79.7017125401775,44.3783480243573],[-79.701,44.377472],[-79.6995420390779,44.3757380489773],[-79.6989310656029,44.3751603043266],[-79.6987759731584,44.3751249686677],[-79.6985695452455,44.3751657802988],[-79.6959002000811,44.3763282626631],[-79.6947993643038,44.3768127266466],[-79.693627296998,44.3773406758466],[-79.6935306711665,44.3773281188911],[-79.6934811588216,44.3772017584563],[-79.6928146298417,44.3763072416965],[-79.6927410619807,44.3761824587454],[-79.6925723097116,44.3760074775049],[-79.6923560215921,44.3758341945961],[-79.6920993280012,44.3757016837906],[-79.6914092949556,44.3754602417641],[-79.6909788707968,44.3753189713226],[-79.6906802091356,44.375187118603],[-79.6905089178888,44.3750144538784],[-79.690401982689,44.3747837468853],[-79.6903597063544,44.3747134903404],[-79.6902531127572,44.3746663628107],[-79.6892901497193,44.3748256167799],[-79.6889621523512,44.3748561966807],[-79.6888718342353,44.3748426056156],[-79.6888242983848,44.3747712524724],[-79.6889022002296,44.3742484116236],[-79.688976130766,44.3741811548322],[-79.6898565762442,44.3742508136505],[-79.6899573906119,44.3741523304693],[-79.6899338672594,44.3739865901076],[-79.6893515732343,44.3738731374332],[-79.688976130766,44.3738784983146],[-79.6888618744825,44.373924137096],[-79.6886864444185,44.3747814457839],[-79.6886816908335,44.3748799810369],[-79.6887957768746,44.3749683228469],[-79.6889146165007,44.3749751183653],[-79.6895896255771,44.3748697877426],[-79.6901719397452,44.3747100925661],[-79.6903787206946,44.374569084761],[-79.6905237050385,44.3743737119399],[-79.6906045159843,44.374254789034],[-79.6907636587176,44.3740129884362],[-79.6910320170376,44.3736667212473],[-79.6916245070351,44.3728043004392],[-79.6919802657789,44.3722423305116],[-79.6920022261951,44.3721261684574],[-79.6918836399473,44.3720194247449],[-79.6909133085382,44.3716378734873],[-79.690533,44.371544],[-79.6899621003844,44.3714926762279],[-79.6877573244427,44.3712298197287],[-79.6867461315838,44.371118508048],[-79.6861399523103,44.3710581583415],[-79.6857559099678,44.3710411596341],[-79.6849074771945,44.3710983914792],[-79.68436993,44.3711314],[-79.6824376664063,44.3713099701441],[-79.68121647,44.3713991784508],[-79.6795237187743,44.3715716133744],[-79.6789936940418,44.3716123888375],[-79.6786229448396,44.3716409238459],[-79.6782093525093,44.3716276796288],[-79.677650806267,44.3715886031542],[-79.677180032562,44.3715302271563],[-79.6767785234113,44.3714730725548],[-79.6763720918899,44.3713932203896],[-79.6754848763636,44.3711493534535],[-79.674331,44.370794],[-79.6733525199445,44.370629752238],[-79.672485291031,44.3705979217944],[-79.6717274491412,44.370535564213],[-79.6712047912341,44.3704790513253],[-79.6705503708295,44.370353466935],[-79.6694589381413,44.3700865992118],[-79.668279663788,44.369844847401],[-79.6676073826997,44.3695592842487],[-79.66673841,44.36896555],[-79.6640707352204,44.3673432986345],[-79.6625544500458,44.3663186060521],[-79.6621234513595,44.3660035351517],[-79.6613122163118,44.3653377731542],[-79.6608218656021,44.3649513869881],[-79.6600268985334,44.3642951436508],[-79.65957671,44.3639105],[-79.6577272046378,44.3624756739082],[-79.6573868055473,44.3621904366496],[-79.6569388130556,44.3618293297096],[-79.6560054953643,44.3610631476135],[-79.655190763921,44.3604822241819],[-79.65416301644,44.3598667530731],[-79.6534828348221,44.359510855415],[-79.652015,44.358726],[-79.6506273894218,44.3581019480264],[-79.6500816447234,44.3578641833897],[-79.6494161428171,44.357575288789],[-79.6484128308057,44.3570842141039],[-79.6477901036406,44.3568678090001],[-79.64697827,44.35651809],[-79.6443875397434,44.3556334843243],[-79.6431841089322,44.3552032476591],[-79.64176327,44.35464896],[-79.6390770953474,44.3537583475806],[-79.63652178,44.35279936],[-79.634938728514,44.352241956896],[-79.63343444,44.35168136],[-79.6315656085761,44.3510296789973],[-79.6302029106808,44.3505236165318],[-79.6300027973811,44.3505362888066],[-79.6297988390216,44.3506209774044],[-79.6293859831959,44.351164310917],[-79.6292630048648,44.3511925766845],[-79.6281649840517,44.350812558004],[-79.6281034948861,44.3508251206444],[-79.6276942980396,44.3512541693927],[-79.6277156891724,44.351361242048],[-79.62838858,44.35185862]]}},{"type":"Feature","properties":{"shape_id":"15738ac7-1e9c-4509-8d6b-517a27cbddd0","route_id":"7A","route_short_name":"7A","route_long_name":"GROVE","route_color":"#F58220","route_text_color":"#000000","direction_id":"0","trip_headsign":"GROVE to Georgian College","trip_count":1,"agency_id":"barrie-transit","agency_name":"Barrie Transit"},"geometry":{"type":"LineString","coordinates":[[-79.6803262502088,44.3403906345005],[-79.6801751522835,44.3407425992153],[-79.6801641315094,44.3409317672116],[-79.6801090276394,44.341014528018],[-79.6799988198991,44.3410775837921],[-79.6798169771278,44.3410775837921],[-79.6792332636853,44.3409825468649],[-79.6787048684779,44.3408564830337],[-79.6791890072339,44.3398600423253],[-79.67928743,44.33917077],[-79.679221193744,44.3383647107103],[-79.6789547370558,44.3368736203745],[-79.6805858136048,44.336527844436],[-79.6837219407393,44.3357066414181],[-79.6854238024606,44.3353297910291],[-79.6871910884008,44.335026824554],[-79.6891842597237,44.334491600662],[-79.690164607177,44.3342032631757],[-79.6900363200526,44.3334803826922],[-79.6898749285862,44.3327213426066],[-79.6897367948137,44.3323780198322],[-79.689335,44.331693],[-79.6887349896869,44.3308290440338],[-79.688620995797,44.3305205899787],[-79.6885566227768,44.330210794819],[-79.6886076945666,44.3299402339952],[-79.6886384301566,44.3293672400336],[-79.6886800043988,44.328959544239],[-79.6886706166667,44.3286336558243],[-79.6886384301566,44.3284123735674],[-79.6883044951144,44.3276948826131],[-79.68813661,44.32725928],[-79.6877197735143,44.3263028160514],[-79.687392,44.32555],[-79.6881265412056,44.3250138337036],[-79.68975503,44.32467468],[-79.69301672,44.32395013],[-79.6965441651726,44.3231950630101],[-79.6978214058038,44.3281900204992],[-79.69817,44.32976],[-79.6985026008068,44.3309048712333],[-79.6988918550946,44.332114331578],[-79.6995852142941,44.3322013421519],[-79.70367789,44.33128177],[-79.70874238,44.33016375],[-79.71319544,44.32921574],[-79.7143525488258,44.3289818649435],[-79.7144620265942,44.3291297907427],[-79.7108913785751,44.3353485664933],[-79.70991124,44.33691527],[-79.7088178394267,44.3390834695897],[-79.7089273171951,44.339361869883],[-79.70998171,44.33965923],[-79.713023734869,44.3405748510703],[-79.71360782,44.34062273],[-79.7151067290093,44.3403971593754],[-79.7171497,44.33993688],[-79.7179026733579,44.3397648238995],[-79.7223444259169,44.3391617698058],[-79.7231350986884,44.3392922699336],[-79.72473666,44.33976471],[-79.7265125648089,44.3404809737492],[-79.7286698080894,44.3408756483416],[-79.72988353,44.34123342],[-79.7310296622072,44.3418500138007],[-79.7318689917645,44.342711269786],[-79.7325086434191,44.343877991669],[-79.7328786200727,44.3446599234968],[-79.7333736558779,44.3462960032401],[-79.7337463694123,44.3476937275325],[-79.73412737,44.34901936],[-79.7344800671625,44.3504064888004],[-79.73086153,44.35127803],[-79.72746197,44.3520781],[-79.72225259,44.3532061],[-79.7141051908426,44.355004546844],[-79.70986103,44.35598594],[-79.7057281335228,44.3569853971919],[-79.705593,44.357424],[-79.70672568,44.36170278],[-79.70730927,44.36419828],[-79.708122,44.367459],[-79.70862279,44.36936283],[-79.7089638097886,44.3704473839945],[-79.70622622,44.37101971],[-79.7014221,44.37211017],[-79.697584,44.372957],[-79.693708,44.373831],[-79.6904526848372,44.3746120998448],[-79.6891814206706,44.3748511508487],[-79.6888529560973,44.3747728908585],[-79.6889089211875,44.3742436075697],[-79.6889895726816,44.3741787528025],[-79.689689905126,44.3742472026524],[-79.6898599367231,44.3742436075697],[-79.6899641115697,44.3741499284384],[-79.6899305067805,44.3739913941826],[-79.688976130766,44.3738857044403],[-79.6888585140036,44.3739289411761],[-79.6886643931015,44.3748076730893],[-79.689059767125,44.3750033227526],[-79.6895526693378,44.3749718752586],[-79.6897534327974,44.3750015526974],[-79.6900029960123,44.375089894324],[-79.6902810807378,44.375196923424],[-79.6904617169695,44.3752461907217],[-79.6906423532012,44.3752767704029],[-79.6907017730142,44.3753073500681],[-79.6909846113244,44.3754177765039],[-79.69197509837,44.3757828698029],[-79.6922726756743,44.376014848983],[-79.6924552138123,44.3761382625185],[-79.6930328178954,44.3769033910184],[-79.6934114213831,44.3775450812307],[-79.69351954,44.37959209],[-79.69361715,44.38125324],[-79.693828,44.385598],[-79.69376789003,44.3860548027149],[-79.693164658139,44.3860637775697],[-79.6925200026902,44.3861384086767],[-79.6909403209496,44.3868381946774],[-79.6901171035293,44.3873446355672],[-79.6900624502649,44.3875254186803],[-79.690237,44.387753],[-79.6915801310441,44.3892108788902],[-79.69250726,44.39039984],[-79.6934806502183,44.3915264755096],[-79.6926055910301,44.3918977440825],[-79.692544063431,44.3922201596166],[-79.69412,44.394131],[-79.69624255,44.39659223],[-79.6963591692662,44.3967228768303],[-79.69232901,44.3984896],[-79.68845319,44.40018354],[-79.6865690499115,44.4010761220932],[-79.6861588659171,44.4013740655331],[-79.68568914,44.40178296],[-79.6850650419319,44.402468139903],[-79.684593330338,44.4028051497615],[-79.6828703393263,44.4035517813892],[-79.6798461524248,44.4048769355288],[-79.6778047852298,44.4057697760141],[-79.6755076751416,44.406702036065],[-79.6748719696695,44.4070005157609],[-79.6745233132742,44.407064005601],[-79.673827,44.406997],[-79.668958,44.406516],[-79.6686303365538,44.4066781816635],[-79.668001387762,44.4099600458111],[-79.668001387762,44.4103653823267],[-79.6685374842606,44.4104614425435]]}},{"type":"Feature","properties":{"shape_id":"2ce94c55-9f1f-47bc-9e13-56df2342c3eb","route_id":"8A","route_short_name":"8A","route_long_name":"RVH/YONGE","route_color":"#000000","route_text_color":"#FFFFFF","direction_id":"0","trip_headsign":"RVH/YONGE to Georgian College","trip_count":2,"agency_id":"barrie-transit","agency_name":"Barrie Transit"},"geometry":{"type":"LineString","coordinates":[[-79.62838858,44.35185862],[-79.6287923761852,44.3520257679624],[-79.6290205482673,44.3518881046449],[-79.6292653578977,44.3515430951572],[-79.629429356582,44.3513153537914],[-79.6299237294267,44.3505896347298],[-79.629852729012,44.3502691081081],[-79.6285452766921,44.3494273177232],[-79.6277658603594,44.3487262656842],[-79.6276961563663,44.3484820141092],[-79.63144988,44.34762231],[-79.6338715769196,44.3471640836277],[-79.636806,44.346424],[-79.6432432600627,44.3449835681279],[-79.6496798874192,44.343538732384],[-79.6527697176988,44.3428520127043],[-79.6571017722003,44.3418989662278],[-79.6593065903195,44.3413744987548],[-79.661454517577,44.3409481933128],[-79.6622785114603,44.340777566251],[-79.662534212468,44.3416367330782],[-79.6630311408404,44.3436069034418],[-79.66364504182,44.3461702887525],[-79.6637677191124,44.3466214707753],[-79.6637841,44.34714163],[-79.6637677191124,44.3476700378032],[-79.6638436621981,44.3486141498361],[-79.6640072319212,44.349361909194],[-79.6642292194023,44.3501848512035],[-79.6701060458771,44.3488063123692],[-79.67003749,44.34842448],[-79.6698022735351,44.347640795151],[-79.6697321722246,44.3471729107534],[-79.6697380140011,44.346170288751],[-79.66983149,44.3454862],[-79.6698606912933,44.345171827299],[-79.670292982704,44.3452010711816],[-79.670777850097,44.3451509388025],[-79.6741355862378,44.3444434151717],[-79.6747508178788,44.3441984043056],[-79.6780658307253,44.3434944237257],[-79.6783070980359,44.3432114487577],[-79.6782491938811,44.3426489456796],[-79.6782829713045,44.3420174173878],[-79.6786062695006,44.3410442293246],[-79.6792625165852,44.3411374076044],[-79.6799903305657,44.3412363031588],[-79.6800683494024,44.3413410188857],[-79.6802324111735,44.341392784353],[-79.6803964729447,44.3413582740465],[-79.6804693561829,44.3412739049579],[-79.6804459890796,44.3411234976167],[-79.6802999446842,44.3410733617506],[-79.6803262502088,44.3403906345005],[-79.6804576726313,44.3396820743628],[-79.6805027494287,44.3393234618334],[-79.6804290110778,44.3389964813298],[-79.6792934404737,44.3390123030091],[-79.6792123282877,44.3382686794691],[-79.678843636533,44.3368446931783],[-79.6805858136048,44.336527844436],[-79.6849049289759,44.3355419791344],[-79.6878618368476,44.3348668770713],[-79.6887176431181,44.3346779349066],[-79.6912784612385,44.3340835255415],[-79.6958626418244,44.3330529863322],[-79.69856992,44.33243152],[-79.70367789,44.33128177],[-79.70874238,44.33016375],[-79.7148174636074,44.3287851086119],[-79.7151209097202,44.3283316647392],[-79.7172760650224,44.3246655609655],[-79.7173883697872,44.3243937950235],[-79.7175046539099,44.3242593704947],[-79.7188191988857,44.3219724520084],[-79.719071085925,44.3218060263702],[-79.721818698753,44.3226389183187],[-79.7225281430798,44.3228065563921],[-79.7230055763129,44.3227931453462],[-79.72353994,44.32269687],[-79.7262644604602,44.3221494151443],[-79.7271201348673,44.3219593298437],[-79.72805133,44.32184739],[-79.728226210131,44.32192240185],[-79.728992267191,44.3248477175741],[-79.72906455,44.32504571],[-79.7292143040327,44.3254304574631],[-79.7245545521113,44.3264677719157],[-79.72470867,44.32693573],[-79.7252220571849,44.3287974989075],[-79.7254597977078,44.3300552266869],[-79.7254973486362,44.3304562169585],[-79.7252586320197,44.3308665949623],[-79.72400905,44.33163557],[-79.72085917,44.33349211],[-79.7193685006719,44.3344299098509],[-79.7190587055122,44.335151424119],[-79.7192290257948,44.3361183605265],[-79.71954061,44.33718263],[-79.72006099,44.33921511],[-79.7200672161619,44.3393396937454],[-79.7179992328882,44.3396038913491],[-79.71668472,44.33987811],[-79.71421573,44.34041427],[-79.713773493347,44.3405206168219],[-79.7133015679012,44.3404837005134],[-79.71003526,44.33954493],[-79.7089121100249,44.3392758809656],[-79.7085696105656,44.3393153906848],[-79.70697499,44.34205309],[-79.7059793496534,44.3438060751877],[-79.7059510234131,44.3438527021096],[-79.7055873741573,44.3445530081634],[-79.7046604250736,44.3461201676153],[-79.70433311,44.34656133],[-79.7039901695822,44.3472453690604],[-79.7037008346096,44.3477346721128],[-79.7033530296894,44.3482231705322],[-79.7025228859498,44.3490801363635],[-79.701121431656,44.3501101046866],[-79.7005913562754,44.3505460619754],[-79.7000850994681,44.3511477130543],[-79.699707189457,44.3519193130254],[-79.6993203281951,44.3542058380965],[-79.6992157220373,44.3548817548085],[-79.698834103447,44.3562553948449],[-79.69807715,44.3576689],[-79.6975031314792,44.3590297912973],[-79.6972496627122,44.3618541575583],[-79.6972174762021,44.3633105971402],[-79.69708789759,44.3642076345109],[-79.6967440662828,44.3652002135038],[-79.6960051176551,44.3663616100765],[-79.69473858,44.3681091],[-79.6925294744411,44.3712322016724],[-79.6924711603425,44.3713371118895],[-79.6923525023989,44.3715010217214],[-79.6903644599394,44.3743669163518],[-79.6902646346535,44.3745843747805],[-79.6901838237078,44.3746523303738],[-79.6894232501005,44.3748120257078],[-79.6889764131063,44.3748527989147],[-79.68883855914,44.374835810082],[-79.6888040695571,44.3747736479119],[-79.6888595315107,44.3744741212609],[-79.6889022002296,44.3742412055425],[-79.6889794912449,44.3741763507727],[-79.689863297202,44.3742484116236],[-79.6899641115697,44.3741475264074],[-79.6899305067805,44.3739865901076],[-79.6897531198448,44.3739253232581],[-79.688976130766,44.3738736942303],[-79.6888585140036,44.373924137096],[-79.6887602059591,44.3744379405368],[-79.6886852186691,44.374791697963],[-79.6886972166355,44.37507041443],[-79.6890601551197,44.3757650558517],[-79.6894020971622,44.376584036079],[-79.6897110447978,44.3774630335262],[-79.690070599895,44.3784826069464],[-79.6902470050381,44.3791271338533],[-79.6904276412698,44.3798779805278],[-79.6905322201408,44.3807918940301],[-79.6905928953302,44.3816734626959],[-79.6906172621754,44.381907242682],[-79.6907406220001,44.3832255860918],[-79.6908096748936,44.384813007214],[-79.690884482195,44.385072089995],[-79.691137676138,44.3854175319194],[-79.6914871682386,44.3857946524221],[-79.6920353637543,44.3863428127455],[-79.6909132542339,44.3868691881994],[-79.6901611656497,44.3872894105476],[-79.6900935819111,44.3875221148895],[-79.690237,44.387753]]}},{"type":"Feature","properties":{"shape_id":"1e41556e-a04b-4e12-88b6-56d269b5ccb5","route_id":"7A","route_short_name":"7A","route_long_name":"GROVE","route_color":"#F58220","route_text_color":"#000000","direction_id":"0","trip_headsign":"GROVE to Georgian College","trip_count":2,"agency_id":"barrie-transit","agency_name":"Barrie Transit"},"geometry":{"type":"LineString","coordinates":[[-79.6803262502088,44.3403906345005],[-79.6801861730575,44.3407425992153],[-79.6801696418965,44.3409199442297],[-79.6801310691874,44.3410105870299],[-79.6800098406731,44.3410736428082],[-79.6798114667408,44.3410815247758],[-79.6792332636853,44.3409825468649],[-79.6787048684779,44.3408564830337],[-79.6791890072339,44.3398600423253],[-79.67928743,44.33917077],[-79.679221193744,44.3383647107103],[-79.6788644599238,44.336779525088],[-79.6805858136048,44.336527844436],[-79.6837219407393,44.3357066414181],[-79.6854238024606,44.3353297910291],[-79.6871910884008,44.335026824554],[-79.6891842597237,44.334491600662],[-79.690164607177,44.3342032631757],[-79.6900264734046,44.3337539931389],[-79.6898749285862,44.3327213426066],[-79.6897367948137,44.3323780198322],[-79.689335,44.331693],[-79.6887349896869,44.3308290440338],[-79.688620995797,44.3305205899787],[-79.6885566227768,44.330210794819],[-79.6886076945666,44.3299402339952],[-79.6886384301566,44.3293672400336],[-79.6886800043988,44.328959544239],[-79.6886706166667,44.3286336558243],[-79.6886384301566,44.3284123735674],[-79.6883044951144,44.3276948826131],[-79.68813661,44.32725928],[-79.6877197735143,44.3263028160514],[-79.687392,44.32555],[-79.6872637979546,44.3252259090677],[-79.68975503,44.32467468],[-79.69301672,44.32395013],[-79.6966743288442,44.3231565846894],[-79.6978786407637,44.3281656103233],[-79.69817,44.32976],[-79.6983104764408,44.330064614419],[-79.6986846446207,44.3315156895826],[-79.6988643526354,44.3323243756488],[-79.70367789,44.33128177],[-79.70874238,44.33016375],[-79.71319544,44.32921574],[-79.7145083376472,44.3289286988335],[-79.7108913785751,44.3353485664933],[-79.70991124,44.33691527],[-79.7085940664169,44.3392404520059],[-79.70998171,44.33965923],[-79.713023734869,44.3405748510703],[-79.71360782,44.34062273],[-79.7171497,44.33993688],[-79.7179026733579,44.3397648238995],[-79.7225710584266,44.3391868078224],[-79.72473666,44.33976471],[-79.7265125648089,44.3404809737492],[-79.7281661467651,44.340800156641],[-79.72988353,44.34123342],[-79.7315376836978,44.3423384036028],[-79.7325086434191,44.343877991669],[-79.7331027527513,44.3453625944473],[-79.7333736558779,44.3462960032401],[-79.7337463694123,44.3476937275325],[-79.73412737,44.34901936],[-79.7344800671625,44.3504064888004],[-79.73086153,44.35127803],[-79.72746197,44.3520781],[-79.72225259,44.3532061],[-79.7141051908426,44.355004546844],[-79.70986103,44.35598594],[-79.7055470767943,44.3570355687759],[-79.705593,44.357424],[-79.70672568,44.36170278],[-79.70730927,44.36419828],[-79.708122,44.367459],[-79.70862279,44.36936283],[-79.70881132536,44.3703366440735],[-79.70622622,44.37101971],[-79.7014221,44.37211017],[-79.697584,44.372957],[-79.693708,44.373831],[-79.6904526848372,44.3746120998448],[-79.6892483301208,44.3748337597488],[-79.688932030902,44.3748468030742],[-79.6888225427109,44.3747685430782],[-79.6889055607085,44.3742436075697],[-79.6889794912449,44.3741859588913],[-79.689689905126,44.3742472026524],[-79.6898364133706,44.3742219893219],[-79.6899405882172,44.3741355162511],[-79.6899461444555,44.3739914588829],[-79.688972770287,44.3738784983146],[-79.6888652349614,44.373924137096],[-79.6886400623924,44.3748120208667],[-79.6889989403521,44.3750076705154],[-79.6895526693378,44.3749718752586],[-79.6897534327974,44.3750015526974],[-79.6909846113244,44.3754177765039],[-79.69197509837,44.3757828698029],[-79.6922726756743,44.376014848983],[-79.6924552138123,44.3761382625185],[-79.6930328178954,44.3769033910184],[-79.6934114213831,44.3775450812307],[-79.69351954,44.37959209],[-79.69361715,44.38125324],[-79.693828,44.385598],[-79.6939149263325,44.386026178068],[-79.693164658139,44.3860637775697],[-79.6925200026902,44.3861384086767],[-79.6909403209496,44.3868381946774],[-79.6900350062678,44.3873597278598],[-79.6900329954886,44.3874974605597],[-79.690237,44.387753]]}},{"type":"Feature","properties":{"shape_id":"42f44a24-9281-447c-8266-771d8fbfaddc","route_id":"7B","route_short_name":"7B","route_long_name":"BEAR CREEK","route_color":"#F58220","route_text_color":"#000000","direction_id":"0","trip_headsign":"BEAR CREEK to Park Place","trip_count":3,"agency_id":"barrie-transit","agency_name":"Barrie Transit"},"geometry":{"type":"LineString","coordinates":[[-79.673919,44.410097],[-79.674258,44.408195],[-79.6744017106486,44.4072695452272],[-79.6744794426525,44.4072166590203],[-79.6748421920037,44.4071399739352],[-79.6755195708944,44.4068438099041],[-79.6773111085065,44.4060478616404],[-79.6779847858731,44.405801935236],[-79.6792987606875,44.4052614957148],[-79.6829910970722,44.4036229292424],[-79.6847511717306,44.4028084255801],[-79.6852323698496,44.4024567045839],[-79.685641859044,44.4019834519747],[-79.68602289,44.40161247],[-79.6861667034383,44.4014648682411],[-79.686783308402,44.4010418656824],[-79.6880825433234,44.4004388959021],[-79.68909394,44.40000377],[-79.6902426226715,44.399481442506],[-79.6930308,44.39829531],[-79.6948165857341,44.3974803961969],[-79.6963406433499,44.3968235915048],[-79.6964813012614,44.3967389584409],[-79.6965109134534,44.3966252325683],[-79.696329,44.396371],[-79.6955892339792,44.3955990449325],[-79.6951225588476,44.3950324522287],[-79.6942707,44.39395278],[-79.692739,44.392146],[-79.6916619170225,44.3909069165539],[-79.6917581566463,44.3907693738574],[-79.6928167925081,44.3907482134139],[-79.692898226036,44.3906582814435],[-79.69253335,44.39018841],[-79.6914065118665,44.3889310317876],[-79.690372,44.387588]]}},{"type":"Feature","properties":{"shape_id":"ef2b9228-f6a9-4f63-bb55-0cc02c583fdc","route_id":"400","route_short_name":"400","route_long_name":"EXPRESS","route_color":"#00C4DC","route_text_color":"#000000","direction_id":"0","trip_headsign":"EXPRESS  to RVH","trip_count":42,"agency_id":"barrie-transit","agency_name":"Barrie Transit"},"geometry":{"type":"LineString","coordinates":[[-79.6803262502088,44.3403906345005],[-79.6801696418947,44.3407504812276],[-79.6801861730558,44.3409317672119],[-79.6801200484116,44.3410145280183],[-79.6800043302844,44.3410775837924],[-79.679816977126,44.3410933477253],[-79.6787755139809,44.3409396491985],[-79.6785495881135,44.3409672361432],[-79.6784008076641,44.3411209345978],[-79.6781252883136,44.3418421296573],[-79.6782440682751,44.3434488697816],[-79.679344,44.347963],[-79.6799263040288,44.3498076150184],[-79.685384,44.349134],[-79.6896077424483,44.3480891011072],[-79.691495956464,44.3473157534086],[-79.7020528360151,44.3449342694257],[-79.7024133151052,44.3459040606633],[-79.7030656106016,44.346419639346],[-79.70389522,44.34682915],[-79.7040587303932,44.3467885733966],[-79.7043114028882,44.3468584408124],[-79.7037892130653,44.3477715280033],[-79.7031857702983,44.3486169357412],[-79.7003362689195,44.3509307567964],[-79.7000850994681,44.3511477130543],[-79.6995981450684,44.3524896209572],[-79.698876302435,44.3563534890838],[-79.69807715,44.3576689],[-79.6976153936111,44.3596359881716],[-79.6974696018698,44.361602615151],[-79.6969959786506,44.3629179763845],[-79.6963838573423,44.3629633898714],[-79.6960777966881,44.3628230207982],[-79.6957601865754,44.362381268873],[-79.6955465215904,44.3619931849939],[-79.6955811699663,44.3616381272782],[-79.6960258241242,44.3614358259895],[-79.6992510646712,44.364159556522],[-79.699763173926,44.3644073857481],[-79.7005352771101,44.3648917762083],[-79.7093103541893,44.3724432509888],[-79.7103402944467,44.3735352866386],[-79.7110784182978,44.3745887613664],[-79.7116277197684,44.3759874936941],[-79.7116792167813,44.3775088839055],[-79.7112157436655,44.3793860286417],[-79.7085893960091,44.384489589247],[-79.7064265214686,44.38868459452],[-79.702735902213,44.3936156301792],[-79.701405563778,44.395204015852],[-79.6983811154613,44.3985068726465],[-79.6978403235408,44.3987936775696],[-79.6975396702252,44.3989014072531],[-79.6967099374663,44.3993153361867],[-79.6962877065948,44.3996099956772],[-79.6961895133689,44.3998555441191],[-79.6962582486271,44.4002764819076],[-79.6964840930466,44.4007465255257],[-79.6965430089822,44.4009990847162],[-79.6965133488323,44.4012382800627],[-79.6948482787495,44.4029674987208],[-79.6866602664724,44.4089028629837],[-79.6839395159258,44.4106747667512],[-79.6806265414312,44.411864184671],[-79.6778113713943,44.4124895390295],[-79.6756671501226,44.4124710484052],[-79.6732967999328,44.4121952554584],[-79.6726089937543,44.4122289976662],[-79.6719235462563,44.412342397429],[-79.6707047836184,44.4138137967742],[-79.668493314166,44.4144616428317],[-79.6644822366222,44.4157020383604],[-79.6601564956447,44.4165970926167],[-79.6589870673273,44.4165434018659],[-79.6591608867292,44.4153587262434],[-79.6611757465238,44.4154789801079]]}},{"type":"Feature","properties":{"shape_id":"827ca8f5-803b-492d-bbae-83a9354a05ac","route_id":"8A","route_short_name":"8A","route_long_name":"RVH/YONGE","route_color":"#000000","route_text_color":"#FFFFFF","direction_id":"0","trip_headsign":"RVH/YONGE to Georgian College","trip_count":21,"agency_id":"barrie-transit","agency_name":"Barrie Transit"},"geometry":{"type":"LineString","coordinates":[[-79.6897531198448,44.3739253232581],[-79.6889862122027,44.3738736942303],[-79.6888652349614,44.3739265391361],[-79.6886545540477,44.3748019336367],[-79.6887258578234,44.3751281185538],[-79.6893057951989,44.3763139213288],[-79.690070599895,44.3784826069464],[-79.6902899466778,44.3793967814639],[-79.6904133805147,44.3799051603174],[-79.6904879131242,44.3806508964842],[-79.6905654952361,44.381175801395],[-79.6905928953302,44.3816734626959],[-79.6906172621754,44.381907242682],[-79.6907406220001,44.3832255860918],[-79.6908096748936,44.384813007214],[-79.690884482195,44.385072089995],[-79.691137676138,44.3854175319194],[-79.6914871682386,44.3857946524221],[-79.6920353637543,44.3863428127455],[-79.6909132542339,44.3868691881994],[-79.6901611656497,44.3873069731717],[-79.6900505740775,44.3875177242501],[-79.690237,44.387753],[-79.6911442018467,44.3887734336954],[-79.6916374286644,44.3893001177421],[-79.6919156711313,44.3896175720523],[-79.6921395259964,44.3898842311338],[-79.69250726,44.39039984],[-79.6926249001187,44.3905954816637],[-79.6924651567367,44.3907052417782],[-79.6914237545088,44.3906871363718],[-79.6911239181596,44.3903496946191],[-79.6908308590591,44.3902881522483],[-79.69020332,44.39030032],[-79.687587404753,44.3903634826982],[-79.6875199489307,44.3903620177723],[-79.6874434291562,44.3903656261059],[-79.6865645781172,44.3903720563286],[-79.685586743856,44.3903806299576],[-79.68509193,44.39037224],[-79.68326777,44.39042963],[-79.6811025039149,44.3905113776452],[-79.6808235511964,44.3905521022752],[-79.680577958677,44.3906500532155],[-79.6800646798215,44.3908564644017],[-79.67958159,44.39104266],[-79.6788678826734,44.3912722805233],[-79.6785679335133,44.3912937142639],[-79.6776530885752,44.3913965961097],[-79.6772091638183,44.3914308900181],[-79.6768103052989,44.3914077016364],[-79.6766932512634,44.3914759007424],[-79.6764382944774,44.3915830689942],[-79.676045380258,44.3917325864692],[-79.67344728,44.39260564],[-79.67096589,44.39346245],[-79.668429651907,44.3943500853094],[-79.6660750510012,44.3951688055655],[-79.6655981318368,44.3952631076866],[-79.6653671709841,44.3952588212297],[-79.6653625836768,44.395264596734],[-79.6630954564474,44.3950889941334],[-79.6620077403924,44.3952116701847],[-79.6582463779264,44.3966090395785],[-79.656976056121,44.3970776627774],[-79.6540500891781,44.3981971136687],[-79.6531975107386,44.398521929426],[-79.650872,44.399395],[-79.6503667134936,44.3995922687],[-79.6498897943291,44.3998387212005],[-79.6492179082106,44.4003809130476],[-79.6494218736394,44.4004902080288],[-79.651577074363,44.4007458488582],[-79.6556151653864,44.4010986935358],[-79.6557697363725,44.401384342884],[-79.65529,44.403849],[-79.654712,44.406942],[-79.65379228,44.41169531],[-79.6532762203517,44.4146646793352],[-79.6532972167937,44.4149624885223],[-79.65333888,44.41529301],[-79.6534388811314,44.4157367601303],[-79.6533572066257,44.4160123073724],[-79.65657733,44.41637423],[-79.6590202467693,44.4165800586938],[-79.6591837501039,44.4157759497032],[-79.6594505316737,44.4152929646685],[-79.660639972234,44.4154017007425],[-79.6611757465238,44.4154789801079],[-79.6616777963284,44.4155066826872],[-79.6620287368457,44.4155431049504],[-79.6624366677033,44.4155345350082],[-79.662517653977,44.4155173951199],[-79.6626646290654,44.4154766878651],[-79.6627936072043,44.415408128214],[-79.6629388429486,44.4152743765875],[-79.6630185690743,44.4152045912762],[-79.6630635614487,44.4151103212965],[-79.663136445903,44.4146272651605],[-79.663549,44.414484],[-79.6653278436566,44.4146932357203],[-79.6655965207758,44.4147771981433],[-79.6658148209351,44.415209002986],[-79.666201044294,44.4152689756286],[-79.6686947038067,44.4145612945263],[-79.6688465812571,44.4142018937044],[-79.6692005212663,44.4124728427643],[-79.6693145019472,44.4124042795915],[-79.6693924887288,44.4123142903052],[-79.6693882475083,44.4122303263119],[-79.6693444968632,44.4121493095874],[-79.669255147127,44.4120978978937],[-79.6691885969364,44.4120843154749],[-79.6691320639331,44.4120865709833]]}},{"type":"Feature","properties":{"shape_id":"b7ea61d1-04c1-4a7b-81d9-74be7f58e369","route_id":"8A","route_short_name":"8A","route_long_name":"RVH/YONGE","route_color":"#000000","route_text_color":"#FFFFFF","direction_id":"1","trip_headsign":"RVH/YONGE to Park Place","trip_count":7,"agency_id":"barrie-transit","agency_name":"Barrie Transit"},"geometry":{"type":"LineString","coordinates":[[-79.6691320639331,44.4120865709833],[-79.6688939667977,44.4121365925594],[-79.6688107790595,44.4122180869522],[-79.6687917647193,44.4122944878422],[-79.6688012718894,44.4123505150982],[-79.6688250398146,44.412381075397],[-79.6688939667977,44.4124540804906],[-79.6689665609225,44.4124985539335],[-79.6689305670236,44.4128370832722],[-79.6687835919352,44.4134262910552],[-79.6686966066788,44.4135184211901],[-79.6687356000696,44.4136662576148],[-79.6686306178638,44.4140883392635],[-79.6686426158302,44.4142704547701],[-79.6687925904103,44.4145082753424],[-79.6698664084037,44.4141954661007],[-79.670412315875,44.4140197779846],[-79.6707027059081,44.4139022789773],[-79.6709784138407,44.4137291082441],[-79.6712969040387,44.4133454144007],[-79.6716031140414,44.4128092296665],[-79.6717590876046,44.4125971133104],[-79.6719671595301,44.4124455915307],[-79.6720290418491,44.4123957091896],[-79.6723617070888,44.4122622297006],[-79.6726801972868,44.4122282737431],[-79.6730652376755,44.4122350649362],[-79.6735738712753,44.4120347244086],[-79.6737640146772,44.4110431984741],[-79.6739969403444,44.4109854721314],[-79.6750427290543,44.4110737594561],[-79.6755204643516,44.4110465941396],[-79.6767968019362,44.4105134722501],[-79.6791094210608,44.4094947544879],[-79.6820637741663,44.4081602073727],[-79.6826960009775,44.4078953318047],[-79.6831238236316,44.4078443940579],[-79.6838939044089,44.4078274147992],[-79.6844263059339,44.4076338509008],[-79.6849183019861,44.4074402863619],[-79.6852962119972,44.4073418059121],[-79.687994,44.41055],[-79.6889071810928,44.4115579463085],[-79.692545,44.410025],[-79.6944712380206,44.4091431508571],[-79.6967568506205,44.4081382066014],[-79.696881,44.408279],[-79.6986483181159,44.4102925536513],[-79.699135560583,44.4107204114364],[-79.6993245155885,44.4108231307958],[-79.6995598180496,44.4109385837454],[-79.6999389164556,44.4110633745437],[-79.6999959594761,44.4111143094872],[-79.6998806850394,44.4114632126573],[-79.6999044529646,44.411619411942],[-79.6999421900924,44.4117235692768],[-79.7009490532778,44.4129920801055],[-79.7012033700777,44.4131686485634],[-79.7014648172552,44.4131822307304],[-79.7016248493605,44.413093039837],[-79.702258665958,44.412937751242],[-79.7028671248438,44.413009057865],[-79.7031475863614,44.412883422328],[-79.703261,44.412615],[-79.7034280478791,44.4122824053495],[-79.703841609778,44.4119020976301],[-79.7064871911101,44.4106623179115],[-79.71030063,44.40902611],[-79.7109450227586,44.4089135175296],[-79.7124646130503,44.4083162175492],[-79.7124931345606,44.4080920927444],[-79.7121404752313,44.4077354178627],[-79.711895665601,44.4075350619217],[-79.71163434,44.40734596],[-79.7108341333798,44.4071853972699],[-79.7104586001612,44.4071412506895],[-79.7102723163078,44.4071122746759],[-79.7099086670519,44.4070800136762],[-79.7094356853399,44.4069679490128],[-79.7090744128765,44.4068439984533],[-79.70874205,44.4066849],[-79.7080547688867,44.4062123559061],[-79.7072775577329,44.4053141212904],[-79.70689529,44.40489571],[-79.7062184023014,44.4040746797597],[-79.7062516773967,44.4040169465393],[-79.70744886,44.40347316],[-79.7095506654181,44.402512466651],[-79.7104015571412,44.4021456801351],[-79.7108911764008,44.4019622860148],[-79.7113047382997,44.4018570039452],[-79.7119987617165,44.4017109672124],[-79.7130588111816,44.4015037981988],[-79.7137148059178,44.4012762510597],[-79.7142044251774,44.4010792692396],[-79.71489181,44.40075877],[-79.7158268804403,44.4003116021265],[-79.71692684,44.39987102],[-79.7191153703129,44.3988585302176],[-79.7192151955988,44.3987498461838],[-79.7192151955988,44.3986445583334],[-79.71897992,44.39832266],[-79.7180420510736,44.3972616555117],[-79.7175833301172,44.3967233132383],[-79.71720756,44.39621595],[-79.71562628,44.3944009],[-79.71430148008,44.392902926609],[-79.7131054530078,44.3916266477835],[-79.7126586160135,44.3910882536695],[-79.71222054,44.39053543],[-79.7119669693905,44.3902950899113],[-79.7108356161516,44.3889465170064],[-79.7096519734751,44.3876148981587],[-79.70935615,44.38715706],[-79.7076320886314,44.3851986562346],[-79.7052238546621,44.382374906576],[-79.7036492141518,44.3806408268489],[-79.7027086409014,44.3794456745632],[-79.701,44.377472],[-79.6995420390779,44.3757380489773],[-79.6988945594062,44.3751375260957],[-79.6986002898283,44.3751438048086],[-79.6959002000811,44.3763282626631],[-79.6947993643038,44.3768127266466],[-79.6939303507425,44.3772151061701],[-79.6935963400084,44.3773455085121],[-79.6934811588216,44.3772017584563],[-79.693104639091,44.3766782927668],[-79.6928762507619,44.376339250187],[-79.6927093515982,44.3760661311257],[-79.6925468445179,44.3759374194023],[-79.6923560215921,44.3758341945961],[-79.6920993280012,44.3757016837906],[-79.6915003762855,44.3755097124762],[-79.6909679747604,44.3753432235701],[-79.6907197378849,44.3752310695425],[-79.690460604973,44.374945387846],[-79.690401982689,44.3747837468853],[-79.6904009738299,44.3747816591649],[-79.6903050401264,44.3746727170364],[-79.6900911287994,44.3746710181481],[-79.6892331066987,44.3748460033822],[-79.6889051093306,44.3748663899774],[-79.6888290519699,44.3748290145474],[-79.6888005304596,44.374784843554],[-79.6889089211875,44.3742412055425],[-79.688976130766,44.3741811548322],[-79.6898532157652,44.3742460095967],[-79.6899607510908,44.3741499284384],[-79.6899271463016,44.3739913941826],[-79.6893515732343,44.3738731374332]]}},{"type":"Feature","properties":{"shape_id":"666ce142-79ae-499c-9ee2-3b371b902470","route_id":"8A","route_short_name":"8A","route_long_name":"RVH/YONGE","route_color":"#000000","route_text_color":"#FFFFFF","direction_id":"0","trip_headsign":"RVH/YONGE to Georgian College","trip_count":2,"agency_id":"barrie-transit","agency_name":"Barrie Transit"},"geometry":{"type":"LineString","coordinates":[[-79.690237,44.387753],[-79.6909967464172,44.3885539060152],[-79.6917524554937,44.3893881068196],[-79.6919156711313,44.3896175720523],[-79.69250726,44.39039984],[-79.6926371880712,44.3905910912549],[-79.6924160049268,44.3907140225784],[-79.6914237545088,44.3906871363718],[-79.691114806874,44.3903420486169],[-79.69020332,44.39030032],[-79.687587404753,44.3903634826982],[-79.6875199489307,44.3903620177723],[-79.6874434291562,44.3903656261059],[-79.6865645781172,44.3903720563286],[-79.685586743856,44.3903806299576],[-79.68509193,44.39037224],[-79.68326777,44.39042963],[-79.6811025039149,44.3905113776452],[-79.6808235511964,44.3905521022752],[-79.680577958677,44.3906500532155],[-79.6800646798215,44.3908564644017],[-79.67958159,44.39104266],[-79.6788678826734,44.3912722805233],[-79.6785679335133,44.3912937142639],[-79.6776530885752,44.3913965961097],[-79.6772091638183,44.3914308900181],[-79.6768164492751,44.3914077016364],[-79.6766932512634,44.3914759007424],[-79.6764382944774,44.3915830689942],[-79.676045380258,44.3917325864692],[-79.67344728,44.39260564],[-79.67096589,44.39346245],[-79.668429651907,44.3943500853094],[-79.6660750510012,44.3951688055655],[-79.6655981318368,44.3952631076866],[-79.6653671709841,44.3952588212297],[-79.6653625836768,44.395264596734],[-79.6652441918285,44.3952481050865],[-79.6630954564474,44.3950889941334],[-79.6620077403924,44.3952116701847],[-79.6582463779264,44.3966090395785],[-79.656976056121,44.3970776627774],[-79.6564693544191,44.3972673652928],[-79.6540500891781,44.3981971136687],[-79.6531975107386,44.398521929426],[-79.650872,44.399395],[-79.6503667134936,44.3995922687],[-79.6498897943291,44.3998387212005],[-79.6492179082106,44.4003809130476],[-79.6494218736394,44.4004902080288],[-79.651577074363,44.4007458488582],[-79.6555414376716,44.4010899142936],[-79.6557697363725,44.401384342884],[-79.65529,44.403849],[-79.654712,44.406942],[-79.65379228,44.41169531],[-79.6532762203517,44.4146646793352],[-79.6532972167937,44.4149624885223],[-79.65333888,44.41529301],[-79.6533572066257,44.4160123073724],[-79.6536991620906,44.4161205805164],[-79.65657733,44.41637423],[-79.6587788388757,44.4165763639527],[-79.6590559121549,44.416432432725],[-79.6591837501039,44.4157759497032],[-79.6593701636416,44.4152515778096],[-79.660639972234,44.4154017007425],[-79.6611757465238,44.4154789801079],[-79.6616777963284,44.4155066826872],[-79.6620287368457,44.4155431049504],[-79.6624366677033,44.4155345350082],[-79.662517653977,44.4155173951199],[-79.6626646290654,44.4154766878651],[-79.6627936072043,44.415408128214],[-79.6629388429486,44.4152743765875],[-79.6630185690743,44.4152045912762],[-79.6630635614487,44.4151103212965],[-79.6631868228629,44.4145313078498],[-79.663549,44.414484],[-79.6652186935769,44.4146752437568],[-79.6655797284558,44.4147292196306],[-79.6656888785355,44.4149331280376],[-79.6658148209351,44.4151670220995],[-79.666209440454,44.4152689756286],[-79.6687030999666,44.4145552971922],[-79.6688825751563,44.4142875950236],[-79.6688542308462,44.4141594717835],[-79.6691482835976,44.412527085493],[-79.6692766303938,44.412488036317],[-79.6693574413396,44.4124235202299],[-79.6693978468124,44.4123403283284],[-79.6693882475083,44.4122303263119],[-79.6693444968632,44.4121493095874],[-79.669255147127,44.4120978978937],[-79.6691885969364,44.4120843154749],[-79.6691320639331,44.4120865709833]]}},{"type":"Feature","properties":{"shape_id":"82d5e640-47d5-4d51-88c5-71ff9b2db1e9","route_id":"12A","route_short_name":"12A","route_long_name":"GEORGIAN MALL","route_color":"#F8A1BE","route_text_color":"#000000","direction_id":"0","trip_headsign":"GEORGIAN MALL","trip_count":1,"agency_id":"barrie-transit","agency_name":"Barrie Transit"},"geometry":{"type":"LineString","coordinates":[[-79.690237,44.387753],[-79.6910854490329,44.3886543018079],[-79.69250726,44.39039984],[-79.6934782235182,44.3915051683287],[-79.6926306694335,44.3919295316408],[-79.6925165608501,44.3920382498201],[-79.6925022972771,44.3921673523956],[-79.6933304340568,44.3930997916108],[-79.69412,44.394131],[-79.69624255,44.39659223],[-79.6979186901314,44.3985375544438],[-79.6990064865331,44.3996684024848],[-79.699795,44.400654],[-79.7008084512464,44.4017812964518],[-79.701782,44.402915],[-79.70328888,44.40466177],[-79.70620755,44.40802404],[-79.7081283,44.41032007],[-79.7086486618333,44.410911382054],[-79.708106646062,44.41116950364],[-79.7080448372459,44.4112713934262],[-79.7085762670262,44.4118745345584]]}},{"type":"Feature","properties":{"shape_id":"1f13fcd0-e53d-4530-be08-fffca8c096f8","route_id":"2A","route_short_name":"2A","route_long_name":"DUNLOP","route_color":"#006838","route_text_color":"#FFFFFF","direction_id":"0","trip_headsign":"DUNLOP to Downtown Barrie Terminal","trip_count":6,"agency_id":"barrie-transit","agency_name":"Barrie Transit"},"geometry":{"type":"LineString","coordinates":[[-79.73537759,44.37265817],[-79.7339283550844,44.3733684386392],[-79.7324880188155,44.3739834466561],[-79.7311427542477,44.3744795257647],[-79.7310381753767,44.3746324260126],[-79.7310793,44.37479916],[-79.7321077320118,44.3757876594269],[-79.7328445376937,44.3765249582505],[-79.7335243003551,44.3773234050314],[-79.7339426158391,44.3776597687137],[-79.734466,44.37821],[-79.7347649860516,44.3785363437765],[-79.7347317109562,44.3786688481674],[-79.733386446388,44.3792668129711],[-79.7330346810947,44.3793687381807],[-79.7289542230522,44.380282474276],[-79.7266857893925,44.3808122710407],[-79.7248207,44.38118332],[-79.7245400246187,44.3811150292095],[-79.722574962295,44.3787551389461],[-79.7202190158124,44.376164804225],[-79.7200051044854,44.3760832596097],[-79.7197246429677,44.3761410203906],[-79.7187483094185,44.3765722395898],[-79.7169727786267,44.3773343261257],[-79.7140963982737,44.3786654506232],[-79.7094759136094,44.380717531745],[-79.704543,44.382831],[-79.7024635747137,44.3838148900281],[-79.69991235,44.38488824],[-79.69723418,44.38605848],[-79.6954134072855,44.3868950859228],[-79.693671760669,44.3877086955136],[-79.692510662925,44.3882414099526],[-79.6919414087782,44.3884900083649],[-79.6913902261916,44.3887321486605],[-79.6912682431602,44.3887418342515],[-79.6911914390293,44.3886966348132],[-79.6905589344216,44.3878572103294],[-79.690372,44.387588]]}},{"type":"Feature","properties":{"shape_id":"53aeac54-c1ce-4744-a2d9-8e0f4a1a03e2","route_id":"8A","route_short_name":"8A","route_long_name":"RVH/YONGE","route_color":"#000000","route_text_color":"#FFFFFF","direction_id":"0","trip_headsign":"RVH/YONGE to Georgian College","trip_count":1,"agency_id":"barrie-transit","agency_name":"Barrie Transit"},"geometry":{"type":"LineString","coordinates":[[-79.6803262502088,44.3403906345005],[-79.6804576726313,44.3396820743628],[-79.6805027494287,44.3393234618334],[-79.6804290110778,44.3389964813298],[-79.6792934404737,44.3390123030091],[-79.6792123282877,44.3382686794691],[-79.678843636533,44.3368446931783],[-79.6805858136048,44.336527844436],[-79.6849049289759,44.3355419791344],[-79.6878618368476,44.3348668770713],[-79.688540229676,44.3346770032157],[-79.6887176431181,44.3346779349066],[-79.6894398375568,44.3344238371184],[-79.6912784612385,44.3340835255415],[-79.6942027587283,44.3334253389142],[-79.6958626418244,44.3330529863322],[-79.6968267376732,44.3328269061378],[-79.69856992,44.33243152],[-79.7011347400102,44.3318446452205],[-79.70367789,44.33128177],[-79.70874238,44.33016375],[-79.7148574471134,44.3287800591348],[-79.7151209097202,44.3283316647392],[-79.7173883697872,44.3243937950235],[-79.7188191988857,44.3219724520084],[-79.719071085925,44.3218297392671],[-79.721818698753,44.3226389183187],[-79.7225281430798,44.3228065563921],[-79.7230055763129,44.3227931453462],[-79.72353994,44.32269687],[-79.7262644604602,44.3221494151443],[-79.7271201348673,44.3219593298437],[-79.72805133,44.32184739],[-79.728226210131,44.32192240185],[-79.728992267191,44.3248477175741],[-79.72906455,44.32504571],[-79.7292143040327,44.3254304574631],[-79.7245545521113,44.3264677719157],[-79.72470867,44.32693573],[-79.7252220571849,44.3287974989075],[-79.7254597977078,44.3300552266869],[-79.7254973486362,44.3304562169585],[-79.7252586320197,44.3308665949623],[-79.72400905,44.33163557],[-79.72085917,44.33349211],[-79.7193685006719,44.3344299098509],[-79.7190587055122,44.335151424119],[-79.7192290257948,44.3361183605265],[-79.71954061,44.33718263],[-79.72006099,44.33921511],[-79.7200672161619,44.3393396937454],[-79.7179992328882,44.3396038913491],[-79.71668472,44.33987811],[-79.71421573,44.34041427],[-79.713773493347,44.3405206168219],[-79.7133015679012,44.3404837005134],[-79.71003526,44.33954493],[-79.7089563035035,44.3392600770704],[-79.7085696105656,44.3392995868003],[-79.70697499,44.34205309],[-79.7059793496534,44.3438060751877],[-79.7059510234131,44.3438527021096],[-79.7055778669872,44.34458700339],[-79.7046509179034,44.3461405642084],[-79.70433311,44.34656133],[-79.7040519661878,44.3471365891992],[-79.7037008346096,44.3477346721128],[-79.7033530296894,44.3482231705322],[-79.7025228859498,44.3490801363635],[-79.701121431656,44.3501101046866],[-79.7007387174118,44.3503998972215],[-79.7000850994681,44.3511477130543],[-79.6996881751168,44.3519940930994],[-79.6993203281951,44.3542058380965],[-79.6992157220373,44.3548817548085],[-79.698834103447,44.3562553948449],[-79.69807715,44.3576689],[-79.6975031314792,44.3590297912973],[-79.6972496627122,44.3618541575583],[-79.6972174762021,44.3633105971402],[-79.69708789759,44.3642076345109],[-79.6967440662828,44.3652002135038],[-79.6960051176551,44.3663616100765],[-79.69473858,44.3681091],[-79.6925294744411,44.3712322016724],[-79.6924711603425,44.3713371118895],[-79.6923525023989,44.3715010217214],[-79.6905295525589,44.3741349495272],[-79.690363166698,44.3744036441792],[-79.6902693882386,44.3745707836523],[-79.6901790701227,44.3746591259288],[-79.6895088146314,44.3748188212442],[-79.6889906738614,44.3748561966807],[-79.6888528198951,44.374835810082],[-79.6888040695571,44.3747736479119],[-79.6888595315107,44.3744741212609],[-79.6889055607085,44.3742460095967],[-79.6889794912449,44.3741835568618],[-79.6898640188676,44.3742235410566],[-79.6899607510908,44.3741571345308],[-79.6899204253437,44.3739865901076],[-79.6897531198448,44.3739253232581]]}},{"type":"Feature","properties":{"shape_id":"3b44dc89-c344-43e4-919a-c3989735b6c1","route_id":"8A","route_short_name":"8A","route_long_name":"RVH/YONGE","route_color":"#000000","route_text_color":"#FFFFFF","direction_id":"0","trip_headsign":"RVH/YONGE to Georgian College","trip_count":2,"agency_id":"barrie-transit","agency_name":"Barrie Transit"},"geometry":{"type":"LineString","coordinates":[[-79.6897531198448,44.3739253232581],[-79.6889862122027,44.3738736942303],[-79.6888652349614,44.3739193330154],[-79.6887602059591,44.3744379405368],[-79.6886852186691,44.374791697963],[-79.6886972166355,44.37507041443],[-79.6890601551197,44.3757650558517],[-79.6894020971622,44.376584036079],[-79.6897110447978,44.3774630335262],[-79.690070599895,44.3784826069464],[-79.6902992944736,44.3793004070175],[-79.6904038733446,44.3798745830533],[-79.6905274665558,44.3807884966085],[-79.6905607416511,44.3811588143967],[-79.6905928953302,44.3816734626959],[-79.6906172621754,44.381907242682],[-79.6907406220001,44.3832255860918],[-79.6908096748936,44.384813007214],[-79.690884482195,44.385072089995],[-79.691137676138,44.3854175319194],[-79.6914871682386,44.3857946524221],[-79.6920353637543,44.3863428127455],[-79.6909132542339,44.3868691881994],[-79.6901365897447,44.3872894105476],[-79.69006286203,44.3875133336104],[-79.690237,44.387753]]}},{"type":"Feature","properties":{"shape_id":"ce1467c1-f6f8-4cbe-913a-1aea195dbe40","route_id":"2A","route_short_name":"2A","route_long_name":"DUNLOP","route_color":"#006838","route_text_color":"#FFFFFF","direction_id":"0","trip_headsign":"DUNLOP to Downtown Barrie Terminal","trip_count":79,"agency_id":"barrie-transit","agency_name":"Barrie Transit"},"geometry":{"type":"LineString","coordinates":[[-79.6803262502088,44.3403906345005],[-79.6801748080658,44.3407476725795],[-79.6801702916317,44.3409414803544],[-79.6801296437251,44.3410093129243],[-79.680003183571,44.3410803755323],[-79.6798134933398,44.3410771454157],[-79.679461211482,44.3410254635246],[-79.6789056900908,44.3409156393548],[-79.6787430984641,44.3407928944509],[-79.6790095680745,44.3402308487142],[-79.6791902254374,44.3397398618225],[-79.67928743,44.33917077],[-79.6792760376846,44.3385608304559],[-79.6790456995468,44.3373817753806],[-79.6789734366016,44.3370652031311],[-79.6789869859038,44.3369682929172],[-79.6790682817172,44.3368713825431],[-79.6798134933395,44.3367066345396],[-79.6805858136048,44.336527844436],[-79.6834943871105,44.3358344315147],[-79.6844247725299,44.3356147635226],[-79.6868049332874,44.3350849726268],[-79.6887176431181,44.3346779349066],[-79.6912784612385,44.3340835255415],[-79.6958626418244,44.3330529863322],[-79.69856992,44.33243152],[-79.698918009476,44.3325070193501],[-79.6995232116421,44.3348200753842],[-79.6999816297007,44.3367809327167],[-79.700300038303,44.33792769698],[-79.7004400477593,44.3389064667657],[-79.70053342,44.33963864],[-79.70115,44.342051],[-79.7017889228878,44.3447128678515],[-79.7020207996853,44.3453019859171],[-79.7021472598394,44.3456669616725],[-79.7023956637135,44.3460190157789],[-79.7026440675876,44.3462580237838],[-79.7029694737774,44.3464797345686],[-79.70389522,44.34682915],[-79.7056464173219,44.3473444004164],[-79.7081461374847,44.3485302834827],[-79.7092651599413,44.3490323832304],[-79.711339,44.350161],[-79.7124356966618,44.3507537765661],[-79.7128466921626,44.351057356638],[-79.713230589059,44.3513932306299],[-79.71363959,44.35190209],[-79.7139441856428,44.3523717756139],[-79.7142106552532,44.3530919484486],[-79.7144048619184,44.3538411771619],[-79.714754,44.355333],[-79.7152786,44.35732942],[-79.7154255760192,44.3579746806105],[-79.71547074036,44.3591274885551],[-79.7154075102829,44.360228608858],[-79.71530502,44.36103958],[-79.7153126651673,44.3619916498854],[-79.715357829508,44.3623468348803],[-79.7154391253214,44.3629700178949],[-79.7153668623761,44.3634091480586],[-79.715177172145,44.3637836976559],[-79.7148971532323,44.3641227275541],[-79.7138222419224,44.3650138825012],[-79.7134744764987,44.3654594548909],[-79.7133570492127,44.3657209849326],[-79.713236,44.366088],[-79.7132802698334,44.3665087967671],[-79.7136641667298,44.3674225160749],[-79.7143551811432,44.3690917120708],[-79.7144500262588,44.369188569179],[-79.7146126178855,44.369233769108],[-79.7149520889512,44.369218253457],[-79.7188761316521,44.3682587343283],[-79.7304790109482,44.365675900952],[-79.7309940504144,44.3656436029222],[-79.7313916247391,44.3657534161509],[-79.731960878886,44.366095773719],[-79.7323009412816,44.3664093965397],[-79.7371203093269,44.3718541865054],[-79.7370706125364,44.3719349229854],[-79.73537759,44.37265817],[-79.7333433532409,44.3736142165351],[-79.7311024797739,44.3745345781489],[-79.731030193533,44.3746411454013],[-79.7310793,44.37479916],[-79.7335195509527,44.3773117220072],[-79.7339848936283,44.3776798451436],[-79.734466,44.37821],[-79.7347619707177,44.3785484774061],[-79.7347619707173,44.3786550373538],[-79.7332349238789,44.3793169963215],[-79.7309443536212,44.3798562451686],[-79.7289542230522,44.380282474276],[-79.7268918062423,44.3807829666153],[-79.7248207,44.38118332],[-79.7245515391941,44.3811446100302],[-79.7235259781514,44.379940199632],[-79.722574962295,44.3787551389461],[-79.720539652825,44.3765367183653],[-79.7202369541914,44.376178275712],[-79.7200472028091,44.3761072327634],[-79.7197987188561,44.3761040035364],[-79.7187483094185,44.3765722395898],[-79.7169727786267,44.3773343261257],[-79.7109662437992,44.3800629020927],[-79.7081019015044,44.3813318887774],[-79.704543,44.382831],[-79.7023958063652,44.3838504068376],[-79.69991235,44.38488824],[-79.69723418,44.38605848],[-79.6954134072855,44.3868950859228],[-79.6931025065226,44.3879572961885],[-79.6920091771294,44.3884383516389],[-79.6913495651814,44.3887450627815],[-79.6912637252704,44.3887418342515],[-79.6911733674694,44.3886578924097],[-79.6909926518669,44.3884770941876],[-79.6904324335001,44.3877183812739],[-79.690372,44.387588]]}},{"type":"Feature","properties":{"shape_id":"4a11625c-8f42-41d1-b3c0-f5bfa411db11","route_id":"8A","route_short_name":"8A","route_long_name":"RVH/YONGE","route_color":"#000000","route_text_color":"#FFFFFF","direction_id":"1","trip_headsign":"RVH/YONGE to Park Place","trip_count":6,"agency_id":"barrie-transit","agency_name":"Barrie Transit"},"geometry":{"type":"LineString","coordinates":[[-79.6893515732343,44.3738731374332],[-79.6889794912449,44.3738784983146],[-79.6888618744825,44.3739193330154],[-79.68865047093,44.3748627469123],[-79.6887577481942,44.3749513340477],[-79.6889119181075,44.3749850663421],[-79.6901668645594,44.3747370294544],[-79.6903145472964,44.3746574270402],[-79.6903855294714,44.3745637427861],[-79.6919978341119,44.3722423305116],[-79.6919934420286,44.372094773268],[-79.6918572874478,44.3719848899728],[-79.6913102328895,44.3717890821826],[-79.6909133085382,44.3716378734873],[-79.690533,44.371544],[-79.6899621003844,44.3714926762279],[-79.6877573244427,44.3712298197287],[-79.6867461315838,44.371118508048],[-79.6861399523103,44.3710581583415],[-79.6855512073964,44.3710434061911],[-79.6849074771945,44.3710983914792],[-79.68436993,44.3711314],[-79.6824376664063,44.3713099701441],[-79.68121647,44.3713991784508],[-79.6795237187743,44.3715716133744],[-79.6789936940418,44.3716123888375],[-79.6786286785361,44.371625742363],[-79.6782093525093,44.3716276796288],[-79.677650806267,44.3715886031542],[-79.677180032562,44.3715302271563],[-79.6767785234113,44.3714730725548],[-79.6763720918899,44.3713932203896],[-79.6754848763636,44.3711493534535],[-79.674331,44.370794],[-79.6733700882775,44.3706328918362],[-79.672485291031,44.3705979217944],[-79.6717625858072,44.3705387038163],[-79.6711960070676,44.3704633532912],[-79.6703127827562,44.3702900302368],[-79.6694589381413,44.3700865992118],[-79.6682120661862,44.3698243421212],[-79.6678007650625,44.3696581783387],[-79.6676472037996,44.3695685583955],[-79.6674539521365,44.369452391038],[-79.6671289379758,44.3692420333449],[-79.66673841,44.36896555],[-79.6640707352204,44.3673432986345],[-79.6625544500458,44.3663186060521],[-79.6621234513595,44.3660035351517],[-79.6613074616544,44.3653241768137],[-79.6609843726824,44.365073843065],[-79.6604353622759,44.3646468156357],[-79.65957671,44.3639105],[-79.6577367139526,44.3624824724094],[-79.6573736292975,44.3621778764455],[-79.6565962305618,44.3615373024694],[-79.6560054953643,44.3610631476135],[-79.6552786055861,44.3605481671315],[-79.6543255235202,44.3599672385937],[-79.6534828348221,44.359510855415],[-79.6530474272939,44.3592544157072],[-79.652015,44.358726],[-79.6506544517209,44.3581530765659],[-79.6500816447234,44.3578641833897],[-79.6494161428171,44.357575288789],[-79.6484318494352,44.3571114106063],[-79.6480233423996,44.356963507286],[-79.64697827,44.35651809],[-79.6443172664113,44.3555989398912],[-79.6430567385179,44.3551530008353],[-79.64176327,44.35464896],[-79.6390770953474,44.3537583475806],[-79.63652178,44.35279936],[-79.6349167680977,44.3522450974797],[-79.63343444,44.35168136],[-79.631407493579,44.3509794285949],[-79.6302029106808,44.3505298978833],[-79.6298164073546,44.3505832893438],[-79.6293552386131,44.3511894360443],[-79.6280966731286,44.3508045317301],[-79.627705825078,44.351222032455],[-79.6277347767855,44.351342796573],[-79.62838858,44.35185862]]}},{"type":"Feature","properties":{"shape_id":"54ab118a-247b-4707-8097-4cb20e67e8f5","route_id":"7A","route_short_name":"7A","route_long_name":"GROVE","route_color":"#F58220","route_text_color":"#000000","direction_id":"0","trip_headsign":"GROVE to Georgian College","trip_count":5,"agency_id":"barrie-transit","agency_name":"Barrie Transit"},"geometry":{"type":"LineString","coordinates":[[-79.6685374842606,44.4104614425435],[-79.6722471583754,44.41077465496],[-79.6733884846152,44.4108729087107],[-79.6736560969379,44.4108468405925],[-79.6737959851974,44.4107121551297],[-79.673919,44.410097]]}},{"type":"Feature","properties":{"shape_id":"23d79f19-1022-4c59-9625-47682280875b","route_id":"8B","route_short_name":"8B","route_long_name":"Crosstown/Essa","route_color":"#000000","route_text_color":"#FFFFFF","direction_id":"0","trip_headsign":"Crosstown/Essa to Georgian College","trip_count":25,"agency_id":"barrie-transit","agency_name":"Barrie Transit"},"geometry":{"type":"LineString","coordinates":[[-79.62838858,44.35185862],[-79.6288156405308,44.3520294221144],[-79.6290376036213,44.3518948579436],[-79.6300550986124,44.350594087817],[-79.6309727474892,44.3509884795427],[-79.63273005,44.35162742],[-79.63584556,44.35275154],[-79.640712,44.354506],[-79.64462188,44.35587356],[-79.646705,44.35662146],[-79.648798070667,44.3574361279929],[-79.651742,44.358831],[-79.65346446,44.35967081],[-79.6544892829544,44.3602355248123],[-79.65540499,44.3608334],[-79.6571423817797,44.3622071324794],[-79.65797763,44.36288783],[-79.660047,44.364547],[-79.66246134,44.36649642],[-79.6632070638661,44.3669865648143],[-79.66626824,44.36889988],[-79.6677788894045,44.3697827678789],[-79.6682295005458,44.3699530881615],[-79.6692715388102,44.3702011925102],[-79.670599,44.370509],[-79.6710873944216,44.3705740195855],[-79.6723319394786,44.3706974012075],[-79.6731017335118,44.3707456809727],[-79.6736918195302,44.3708087128883],[-79.674817,44.371134],[-79.6766656101434,44.3715839448899],[-79.6778783901483,44.3717437297257],[-79.6786583741514,44.3717403300528],[-79.6807948300078,44.3715655747388],[-79.68556396,44.37112665],[-79.6861348061821,44.3711453842705],[-79.69052443,44.3716525],[-79.6919603462196,44.3721404297436],[-79.690686298201,44.3739330780341],[-79.6904054879236,44.3742136011531]]}},{"type":"Feature","properties":{"shape_id":"LINX:1000689","route_id":"LINX-1","route_short_name":"LINX 1","route_long_name":"Barrie - Midland-Penetanguishene","route_color":"#FF7733","route_text_color":"#FFFFFF","agency_id":"simcoe-linx","agency_name":"Simcoe County LINX","source_route_id":"1"},"geometry":{"type":"LineString","coordinates":[[-79.660687,44.415478],[-79.66081,44.41545],[-79.66222,44.41553],[-79.66247,44.41552],[-79.66273,44.41543],[-79.66288,44.41533],[-79.66299,44.41521],[-79.66323,44.41447],[-79.6633,44.41443],[-79.66337,44.41442],[-79.66487,44.41458],[-79.66544,44.41464],[-79.66568,44.41475],[-79.66574,44.4148],[-79.66578,44.41485],[-79.66593,44.41519],[-79.66601,44.41525],[-79.66607,44.41527],[-79.66622,44.41526],[-79.6675,44.41489],[-79.66875,44.41449],[-79.66885,44.4144],[-79.66901,44.41346],[-79.66898,44.41334],[-79.66913,44.41251],[-79.66919,44.41245],[-79.66928,44.41242],[-79.66936,44.41237],[-79.6694,44.41224],[-79.66937,44.41218],[-79.66928,44.41212],[-79.669214,44.412052],[-79.66895,44.41244],[-79.66905,44.41252],[-79.66874,44.41356],[-79.66873,44.41421],[-79.66882,44.41438],[-79.66887,44.41441],[-79.66898,44.41443],[-79.66914,44.41442],[-79.67052,44.41398],[-79.67176,44.41262],[-79.67201,44.41243],[-79.67238,44.41229],[-79.67274,44.41227],[-79.67299,44.41238],[-79.6728,44.41474],[-79.67302,44.41535],[-79.67352,44.4159],[-79.67412,44.41623],[-79.67465,44.41639],[-79.67606,44.41653],[-79.67703,44.41656],[-79.67816,44.41631],[-79.68022,44.41542],[-79.683356,44.414096],[-79.68347,44.414],[-79.68883,44.41164],[-79.68893,44.41166],[-79.69215,44.41541],[-79.6981,44.42232],[-79.70195,44.42681],[-79.7057,44.43111],[-79.7061,44.43142],[-79.70883,44.43191],[-79.70918,44.43201],[-79.71198,44.43399],[-79.7158,44.43827],[-79.71897,44.44194],[-79.719576,44.442672],[-79.71968,44.44274],[-79.72087,44.4441],[-79.7221,44.44549],[-79.72337,44.44696],[-79.72353,44.44713],[-79.72357,44.44715],[-79.72368,44.44715],[-79.72693,44.44578],[-79.72898,44.44497],[-79.72914,44.44494],[-79.72989,44.44519],[-79.72999,44.4452],[-79.73016,44.44515],[-79.7302,44.44409],[-79.73072,44.4425],[-79.73141,44.44079],[-79.731928,44.4397],[-79.73201,44.43867],[-79.73208,44.43851],[-79.73233,44.43824],[-79.7324,44.43819],[-79.73252,44.43814],[-79.73265,44.43813],[-79.73275,44.4382],[-79.73742,44.44355],[-79.74073,44.44738],[-79.74595,44.45347],[-79.74926,44.45735],[-79.75702,44.46362],[-79.76339,44.47088],[-79.76672,44.47477],[-79.77128,44.4801],[-79.7758,44.48539],[-79.77972,44.48997],[-79.78339,44.49418],[-79.7848,44.49559],[-79.78694,44.49737],[-79.79181,44.50074],[-79.79778,44.5048],[-79.80002,44.50689],[-79.80347,44.51085],[-79.80696,44.51463],[-79.81137,44.51896],[-79.81314,44.52122],[-79.81439,44.52375],[-79.81545,44.52731],[-79.81605,44.52843],[-79.82002,44.533],[-79.82148,44.53441],[-79.82736,44.5391],[-79.83084,44.54291],[-79.83429,44.54694],[-79.83758,44.55067],[-79.84101,44.55451],[-79.84636,44.56111],[-79.85026,44.56595],[-79.85404,44.57019],[-79.85741,44.57395],[-79.86212,44.57913],[-79.86612,44.58361],[-79.866815,44.584534],[-79.86693,44.58452],[-79.87167,44.59],[-79.87507,44.59397],[-79.87894,44.59854],[-79.88085,44.60129],[-79.8856,44.60683],[-79.8879,44.60953],[-79.88819,44.61022],[-79.88818,44.61115],[-79.88783,44.61186],[-79.88722,44.61246],[-79.88615,44.61304],[-79.88092,44.61536],[-79.87537,44.61784],[-79.86828,44.62099],[-79.86074,44.62433],[-79.85532,44.62677],[-79.84785,44.63013],[-79.84062,44.63337],[-79.83512,44.6358],[-79.82771,44.63905],[-79.82307,44.64123],[-79.82309,44.64131],[-79.82391,44.6422],[-79.82436,44.64287],[-79.824466,44.643706],[-79.82456,44.64387],[-79.8254,44.64932],[-79.82559,44.65026],[-79.826,44.65118],[-79.82662,44.65205],[-79.82742,44.65282],[-79.82841,44.65349],[-79.82953,44.65403],[-79.83475,44.65601],[-79.8362,44.65681],[-79.83709,44.65748],[-79.84169,44.66272],[-79.84681,44.66867],[-79.84787,44.66954],[-79.84893,44.67012],[-79.85456,44.67211],[-79.86626,44.67531],[-79.87342,44.67722],[-79.87465,44.67759],[-79.87571,44.67814],[-79.87666,44.67905],[-79.87711,44.67992],[-79.8772,44.68101],[-79.87584,44.68727],[-79.8756,44.68832],[-79.87572,44.68921],[-79.87625,44.69004],[-79.88255,44.6942],[-79.882785,44.694428],[-79.88285,44.69442],[-79.88599,44.69643],[-79.8867,44.69711],[-79.88922,44.70221],[-79.89158,44.70654],[-79.8939,44.71082],[-79.8961,44.71516],[-79.89856,44.72061],[-79.90122,44.72649],[-79.90317,44.73087],[-79.90448,44.73387],[-79.90509,44.73478],[-79.90598,44.7355],[-79.90913,44.73741],[-79.90914,44.7375],[-79.90882,44.73779],[-79.90878,44.73786],[-79.90881,44.73794],[-79.90929,44.73822],[-79.909459,44.738409],[-79.91062,44.73908],[-79.91073,44.73906],[-79.91116,44.73874],[-79.91128,44.73869],[-79.91141,44.73869],[-79.91149,44.73872],[-79.91624,44.74151],[-79.92008,44.74374],[-79.92441,44.74624],[-79.92535,44.74702],[-79.92616,44.74785],[-79.92665,44.74875],[-79.92652,44.74918],[-79.92653,44.74924],[-79.92691,44.74967],[-79.92739,44.75074],[-79.92758,44.75175],[-79.9271,44.75514],[-79.92684,44.7574],[-79.92693,44.75862],[-79.92739,44.76047],[-79.92838,44.76247],[-79.929,44.76339],[-79.92912,44.76363],[-79.92911,44.76367],[-79.9279,44.76427],[-79.927508,44.764573]]}},{"type":"Feature","properties":{"shape_id":"LINX:1001310","route_id":"LINX-2","route_short_name":"LINX 2","route_long_name":"Barrie-Wasaga Beach","route_color":"#006747","route_text_color":"#FFFFFF","agency_id":"simcoe-linx","agency_name":"Simcoe County LINX","source_route_id":"2"},"geometry":{"type":"LineString","coordinates":[[-79.689146,44.373913],[-79.68886,44.37399],[-79.68874,44.3747],[-79.68875,44.37482],[-79.68886,44.37492],[-79.68898,44.37496],[-79.68931,44.37494],[-79.69621,44.37336],[-79.70385,44.37165],[-79.7107,44.37012],[-79.71856,44.36831],[-79.72709,44.36638],[-79.73032,44.3656],[-79.73062,44.36556],[-79.7319,44.36585],[-79.73199,44.36586],[-79.73496,44.36465],[-79.74382,44.3626],[-79.74513,44.3623],[-79.74628,44.36191],[-79.7493,44.36054],[-79.76106,44.35791],[-79.77076,44.35589],[-79.77928,44.35407],[-79.79066,44.35173],[-79.797,44.35041],[-79.80499,44.34869],[-79.81177,44.34711],[-79.81911,44.34547],[-79.82321,44.34418],[-79.82996,44.34313],[-79.83615,44.34194],[-79.84653,44.33977],[-79.85277,44.33846],[-79.85898,44.33722],[-79.86511,44.33597],[-79.87297,44.33432],[-79.87911,44.33302],[-79.88543,44.33169],[-79.887067,44.331087],[-79.88714,44.33095],[-79.88727,44.33093],[-79.88734,44.33093],[-79.88784,44.33105],[-79.89458,44.32972],[-79.90241,44.32806],[-79.90888,44.32675],[-79.91014,44.32671],[-79.9112,44.32681],[-79.9122,44.32708],[-79.91851,44.33041],[-79.9246,44.33368],[-79.92968,44.33637],[-79.93454,44.33894],[-79.93563,44.33967],[-79.93634,44.34046],[-79.93679,44.34145],[-79.93782,44.34604],[-79.93938,44.35252],[-79.94069,44.35785],[-79.94219,44.364],[-79.94332,44.36844],[-79.94392,44.3702],[-79.94452,44.37109],[-79.94983,44.37553],[-79.95549,44.3802],[-79.96127,44.385],[-79.96209,44.38577],[-79.96259,44.38669],[-79.96422,44.39376],[-79.96583,44.4009],[-79.96721,44.40802],[-79.96785,44.41053],[-79.96839,44.41143],[-79.96923,44.41221],[-79.97597,44.41526],[-79.98171,44.41773],[-79.98823,44.42054],[-79.99528,44.42206],[-79.99628,44.42241],[-80.00505,44.42821],[-80.01097,44.43216],[-80.01205,44.43318],[-80.01216,44.43319],[-80.0216,44.43103],[-80.02768,44.42966],[-80.03491,44.42804],[-80.04104,44.42666],[-80.05067,44.42448],[-80.05682,44.42309],[-80.05789,44.42291],[-80.05926,44.42293],[-80.06716,44.4243],[-80.0686,44.42432],[-80.07814,44.42227],[-80.08461,44.42086],[-80.09066,44.41954],[-80.09069,44.41944],[-80.09066,44.41939],[-80.08915,44.41858],[-80.08902,44.41854],[-80.08895,44.41855],[-80.08888,44.41857],[-80.088278,44.419056],[-80.08822,44.4191],[-80.08819,44.41918],[-80.0878,44.41961],[-80.0878,44.41967],[-80.08807,44.41987],[-80.08813,44.41995],[-80.08811,44.42002],[-80.08058,44.42169],[-80.07263,44.42343],[-80.06899,44.42418],[-80.06782,44.42427],[-80.06652,44.42416],[-80.06437,44.4238],[-80.06428,44.42387],[-80.06376,44.42492],[-80.06369,44.42584],[-80.06476,44.43036],[-80.06585,44.43485],[-80.06749,44.4411],[-80.06891,44.44631],[-80.07016,44.45084],[-80.07163,44.45635],[-80.07396,44.46516],[-80.074696,44.468246],[-80.07476,44.46836],[-80.07499,44.46925],[-80.07523,44.47019],[-80.07549,44.47116],[-80.07577,44.47216],[-80.07603,44.47314],[-80.07621,44.47383],[-80.07621,44.47388],[-80.07615,44.47396],[-80.0761,44.47399],[-80.07481,44.47418],[-80.07416,44.47444],[-80.07394,44.47459],[-80.07381,44.47461],[-80.07369,44.47456],[-80.07353,44.4744],[-80.073313,44.473691]]}},{"type":"Feature","properties":{"shape_id":"LINX:1001316","route_id":"LINX-1","route_short_name":"LINX 1","route_long_name":"Barrie - Midland-Penetanguishene","route_color":"#FF7733","route_text_color":"#FFFFFF","agency_id":"simcoe-linx","agency_name":"Simcoe County LINX","source_route_id":"1"},"geometry":{"type":"LineString","coordinates":[[-79.927508,44.764573],[-79.9274,44.76473],[-79.92728,44.76477],[-79.92717,44.76472],[-79.92717,44.76465],[-79.92918,44.76377],[-79.92927,44.76377],[-79.92942,44.76385],[-79.93047,44.76503],[-79.93153,44.76622],[-79.93257,44.76737],[-79.93362,44.76856],[-79.93366,44.76862],[-79.93376,44.76872],[-79.93388,44.76876],[-79.93396,44.76876],[-79.93565,44.76804],[-79.93672,44.76755],[-79.93678,44.76751],[-79.93683,44.76742],[-79.93682,44.76736],[-79.93583,44.76627],[-79.93574,44.76624],[-79.93426,44.76687],[-79.933788,44.76703],[-79.93376,44.76709],[-79.93283,44.76749],[-79.93275,44.76748],[-79.9327,44.76746],[-79.92887,44.76303],[-79.92793,44.76146],[-79.92728,44.75973],[-79.92697,44.75766],[-79.92703,44.75622],[-79.9277,44.7522],[-79.92768,44.75116],[-79.92723,44.74983],[-79.92709,44.7496],[-79.92705,44.74947],[-79.92709,44.74935],[-79.9272,44.74919],[-79.9272,44.74913],[-79.92645,44.74797],[-79.92504,44.74656],[-79.92412,44.74592],[-79.91976,44.74344],[-79.91537,44.74091],[-79.91031,44.73795],[-79.90934,44.73742],[-79.90921,44.73745],[-79.90876,44.7378],[-79.90874,44.73787],[-79.90917,44.73813],[-79.909459,44.738409],[-79.91038,44.73895],[-79.91047,44.73906],[-79.91057,44.73908],[-79.91066,44.73907],[-79.91126,44.73859],[-79.91125,44.73851],[-79.90573,44.73519],[-79.90493,44.73445],[-79.90231,44.72891],[-79.90036,44.72453],[-79.89843,44.72014],[-79.89591,44.71469],[-79.89177,44.70672],[-79.88939,44.70236],[-79.88722,44.69802],[-79.88667,44.69704],[-79.88591,44.69633],[-79.88335,44.69468],[-79.882954,44.694311],[-79.8825,44.69413],[-79.87788,44.69113],[-79.8768,44.69043],[-79.87598,44.68959],[-79.87569,44.68869],[-79.87683,44.68314],[-79.87729,44.6809],[-79.87719,44.67996],[-79.87674,44.67906],[-79.87596,44.67827],[-79.8749,44.67765],[-79.86741,44.67555],[-79.86117,44.67392],[-79.85513,44.67229],[-79.8492,44.6702],[-79.84805,44.66964],[-79.84708,44.6689],[-79.84362,44.66493],[-79.84034,44.6611],[-79.8374,44.65777],[-79.83637,44.65693],[-79.83519,44.65621],[-79.82969,44.65406],[-79.82849,44.65352],[-79.82745,44.65281],[-79.82645,44.65179],[-79.82587,44.65085],[-79.82546,44.64947],[-79.82476,44.64489],[-79.824633,44.643518],[-79.82432,44.64272],[-79.82355,44.64166],[-79.82344,44.64145],[-79.82344,44.64125],[-79.82349,44.64116],[-79.82369,44.64099],[-79.82897,44.63852],[-79.83435,44.63618],[-79.8398,44.63376],[-79.84533,44.63129],[-79.85094,44.62882],[-79.85625,44.62642],[-79.86163,44.62401],[-79.86735,44.62145],[-79.87281,44.61901],[-79.87832,44.61655],[-79.88397,44.61402],[-79.88694,44.61266],[-79.88767,44.61211],[-79.88819,44.61125],[-79.88827,44.61032],[-79.88801,44.6096],[-79.88463,44.60566],[-79.88134,44.60181],[-79.87833,44.59768],[-79.87491,44.59375],[-79.86913,44.58692],[-79.866009,44.583261],[-79.86122,44.5781],[-79.85774,44.5743],[-79.85427,44.5704],[-79.85088,44.56661],[-79.84746,44.5626],[-79.84439,44.55837],[-79.84101,44.55446],[-79.83752,44.55055],[-79.83403,44.5466],[-79.83061,44.5426],[-79.82716,44.53885],[-79.82287,44.53548],[-79.82057,44.53356],[-79.81707,44.52962],[-79.81605,44.52836],[-79.81549,44.52735],[-79.81402,44.52281],[-79.81305,44.52104],[-79.81145,44.519],[-79.80759,44.51521],[-79.80404,44.51145],[-79.8006,44.50755],[-79.79893,44.50575],[-79.79734,44.50443],[-79.79265,44.50121],[-79.7879,44.49797],[-79.78614,44.49667],[-79.78325,44.49393],[-79.77977,44.48991],[-79.77636,44.48601],[-79.77302,44.4821],[-79.76958,44.47807],[-79.76617,44.47408],[-79.76282,44.47017],[-79.7594,44.46618],[-79.75786,44.46443],[-79.75523,44.46205],[-79.7509,44.45882],[-79.74522,44.45247],[-79.7419,44.44856],[-79.73856,44.44468],[-79.73525,44.44084],[-79.7327,44.43809],[-79.73259,44.43802],[-79.73252,44.43801],[-79.73239,44.43806],[-79.73201,44.4385],[-79.731729,44.439654],[-79.73173,44.43996],[-79.73093,44.44185],[-79.73032,44.44348],[-79.73013,44.44436],[-79.73015,44.44506],[-79.73,44.44519],[-79.72941,44.44494],[-79.7292,44.44492],[-79.72909,44.44493],[-79.72649,44.44594],[-79.72446,44.44675],[-79.72374,44.44711],[-79.72361,44.44715],[-79.72354,44.44713],[-79.72346,44.44707],[-79.72223,44.44564],[-79.72097,44.44419],[-79.71972,44.44275],[-79.719676,44.442625],[-79.71504,44.43736],[-79.71229,44.43424],[-79.70968,44.43226],[-79.70921,44.432],[-79.70799,44.43175],[-79.70655,44.43155],[-79.7062,44.43145],[-79.70589,44.43129],[-79.70261,44.42755],[-79.69943,44.42383],[-79.69538,44.41904],[-79.69217,44.41534],[-79.68895,44.41159],[-79.68886,44.41156],[-79.68881,44.41156],[-79.683172,44.413935],[-79.68303,44.41404],[-79.68078,44.41507],[-79.67809,44.41623],[-79.67695,44.41647],[-79.67475,44.4163],[-79.67397,44.41605],[-79.67345,44.4157],[-79.67307,44.41525],[-79.67295,44.415],[-79.67299,44.41392],[-79.67335,44.41235],[-79.67333,44.41224],[-79.6733,44.4122],[-79.67267,44.41214],[-79.67243,44.41216],[-79.67196,44.41232],[-79.6709,44.41362],[-79.6706,44.41384],[-79.67034,44.41396],[-79.66904,44.4143],[-79.66895,44.41429],[-79.66886,44.41423],[-79.66883,44.41418],[-79.66912,44.4125],[-79.66934,44.41236],[-79.66941,44.41229],[-79.66943,44.41221],[-79.6694,44.41213],[-79.66926,44.41208],[-79.669214,44.412052],[-79.66892,44.41242],[-79.66899,44.41247],[-79.66902,44.41251],[-79.66903,44.41256],[-79.66884,44.4134],[-79.66876,44.41348],[-79.66873,44.41353],[-79.66865,44.41423],[-79.6687,44.41442],[-79.66868,44.41446],[-79.66863,44.4145],[-79.66706,44.41494],[-79.66545,44.41539],[-79.66388,44.41578],[-79.66224,44.41612],[-79.66061,44.41647],[-79.65988,44.41657],[-79.65914,44.41652],[-79.65906,44.41645],[-79.65904,44.41636],[-79.65924,44.41536],[-79.65931,44.41528],[-79.65938,44.41527],[-79.660687,44.415478]]}},{"type":"Feature","properties":{"shape_id":"LINX:1001674","route_id":"LINX-2","route_short_name":"LINX 2","route_long_name":"Barrie-Wasaga Beach","route_color":"#006747","route_text_color":"#FFFFFF","agency_id":"simcoe-linx","agency_name":"Simcoe County LINX","source_route_id":"2"},"geometry":{"type":"LineString","coordinates":[[-80.073313,44.473691],[-80.07301,44.4727],[-80.07305,44.47258],[-80.07316,44.47252],[-80.07468,44.47234],[-80.07575,44.4724],[-80.07585,44.47236],[-80.07591,44.47226],[-80.07593,44.47214],[-80.07568,44.47117],[-80.07563,44.47108],[-80.07538,44.4702],[-80.07515,44.46929],[-80.07499,44.46869],[-80.07309,44.46165],[-80.07195,44.4572],[-80.07074,44.45276],[-80.06954,44.44838],[-80.06831,44.4439],[-80.06714,44.43949],[-80.06593,44.4349],[-80.06483,44.43049],[-80.06378,44.42593],[-80.06378,44.42522],[-80.06429,44.42412],[-80.06445,44.42388],[-80.0646,44.42382],[-80.0672,44.4243],[-80.06856,44.42432],[-80.07692,44.42254],[-80.08619,44.42053],[-80.08901,44.41993],[-80.09032,44.41955],[-80.09061,44.41949],[-80.09062,44.41942],[-80.09056,44.41933],[-80.08906,44.41853],[-80.08899,44.41852],[-80.0888,44.4186],[-80.08872,44.41862],[-80.088278,44.419056],[-80.08779,44.41964],[-80.08785,44.41971],[-80.08803,44.41978],[-80.08808,44.41981],[-80.08814,44.41999],[-80.08809,44.42002],[-80.07952,44.42191],[-80.07362,44.42321],[-80.0691,44.42418],[-80.06772,44.42429],[-80.06153,44.42327],[-80.05897,44.42289],[-80.05766,44.42292],[-80.04832,44.42497],[-80.04219,44.42636],[-80.03393,44.4282],[-80.02668,44.42982],[-80.02058,44.43121],[-80.01281,44.43291],[-80.01237,44.43297],[-80.01224,44.43297],[-80.01211,44.43295],[-80.01198,44.43291],[-80.00613,44.42888],[-80.00139,44.42574],[-79.9968,44.42268],[-79.99566,44.42216],[-79.9886,44.42062],[-79.98311,44.41831],[-79.97757,44.41593],[-79.97188,44.41345],[-79.96955,44.41235],[-79.96862,44.41161],[-79.96798,44.41071],[-79.96668,44.40543],[-79.96587,44.40089],[-79.96481,44.39619],[-79.96377,44.39162],[-79.96272,44.38721],[-79.96238,44.38622],[-79.96153,44.38516],[-79.95742,44.38174],[-79.95322,44.37827],[-79.94906,44.37482],[-79.94495,44.37143],[-79.9442,44.37061],[-79.94368,44.36952],[-79.94253,44.36517],[-79.94138,44.36049],[-79.94028,44.3561],[-79.93919,44.35155],[-79.93812,44.34702],[-79.937895,44.3456],[-79.93674,44.34117],[-79.93625,44.34025],[-79.93536,44.33936],[-79.9304,44.33669],[-79.92526,44.33396],[-79.92039,44.33134],[-79.91524,44.32862],[-79.91249,44.32717],[-79.9113,44.3268],[-79.90983,44.32665],[-79.90846,44.3268],[-79.90027,44.32848],[-79.89271,44.33004],[-79.889833,44.330583],[-79.88962,44.33071],[-79.88808,44.33104],[-79.88795,44.33105],[-79.88768,44.33101],[-79.88724,44.33084],[-79.88705,44.33085],[-79.88597,44.33133],[-79.88473,44.33171],[-79.87882,44.33293],[-79.87171,44.33441],[-79.86223,44.33642],[-79.85484,44.33787],[-79.84869,44.33916],[-79.84258,44.34046],[-79.83329,44.34234],[-79.82466,44.34375],[-79.82214,44.34434],[-79.81846,44.34548],[-79.81215,44.34688],[-79.80591,44.34827],[-79.79981,44.34966],[-79.79171,44.35135],[-79.78339,44.35307],[-79.7751,44.35479],[-79.76687,44.35653],[-79.75861,44.35828],[-79.7525,44.35958],[-79.74959,44.36026],[-79.74571,44.36193],[-79.73756,44.36383],[-79.7353,44.36436],[-79.73312,44.36518],[-79.73206,44.36567],[-79.73187,44.3657],[-79.73115,44.36556],[-79.73068,44.36554],[-79.72315,44.36721],[-79.71647,44.36876],[-79.70905,44.37044],[-79.70295,44.3718],[-79.69511,44.37356],[-79.68907,44.37487],[-79.68889,44.37486],[-79.68882,44.37484],[-79.68877,44.37479],[-79.68876,44.37468],[-79.68887,44.37417],[-79.68894,44.37409],[-79.68968,44.37418],[-79.68989,44.37416],[-79.68993,44.37408],[-79.68988,44.37401],[-79.689146,44.373913]]}},{"type":"Feature","properties":{"shape_id":"LINX:1001761","route_id":"LINX-4","route_short_name":"LINX 4","route_long_name":"Collingwood-Wasaga","route_color":"#CC33FF","route_text_color":"#FFFFFF","agency_id":"simcoe-linx","agency_name":"Simcoe County LINX","source_route_id":"4"},"geometry":{"type":"LineString","coordinates":[[-80.21843,44.50028],[-80.21853,44.50041],[-80.21854,44.50066],[-80.21839,44.50071],[-80.21711,44.50083],[-80.21703,44.50078],[-80.21698,44.5007],[-80.216917,44.500051],[-80.21671,44.49915],[-80.21653,44.49828],[-80.21638,44.49735],[-80.216389,44.497026],[-80.21625,44.49681],[-80.21604,44.4959],[-80.21598,44.49558],[-80.21593,44.49551],[-80.21585,44.49546],[-80.21574,44.49544],[-80.214886,44.495562],[-80.21304,44.49598],[-80.21181,44.49623],[-80.21055,44.49648],[-80.210262,44.496492],[-80.21011,44.49656],[-80.2089,44.49682],[-80.20759,44.49707],[-80.20623,44.49735],[-80.20507,44.49758],[-80.20369,44.49786],[-80.202428,44.498079],[-80.20238,44.49811],[-80.20116,44.49835],[-80.19988,44.49862],[-80.19882,44.49877],[-80.19876,44.49876],[-80.19867,44.49868],[-80.1983,44.49776],[-80.19795,44.49685],[-80.19761,44.49597],[-80.197582,44.495692],[-80.19746,44.49557],[-80.19713,44.49473],[-80.19678,44.49388],[-80.19643,44.49296],[-80.19608,44.49206],[-80.19506,44.49037],[-80.194711,44.489839],[-80.19416,44.48863],[-80.19383,44.48771],[-80.19346,44.48675],[-80.19309,44.48581],[-80.19286,44.48491],[-80.1927,44.48419],[-80.19263,44.48413],[-80.19255,44.4841],[-80.19226,44.48414],[-80.19218,44.48414],[-80.1919,44.48395],[-80.19183,44.48392],[-80.19173,44.48392],[-80.19164,44.48398],[-80.19161,44.48401],[-80.19161,44.48406],[-80.19168,44.48415],[-80.19174,44.48419],[-80.1919,44.48422],[-80.19257,44.48419],[-80.19265,44.48401],[-80.192009,44.483996],[-80.19244,44.48322],[-80.1923,44.48319],[-80.18853,44.48401],[-80.18535,44.4847],[-80.18306,44.48519],[-80.18079,44.48567],[-80.17719,44.48644],[-80.17425,44.48707],[-80.17401,44.48703],[-80.17384,44.48697],[-80.17371,44.48697],[-80.17323,44.48723],[-80.17019,44.4879],[-80.16855,44.48825],[-80.16827,44.48832],[-80.16792,44.48849],[-80.16782,44.48859],[-80.16774,44.4886],[-80.16759,44.48857],[-80.1665,44.48806],[-80.16595,44.48777],[-80.16584,44.48775],[-80.16486,44.48733],[-80.16362,44.48675],[-80.163165,44.486504],[-80.16308,44.48651],[-80.16195,44.48601],[-80.16071,44.48546],[-80.15959,44.48496],[-80.1584,44.48442],[-80.15723,44.48388],[-80.15622,44.48342],[-80.15506,44.4829],[-80.15376,44.48231],[-80.152924,44.481919],[-80.15143,44.48138],[-80.15039,44.48097],[-80.14919,44.48048],[-80.14904,44.48037],[-80.14764,44.47988],[-80.14659,44.47947],[-80.14557,44.47903],[-80.14437,44.47846],[-80.14319,44.47788],[-80.14221,44.47742],[-80.141517,44.476996],[-80.14117,44.47693],[-80.13996,44.47635],[-80.13892,44.47584],[-80.13782,44.4753],[-80.13671,44.47475],[-80.1356,44.47425],[-80.1353,44.47407],[-80.134,44.47354],[-80.13272,44.47298],[-80.13145,44.4724],[-80.130379,44.471867],[-80.12788,44.47079],[-80.12667,44.47003],[-80.12544,44.46918],[-80.12421,44.46853],[-80.12282,44.46807],[-80.12136,44.46784],[-80.11828,44.46787],[-80.11626,44.467912],[-80.11618,44.46795],[-80.11487,44.46802],[-80.11361,44.46807],[-80.11222,44.46812],[-80.11106,44.46813],[-80.10994,44.46796],[-80.10875,44.46748],[-80.10825,44.46714],[-80.10808,44.46694],[-80.10806,44.46667],[-80.10803,44.46661],[-80.10793,44.46652],[-80.10785,44.46649],[-80.10768,44.4665],[-80.10715,44.46696],[-80.1066,44.46718],[-80.105161,44.467429],[-80.10503,44.4675],[-80.10371,44.46781],[-80.10239,44.46809],[-80.10102,44.4684],[-80.09973,44.46868],[-80.09843,44.46897],[-80.0971,44.46927],[-80.09573,44.46957],[-80.09442,44.46985],[-80.09334,44.47011],[-80.092815,44.47014],[-80.09122,44.47077],[-80.08819,44.47152],[-80.08654,44.4719],[-80.08492,44.47228],[-80.0833,44.47266],[-80.08166,44.47303],[-80.08005,44.47341],[-80.07855,44.47371],[-80.07723,44.47382],[-80.07608,44.474],[-80.07477,44.47421],[-80.07395,44.4746],[-80.07388,44.47462],[-80.07374,44.47459],[-80.07362,44.47451],[-80.07345,44.47423],[-80.073313,44.473691]]}},{"type":"Feature","properties":{"shape_id":"LINX:1001961","route_id":"LINX-5","route_short_name":"LINX 5","route_long_name":"Alliston-Bradford","route_color":"#CC0000","route_text_color":"#FFFFFF","agency_id":"simcoe-linx","agency_name":"Simcoe County LINX","source_route_id":"5"},"geometry":{"type":"LineString","coordinates":[[-79.869131,44.138432],[-79.8694,44.13845],[-79.86949,44.1384],[-79.86956,44.13833],[-79.86973,44.13806],[-79.86982,44.13802],[-79.86987,44.13801],[-79.86999,44.13804],[-79.87162,44.13919],[-79.8722,44.13951],[-79.8729,44.13969],[-79.87529,44.13943],[-79.87551,44.13944],[-79.87558,44.1395],[-79.876,44.14124],[-79.87642,44.14288],[-79.87687,44.14462],[-79.87731,44.14633],[-79.87772,44.14797],[-79.87804,44.14931],[-79.87807,44.14936],[-79.878193,44.150108],[-79.87827,44.15022],[-79.87861,44.15147],[-79.8787,44.15185],[-79.87866,44.15198],[-79.87852,44.15204],[-79.87686,44.15235],[-79.87386,44.15298],[-79.87225,44.15331],[-79.87009,44.15373],[-79.86725,44.15436],[-79.86711,44.15438],[-79.86701,44.15435],[-79.86693,44.15426],[-79.86668,44.1535],[-79.86672,44.15339],[-79.86685,44.15334],[-79.867271,44.153316]]}},{"type":"Feature","properties":{"shape_id":"LINX:1002078","route_id":"LINX-4","route_short_name":"LINX 4","route_long_name":"Collingwood-Wasaga","route_color":"#CC33FF","route_text_color":"#FFFFFF","agency_id":"simcoe-linx","agency_name":"Simcoe County LINX","source_route_id":"4"},"geometry":{"type":"LineString","coordinates":[[-80.21843,44.50028],[-80.21853,44.50041],[-80.21854,44.50066],[-80.21839,44.50071],[-80.21711,44.50083],[-80.21703,44.50078],[-80.21698,44.5007],[-80.216917,44.500051],[-80.21671,44.49915],[-80.21653,44.49828],[-80.21638,44.49735],[-80.216389,44.497026],[-80.21628,44.49694],[-80.21461,44.49721],[-80.2145,44.4972],[-80.21442,44.49712],[-80.21393,44.49592],[-80.21384,44.49586],[-80.21314,44.49596],[-80.21307,44.49596],[-80.21295,44.49591],[-80.21267,44.49456],[-80.21243,44.49321],[-80.21217,44.49183],[-80.21152,44.48945],[-80.2115,44.48933],[-80.21153,44.4892],[-80.21165,44.48915],[-80.21342,44.48878],[-80.21454,44.48855],[-80.2146,44.4885],[-80.2146,44.4879],[-80.21451,44.48784],[-80.21408,44.48598],[-80.21407,44.48586],[-80.21412,44.48581],[-80.21691,44.48525],[-80.21701,44.48523],[-80.21711,44.48528],[-80.21756,44.48789],[-80.21729,44.48799],[-80.21402,44.48862],[-80.21155,44.48916],[-80.21147,44.48916],[-80.21143,44.48923],[-80.21208,44.49135],[-80.2125,44.49363],[-80.21292,44.49597],[-80.21285,44.49602],[-80.21061,44.49646],[-80.210262,44.496492],[-80.21011,44.49656],[-80.2089,44.49682],[-80.20759,44.49707],[-80.20623,44.49735],[-80.20507,44.49758],[-80.20369,44.49786],[-80.202428,44.498079],[-80.20238,44.49811],[-80.20116,44.49835],[-80.19988,44.49862],[-80.19882,44.49877],[-80.19876,44.49876],[-80.19867,44.49868],[-80.1983,44.49776],[-80.19795,44.49685],[-80.19761,44.49597],[-80.197582,44.495692],[-80.19746,44.49557],[-80.19713,44.49473],[-80.19678,44.49388],[-80.19643,44.49296],[-80.19608,44.49206],[-80.19506,44.49037],[-80.194711,44.489839],[-80.19416,44.48863],[-80.19383,44.48771],[-80.19346,44.48675],[-80.19309,44.48581],[-80.19286,44.48491],[-80.1927,44.48419],[-80.19263,44.48413],[-80.19255,44.4841],[-80.19226,44.48414],[-80.19218,44.48414],[-80.1919,44.48395],[-80.19183,44.48392],[-80.19173,44.48392],[-80.19164,44.48398],[-80.19161,44.48401],[-80.19161,44.48406],[-80.19168,44.48415],[-80.19174,44.48419],[-80.1919,44.48422],[-80.19257,44.48419],[-80.19265,44.48401],[-80.192009,44.483996],[-80.19244,44.48322],[-80.1923,44.48319],[-80.18853,44.48401],[-80.18535,44.4847],[-80.18306,44.48519],[-80.18079,44.48567],[-80.17719,44.48644],[-80.17425,44.48707],[-80.17401,44.48703],[-80.17384,44.48697],[-80.17371,44.48697],[-80.17323,44.48723],[-80.17019,44.4879],[-80.16855,44.48825],[-80.16827,44.48832],[-80.16792,44.48849],[-80.16782,44.48859],[-80.16774,44.4886],[-80.16759,44.48857],[-80.1665,44.48806],[-80.16595,44.48777],[-80.16584,44.48775],[-80.16486,44.48733],[-80.16362,44.48675],[-80.163165,44.486504],[-80.16308,44.48651],[-80.16195,44.48601],[-80.16071,44.48546],[-80.15959,44.48496],[-80.1584,44.48442],[-80.15723,44.48388],[-80.15622,44.48342],[-80.15506,44.4829],[-80.15376,44.48231],[-80.152924,44.481919],[-80.15143,44.48138],[-80.15039,44.48097],[-80.14919,44.48048],[-80.14904,44.48037],[-80.14764,44.47988],[-80.14659,44.47947],[-80.14557,44.47903],[-80.14437,44.47846],[-80.14319,44.47788],[-80.14221,44.47742],[-80.141517,44.476996],[-80.14117,44.47693],[-80.13996,44.47635],[-80.13892,44.47584],[-80.13782,44.4753],[-80.13671,44.47475],[-80.1356,44.47425],[-80.1353,44.47407],[-80.134,44.47354],[-80.13272,44.47298],[-80.13145,44.4724],[-80.130379,44.471867],[-80.12788,44.47079],[-80.12667,44.47003],[-80.12544,44.46918],[-80.12421,44.46853],[-80.12282,44.46807],[-80.12136,44.46784],[-80.11828,44.46787],[-80.11626,44.467912],[-80.11618,44.46795],[-80.11487,44.46802],[-80.11361,44.46807],[-80.11222,44.46812],[-80.11106,44.46813],[-80.10994,44.46796],[-80.10875,44.46748],[-80.10825,44.46714],[-80.10808,44.46694],[-80.10806,44.46667],[-80.10803,44.46661],[-80.10793,44.46652],[-80.10785,44.46649],[-80.10768,44.4665],[-80.10715,44.46696],[-80.1066,44.46718],[-80.105161,44.467429],[-80.10503,44.4675],[-80.10371,44.46781],[-80.10239,44.46809],[-80.10102,44.4684],[-80.09973,44.46868],[-80.09843,44.46897],[-80.0971,44.46927],[-80.09573,44.46957],[-80.09442,44.46985],[-80.09334,44.47011],[-80.092815,44.47014],[-80.09122,44.47077],[-80.08819,44.47152],[-80.08654,44.4719],[-80.08492,44.47228],[-80.0833,44.47266],[-80.08166,44.47303],[-80.08005,44.47341],[-80.07855,44.47371],[-80.07723,44.47382],[-80.07608,44.474],[-80.07477,44.47421],[-80.07395,44.4746],[-80.07388,44.47462],[-80.07374,44.47459],[-80.07362,44.47451],[-80.07345,44.47423],[-80.073313,44.473691]]}},{"type":"Feature","properties":{"shape_id":"LINX:1003418","route_id":"LINX-3","route_short_name":"LINX 3","route_long_name":"Barrie-Orillia","route_color":"#339966","route_text_color":"#FFFFFF","agency_id":"simcoe-linx","agency_name":"Simcoe County LINX","source_route_id":"3"},"geometry":{"type":"LineString","coordinates":[[-79.669214,44.412052],[-79.66889,44.41241],[-79.66896,44.41245],[-79.66902,44.41253],[-79.66888,44.41337],[-79.66877,44.41346],[-79.66872,44.41354],[-79.66866,44.4142],[-79.6687,44.41437],[-79.66867,44.41445],[-79.66716,44.41492],[-79.66564,44.41534],[-79.66407,44.41573],[-79.66099,44.41639],[-79.65976,44.41658],[-79.65927,44.41655],[-79.65912,44.41652],[-79.65906,44.41646],[-79.65904,44.41636],[-79.65922,44.41538],[-79.65928,44.41531],[-79.65933,44.41528],[-79.65947,44.41527],[-79.660687,44.415478],[-79.66177,44.4155],[-79.66185,44.41553],[-79.6619,44.41556],[-79.66194,44.41567],[-79.66186,44.41616],[-79.66173,44.41625],[-79.66025,44.41657],[-79.65484,44.41613],[-79.64998,44.41569],[-79.64614,44.41537],[-79.64603,44.41542],[-79.64516,44.41992],[-79.64435,44.42431],[-79.64372,44.42774],[-79.6431,44.43113],[-79.64259,44.43367],[-79.64266,44.4341],[-79.64264,44.43416],[-79.64259,44.43421],[-79.64243,44.43426],[-79.64235,44.43425],[-79.64215,44.43415],[-79.64208,44.43413],[-79.64201,44.43413],[-79.64047,44.43486],[-79.6404,44.43487],[-79.64028,44.43486],[-79.6404,44.43451],[-79.64069,44.43451],[-79.64075,44.43452],[-79.6409,44.43468],[-79.64105,44.43467],[-79.64192,44.4342],[-79.64204,44.43416],[-79.64218,44.4342],[-79.64222,44.43424],[-79.64224,44.43438],[-79.64156,44.43476],[-79.6413,44.43501],[-79.64117,44.43574],[-79.64106,44.43596],[-79.64086,44.43616],[-79.63962,44.43672],[-79.63797,44.43719],[-79.63284,44.43818],[-79.62612,44.44081],[-79.61866,44.44384],[-79.60897,44.4476],[-79.60344,44.44973],[-79.59732,44.45214],[-79.59032,44.45519],[-79.58278,44.45849],[-79.5761,44.46125],[-79.5658,44.46561],[-79.55944,44.46849],[-79.55182,44.47185],[-79.54849,44.47326],[-79.54662,44.47374],[-79.54504,44.47399],[-79.54321,44.47442],[-79.53538,44.47763],[-79.5339,44.47824],[-79.53373,44.47825],[-79.53298,44.47744],[-79.53283,44.47738],[-79.53267,44.47739],[-79.53075,44.47821],[-79.53059,44.47837],[-79.53055,44.47847],[-79.53055,44.47868],[-79.5306,44.47878],[-79.53154,44.47992],[-79.53172,44.48008],[-79.53195,44.48018],[-79.53431,44.47938],[-79.53449,44.47937],[-79.53456,44.47939],[-79.53881,44.48438],[-79.53895,44.48449],[-79.53902,44.48452],[-79.5392,44.48451],[-79.5436,44.4826],[-79.53917,44.48447],[-79.53904,44.4845],[-79.53894,44.48448],[-79.53564,44.48058],[-79.53452,44.4793],[-79.53442,44.47927],[-79.53436,44.47927],[-79.5325,44.48007],[-79.53223,44.48014],[-79.53209,44.48015],[-79.53183,44.4801],[-79.53172,44.48004],[-79.53066,44.47878],[-79.53061,44.4787],[-79.53057,44.47852],[-79.53059,44.47843],[-79.53063,44.47835],[-79.5307,44.47827],[-79.53079,44.4782],[-79.53274,44.47741],[-79.53283,44.47741],[-79.53295,44.47746],[-79.53359,44.47817],[-79.53361,44.47822],[-79.5336,44.47833],[-79.53345,44.47844],[-79.52711,44.48115],[-79.52046,44.48397],[-79.51726,44.48545],[-79.51,44.48991],[-79.50515,44.49292],[-79.50022,44.49599],[-79.49741,44.49768],[-79.48965,44.50098],[-79.48235,44.50408],[-79.47415,44.5076],[-79.47293,44.50835],[-79.47186,44.50923],[-79.47083,44.51039],[-79.47031,44.51123],[-79.46723,44.51786],[-79.46517,44.52229],[-79.46285,44.5273],[-79.46077,44.53158],[-79.45609,44.53962],[-79.45364,44.5438],[-79.4501,44.54989],[-79.44808,44.55399],[-79.44479,44.56035],[-79.44314,44.56355],[-79.44269,44.56501],[-79.44259,44.56598],[-79.44265,44.56667],[-79.4426,44.56679],[-79.44255,44.56684],[-79.44222,44.56694],[-79.44216,44.56697],[-79.44246,44.5692],[-79.442368,44.569444],[-79.44262,44.57059],[-79.44275,44.57153],[-79.44278,44.5718],[-79.44273,44.57191],[-79.44196,44.57223],[-79.44175,44.57226],[-79.44164,44.57224],[-79.44148,44.57213],[-79.44082,44.57131],[-79.44021,44.57047],[-79.43985,44.56955],[-79.43971,44.56858],[-79.4395,44.5684],[-79.43963,44.56802],[-79.43929,44.56707],[-79.43841,44.56591],[-79.43805,44.56543],[-79.43805,44.56537],[-79.43807,44.56531],[-79.43811,44.56525],[-79.43959,44.56449],[-79.44087,44.56386],[-79.44143,44.56369],[-79.44154,44.56369],[-79.44226,44.56459],[-79.44343,44.56564],[-79.44429,44.56677],[-79.44584,44.56862],[-79.446034,44.568919],[-79.44678,44.56981],[-79.44698,44.57046],[-79.44682,44.57141],[-79.44644,44.57206],[-79.44356,44.57421],[-79.44185,44.57541],[-79.43993,44.57672],[-79.43777,44.57767],[-79.43557,44.57861],[-79.43329,44.57955],[-79.43099,44.58052],[-79.430389,44.580827],[-79.43006,44.58088],[-79.42879,44.58141],[-79.42764,44.58192],[-79.42709,44.58229],[-79.42644,44.58311],[-79.42587,44.58419],[-79.42491,44.58612],[-79.42459,44.58693],[-79.42452,44.58803],[-79.42447,44.58913],[-79.424419,44.58965],[-79.42442,44.59197],[-79.42446,44.59215],[-79.4245,44.59218],[-79.4246,44.59221],[-79.42882,44.59172],[-79.4335,44.59154],[-79.43837,44.59139],[-79.43967,44.59133],[-79.4413,44.59111],[-79.44305,44.59067],[-79.4472,44.58886],[-79.44905,44.5885],[-79.45269,44.58704],[-79.45281,44.58707],[-79.455,44.58974],[-79.4555,44.59079],[-79.45559,44.59173],[-79.45554,44.59202],[-79.45558,44.59211],[-79.45562,44.59215],[-79.45575,44.59219],[-79.45665,44.59226],[-79.45676,44.59232],[-79.45726,44.59294],[-79.4575,44.59313],[-79.45763,44.59319],[-79.45781,44.59323],[-79.45803,44.59322],[-79.459507,44.592199]]}},{"type":"Feature","properties":{"shape_id":"LINX:1003430","route_id":"LINX-6","route_short_name":"LINX 6","route_long_name":"Midland-Orillia","route_color":"#9370DB","route_text_color":"#FFFFFF","agency_id":"simcoe-linx","agency_name":"Simcoe County LINX","source_route_id":"6"},"geometry":{"type":"LineString","coordinates":[[-79.87194,44.72658],[-79.87227,44.72661],[-79.87223,44.7268],[-79.87227,44.72692],[-79.87245,44.72713],[-79.87245,44.72723],[-79.87153,44.72766],[-79.87141,44.72777],[-79.87141,44.72782],[-79.87143,44.72787],[-79.872146,44.72861],[-79.87279,44.72941],[-79.87282,44.72953],[-79.87279,44.7296],[-79.87268,44.7297],[-79.86593,44.7321],[-79.85962,44.73488],[-79.85599,44.73619],[-79.85461,44.73649],[-79.85329,44.73652],[-79.84103,44.73557],[-79.83331,44.7352],[-79.82834,44.73499],[-79.82699,44.73467],[-79.82578,44.73416],[-79.82072,44.73117],[-79.81659,44.7287],[-79.81513,44.7281],[-79.81378,44.7278],[-79.81236,44.72768],[-79.81068,44.72779],[-79.80766,44.72821],[-79.80748,44.72821],[-79.80476,44.72863],[-79.80355,44.72904],[-79.798,44.73216],[-79.79242,44.73533],[-79.78744,44.73817],[-79.78429,44.74011],[-79.78299,44.74055],[-79.78205,44.74072],[-79.78196,44.74075],[-79.78184,44.74117],[-79.78066,44.74196],[-79.78045,44.74213],[-79.77728,44.74722],[-79.77517,44.75077],[-79.7751,44.75084],[-79.77502,44.75087],[-79.77391,44.75051],[-79.77376,44.7505],[-79.7737,44.75051],[-79.77364,44.75054],[-79.773524,44.750576],[-79.77305,44.75157],[-79.77252,44.75245],[-79.77198,44.75332],[-79.77138,44.75429],[-79.7711,44.7546],[-79.77098,44.75469],[-79.77037,44.75492],[-79.76906,44.75493],[-79.76841,44.75485],[-79.76774,44.75458],[-79.76705,44.75383],[-79.76635,44.753],[-79.766105,44.752607],[-79.76586,44.75247],[-79.76255,44.74864],[-79.75926,44.7449],[-79.75809,44.74349],[-79.75793,44.74311],[-79.75837,44.74195],[-79.75836,44.74188],[-79.75833,44.74184],[-79.75665,44.74118],[-79.75558,44.74055],[-79.75215,44.73674],[-79.74876,44.73284],[-79.74588,44.7296],[-79.74524,44.7291],[-79.74418,44.72864],[-79.743,44.72841],[-79.74151,44.72845],[-79.74013,44.72883],[-79.73473,44.73123],[-79.72906,44.73375],[-79.7279,44.7344],[-79.72694,44.73521],[-79.72626,44.73612],[-79.72395,44.74053],[-79.72291,44.74247],[-79.7222,44.7433],[-79.72107,44.74414],[-79.71343,44.7475],[-79.7133,44.74754],[-79.71318,44.74763],[-79.71323,44.74789],[-79.71322,44.74797],[-79.71314,44.74812],[-79.71157,44.74966],[-79.71069,44.75036],[-79.70954,44.75092],[-79.709147,44.750927],[-79.70883,44.7511],[-79.7082,44.75124],[-79.70807,44.75122],[-79.70585,44.74854],[-79.70579,44.74848],[-79.70572,44.74845],[-79.70454,44.74823],[-79.70068,44.74719],[-79.69692,44.74619],[-79.69321,44.7452],[-79.68944,44.74428],[-79.68397,44.74309],[-79.68107,44.74241],[-79.67984,44.74192],[-79.6788,44.74129],[-79.67783,44.74038],[-79.676172,44.738413],[-79.67601,44.73837],[-79.67257,44.73455],[-79.67115,44.73287],[-79.66885,44.72862],[-79.66656,44.72425],[-79.66546,44.7223],[-79.66327,44.71971],[-79.6627,44.71877],[-79.66234,44.71777],[-79.66174,44.71328],[-79.66145,44.71113],[-79.66106,44.7102],[-79.66041,44.70939],[-79.65755,44.7077],[-79.65746,44.7077],[-79.65702,44.70796],[-79.65667,44.70807],[-79.65518,44.70796],[-79.64445,44.70951],[-79.64416,44.70956],[-79.64403,44.70951],[-79.643201,44.70776],[-79.64308,44.70754],[-79.64281,44.70301],[-79.64263,44.70201],[-79.64207,44.70092],[-79.6402,44.69877],[-79.64012,44.69861],[-79.64014,44.69845],[-79.64023,44.69832],[-79.64034,44.69823],[-79.64048,44.69816],[-79.64051,44.69812],[-79.64051,44.69802],[-79.64048,44.69796],[-79.63909,44.69709],[-79.63812,44.69635],[-79.63459,44.69247],[-79.63109,44.68856],[-79.62759,44.6847],[-79.62685,44.68366],[-79.62501,44.67982],[-79.62435,44.679],[-79.62321,44.67821],[-79.61746,44.67601],[-79.61492,44.67514],[-79.60695,44.67352],[-79.6056,44.67328],[-79.60421,44.67316],[-79.59699,44.67305],[-79.58811,44.67277],[-79.58429,44.67252],[-79.58289,44.67217],[-79.5816,44.67168],[-79.57657,44.66876],[-79.57167,44.66589],[-79.56956,44.66458],[-79.56809,44.66337],[-79.56465,44.65947],[-79.56121,44.65554],[-79.5578,44.65158],[-79.55433,44.64765],[-79.55092,44.64377],[-79.54998,44.64276],[-79.54896,44.64201],[-79.546603,44.640654],[-79.54657,44.64069],[-79.54137,44.63804],[-79.53754,44.63634],[-79.53232,44.63346],[-79.52732,44.63068],[-79.52226,44.6277],[-79.52091,44.62694],[-79.51666,44.62536],[-79.51553,44.6248],[-79.51433,44.624],[-79.51322,44.62296],[-79.51093,44.6203],[-79.51007,44.6196],[-79.50888,44.61889],[-79.50027,44.61575],[-79.49896,44.61537],[-79.49725,44.61507],[-79.49074,44.61464],[-79.4833,44.61386],[-79.47623,44.61311],[-79.47,44.61273],[-79.45989,44.61231],[-79.45528,44.61193],[-79.45513,44.61189],[-79.45501,44.61179],[-79.45505,44.6108],[-79.454653,44.609543],[-79.45455,44.60945],[-79.45391,44.60815],[-79.45345,44.60718],[-79.45331,44.60646],[-79.45335,44.60602],[-79.45376,44.60522],[-79.45441,44.6044],[-79.45468,44.60348],[-79.45453,44.60253],[-79.45392,44.60156],[-79.4529,44.60036],[-79.45281,44.60025],[-79.4526,44.59964],[-79.45265,44.59914],[-79.45433,44.59747],[-79.454864,44.596524],[-79.45482,44.59641],[-79.45498,44.5955],[-79.45514,44.59458],[-79.45532,44.59361],[-79.45549,44.59259],[-79.45554,44.59232],[-79.45559,44.59225],[-79.45569,44.59221],[-79.4566,44.59226],[-79.4567,44.59229],[-79.45718,44.59289],[-79.45759,44.59317],[-79.45772,44.59321],[-79.45798,44.59323],[-79.45825,44.59318],[-79.459507,44.592199]]}},{"type":"Feature","properties":{"shape_id":"LINX:1003437","route_id":"LINX-6","route_short_name":"LINX 6","route_long_name":"Midland-Orillia","route_color":"#9370DB","route_text_color":"#FFFFFF","agency_id":"simcoe-linx","agency_name":"Simcoe County LINX","source_route_id":"6"},"geometry":{"type":"LineString","coordinates":[[-79.459507,44.592199],[-79.45921,44.59203],[-79.45855,44.59233],[-79.45853,44.59236],[-79.45852,44.59241],[-79.45879,44.59277],[-79.4588,44.59285],[-79.45875,44.59292],[-79.45806,44.5932],[-79.45788,44.59322],[-79.45769,44.5932],[-79.45747,44.5931],[-79.45689,44.59247],[-79.45681,44.59233],[-79.4567,44.59225],[-79.45563,44.59218],[-79.45553,44.5922],[-79.45548,44.59222],[-79.45543,44.59225],[-79.45538,44.59236],[-79.4552,44.59329],[-79.45503,44.59422],[-79.45489,44.59512],[-79.454661,44.596128],[-79.45446,44.59706],[-79.45293,44.59843],[-79.45254,44.59898],[-79.45241,44.59959],[-79.45252,44.60008],[-79.454,44.60195],[-79.45445,44.60278],[-79.45453,44.60355],[-79.45424,44.60442],[-79.45344,44.60543],[-79.45313,44.60629],[-79.45326,44.60717],[-79.453992,44.608736],[-79.45491,44.61053],[-79.45486,44.61187],[-79.45488,44.61193],[-79.45497,44.61203],[-79.45525,44.6121],[-79.46261,44.6126],[-79.46928,44.61273],[-79.4762,44.61312],[-79.48566,44.61414],[-79.49323,44.61492],[-79.49707,44.61507],[-79.49846,44.61528],[-79.50028,44.61578],[-79.50734,44.61832],[-79.50847,44.61874],[-79.50975,44.61945],[-79.51075,44.62024],[-79.51361,44.62341],[-79.51447,44.62414],[-79.51572,44.62495],[-79.51718,44.62562],[-79.52122,44.62713],[-79.52783,44.631],[-79.53505,44.635],[-79.54426,44.63952],[-79.546979,44.641075],[-79.54705,44.64101],[-79.54891,44.642],[-79.54986,44.64267],[-79.55424,44.64758],[-79.55823,44.65219],[-79.56223,44.65681],[-79.56836,44.66368],[-79.56996,44.66493],[-79.57509,44.66793],[-79.58088,44.67132],[-79.58202,44.67188],[-79.58328,44.6723],[-79.58495,44.67261],[-79.59279,44.67299],[-79.60033,44.67313],[-79.60392,44.67317],[-79.60554,44.67329],[-79.61227,44.67459],[-79.61438,44.67502],[-79.62303,44.67814],[-79.62388,44.67864],[-79.62473,44.67946],[-79.62689,44.68379],[-79.6274,44.68456],[-79.63233,44.68996],[-79.6358,44.69385],[-79.63773,44.69601],[-79.63881,44.69696],[-79.63991,44.69771],[-79.64032,44.69794],[-79.64041,44.69804],[-79.64042,44.6981],[-79.64036,44.69822],[-79.64029,44.69826],[-79.64017,44.69837],[-79.64012,44.69844],[-79.6401,44.69858],[-79.64014,44.69874],[-79.64182,44.70062],[-79.6424,44.70157],[-79.64274,44.70272],[-79.64297,44.70671],[-79.642882,44.707207],[-79.64389,44.70927],[-79.64397,44.70938],[-79.64405,44.70957],[-79.64414,44.70959],[-79.65074,44.70862],[-79.65496,44.70801],[-79.65631,44.70811],[-79.65672,44.7081],[-79.65704,44.708],[-79.65738,44.70777],[-79.65748,44.70776],[-79.65762,44.70779],[-79.65991,44.70909],[-79.66076,44.70989],[-79.66129,44.71078],[-79.66152,44.71167],[-79.66207,44.71626],[-79.6623,44.71777],[-79.66261,44.71868],[-79.66314,44.71958],[-79.6654,44.72223],[-79.66872,44.72843],[-79.67099,44.7327],[-79.676224,44.738763],[-79.67845,44.741],[-79.67936,44.74167],[-79.6805,44.74223],[-79.68176,44.74262],[-79.68528,44.74341],[-79.68913,44.74425],[-79.6929,44.74515],[-79.6981,44.74654],[-79.70164,44.74748],[-79.70559,44.74849],[-79.70799,44.75112],[-79.70827,44.75127],[-79.70832,44.751313],[-79.71075,44.75029],[-79.7131,44.74814],[-79.71329,44.74762],[-79.71333,44.74758],[-79.71874,44.74525],[-79.72087,44.74428],[-79.72194,44.74355],[-79.72277,44.74271],[-79.72509,44.73838],[-79.72643,44.73584],[-79.72737,44.73481],[-79.72859,44.73398],[-79.73411,44.73153],[-79.73945,44.72915],[-79.74069,44.72865],[-79.74148,44.72846],[-79.74288,44.72841],[-79.74396,44.72859],[-79.74494,44.72895],[-79.74575,44.72948],[-79.75076,44.73517],[-79.75409,44.73903],[-79.75541,44.74045],[-79.75649,44.74114],[-79.75789,44.7418],[-79.75803,44.74194],[-79.75792,44.74303],[-79.75815,44.74362],[-79.76394,44.75029],[-79.765925,44.752691],[-79.76658,44.75334],[-79.76727,44.75418],[-79.76768,44.75457],[-79.76831,44.75484],[-79.76955,44.75495],[-79.77018,44.75497],[-79.77048,44.75492],[-79.77101,44.7547],[-79.77128,44.7545],[-79.7718,44.75373],[-79.77233,44.75285],[-79.77286,44.75196],[-79.773478,44.751154],[-79.77345,44.7511],[-79.77375,44.75056],[-79.77384,44.75053],[-79.77496,44.75085],[-79.77509,44.75086],[-79.7752,44.75082],[-79.77525,44.75078],[-79.77768,44.74663],[-79.78026,44.74242],[-79.78041,44.74219],[-79.78168,44.74134],[-79.78226,44.7408],[-79.78379,44.74034],[-79.78979,44.73685],[-79.79486,44.73398],[-79.79994,44.7311],[-79.80365,44.72902],[-79.80483,44.72864],[-79.81145,44.72775],[-79.81297,44.72774],[-79.8145,44.72798],[-79.81582,44.72838],[-79.82499,44.73375],[-79.82612,44.73436],[-79.82735,44.73481],[-79.82866,44.7351],[-79.83627,44.73542],[-79.8426,44.73582],[-79.85111,44.73647],[-79.85356,44.73664],[-79.85508,44.73656],[-79.85633,44.73622],[-79.86525,44.73248],[-79.87123,44.73036],[-79.87293,44.72964],[-79.87296,44.7296],[-79.87298,44.72955],[-79.87294,44.72942],[-79.871864,44.728165],[-79.87173,44.72809],[-79.87154,44.72787],[-79.8715,44.72775],[-79.87151,44.72771],[-79.87159,44.72763],[-79.87264,44.72718],[-79.87319,44.72694],[-79.87325,44.7269],[-79.87329,44.7268],[-79.87329,44.72675],[-79.87326,44.72669],[-79.87284,44.72623],[-79.87278,44.72619],[-79.87194,44.72658]]}},{"type":"Feature","properties":{"shape_id":"LINX:1003438","route_id":"LINX-4","route_short_name":"LINX 4","route_long_name":"Collingwood-Wasaga","route_color":"#CC33FF","route_text_color":"#FFFFFF","agency_id":"simcoe-linx","agency_name":"Simcoe County LINX","source_route_id":"4"},"geometry":{"type":"LineString","coordinates":[[-80.073313,44.473691],[-80.07323,44.47359],[-80.07299,44.47276],[-80.07303,44.47261],[-80.07307,44.47256],[-80.0732,44.47251],[-80.07438,44.47237],[-80.07472,44.47232],[-80.07571,44.47239],[-80.07584,44.47245],[-80.07591,44.47253],[-80.0762,44.47346],[-80.07636,44.47397],[-80.0765,44.47403],[-80.07662,44.47403],[-80.07784,44.47383],[-80.07906,44.47365],[-80.08042,44.47335],[-80.081358,44.473186],[-80.08289,44.47277],[-80.08422,44.47246],[-80.08553,44.47216],[-80.08685,44.47186],[-80.08818,44.47155],[-80.08951,44.47124],[-80.09067,44.47098],[-80.09186,44.47053],[-80.092792,44.470285],[-80.09309,44.47017],[-80.09447,44.46987],[-80.09586,44.46956],[-80.09729,44.46924],[-80.09868,44.46894],[-80.10007,44.46864],[-80.10147,44.46832],[-80.10285,44.46802],[-80.10421,44.46772],[-80.1055,44.46744],[-80.105631,44.467482],[-80.10709,44.46706],[-80.10728,44.46699],[-80.10758,44.46695],[-80.10769,44.46696],[-80.10908,44.46769],[-80.11034,44.46808],[-80.11174,44.46818],[-80.11313,44.46812],[-80.11451,44.46807],[-80.11588,44.46802],[-80.116826,44.468032],[-80.11709,44.46797],[-80.11863,44.46791],[-80.12015,44.46786],[-80.12155,44.46789],[-80.12325,44.46822],[-80.1244,44.46865],[-80.12557,44.46931],[-80.12677,44.47015],[-80.12787,44.47082],[-80.12922,44.47144],[-80.13021,44.47193],[-80.13152,44.47246],[-80.13275,44.47302],[-80.13383,44.47351],[-80.13508,44.47408],[-80.135134,44.474228],[-80.13556,44.4743],[-80.1367,44.47483],[-80.13783,44.47536],[-80.13895,44.47589],[-80.14001,44.47641],[-80.141058,44.476997],[-80.14115,44.47696],[-80.14217,44.47743],[-80.14334,44.47799],[-80.14449,44.47855],[-80.14569,44.47913],[-80.14689,44.47963],[-80.14818,44.48014],[-80.149067,44.480548],[-80.14943,44.48062],[-80.15074,44.48114],[-80.15207,44.48167],[-80.15273,44.48193],[-80.152795,44.482043],[-80.1533,44.48216],[-80.15445,44.48266],[-80.15561,44.48318],[-80.15676,44.48369],[-80.1579,44.48422],[-80.15908,44.48474],[-80.16026,44.48528],[-80.16145,44.48581],[-80.16264,44.48636],[-80.163072,44.486629],[-80.16342,44.48671],[-80.16445,44.48717],[-80.16568,44.48773],[-80.16683,44.48825],[-80.167293,44.488582],[-80.16775,44.48865],[-80.16781,44.48865],[-80.16815,44.48841],[-80.1694,44.48811],[-80.170192,44.48798],[-80.17027,44.48793],[-80.17291,44.48736],[-80.1731,44.48731],[-80.17382,44.48738],[-80.17436,44.48711],[-80.17716,44.48648],[-80.18099,44.48567],[-80.1837,44.48509],[-80.18648,44.48448],[-80.1912,44.48348],[-80.19225,44.48325],[-80.19236,44.48326],[-80.19245,44.48331],[-80.19251,44.48343],[-80.19261,44.48404],[-80.19256,44.48411],[-80.19247,44.48414],[-80.19223,44.48418],[-80.19212,44.48417],[-80.19203,44.48412],[-80.19187,44.48392],[-80.1918,44.48391],[-80.19171,44.48393],[-80.19162,44.48399],[-80.1916,44.48408],[-80.19176,44.48423],[-80.1918,44.48429],[-80.19197,44.48509],[-80.19207,44.48517],[-80.19214,44.4852],[-80.19233,44.48522],[-80.192037,44.484069],[-80.19201,44.48399],[-80.19197,44.48396],[-80.19184,44.48393],[-80.19176,44.48393],[-80.19165,44.48398],[-80.19162,44.48403],[-80.19161,44.48408],[-80.19182,44.48432],[-80.19196,44.48503],[-80.19199,44.48509],[-80.19203,44.48514],[-80.19215,44.48522],[-80.19232,44.48524],[-80.19281,44.48518],[-80.19289,44.48523],[-80.19317,44.48614],[-80.19352,44.48704],[-80.19392,44.4881],[-80.1943,44.48906],[-80.194676,44.489991],[-80.19542,44.49089],[-80.19592,44.49173],[-80.19625,44.49261],[-80.19665,44.49362],[-80.19701,44.49456],[-80.197311,44.495508],[-80.19751,44.49578],[-80.19787,44.49672],[-80.19786,44.49677],[-80.19782,44.49682],[-80.19768,44.49688],[-80.19634,44.49714],[-80.19517,44.49739],[-80.19513,44.49746],[-80.19552,44.49838],[-80.1959,44.49934],[-80.19592,44.49938],[-80.19602,44.49944],[-80.19609,44.49945],[-80.1971,44.4993],[-80.19721,44.49922],[-80.1985,44.49896],[-80.19976,44.4987],[-80.20113,44.49844],[-80.202398,44.498221],[-80.20373,44.49792],[-80.20475,44.49772],[-80.20487,44.49775],[-80.205012,44.498179],[-80.20545,44.49926],[-80.2058,44.5001],[-80.2066,44.50123],[-80.20728,44.50206],[-80.20731,44.50211],[-80.207303,44.502137],[-80.20763,44.50221],[-80.20876,44.50174],[-80.20984,44.50128],[-80.211055,44.500829],[-80.21114,44.50076],[-80.21224,44.50028],[-80.21337,44.49981],[-80.21448,44.49935],[-80.214866,44.499236],[-80.21503,44.49913],[-80.21513,44.49909],[-80.21643,44.49894],[-80.2177,44.49881],[-80.21812,44.49876],[-80.2182,44.4988],[-80.21823,44.49884],[-80.21839,44.49978],[-80.21843,44.50028]]}},{"type":"Feature","properties":{"shape_id":"LINX:1003912","route_id":"LINX-5","route_short_name":"LINX 5","route_long_name":"Alliston-Bradford","route_color":"#CC0000","route_text_color":"#FFFFFF","agency_id":"simcoe-linx","agency_name":"Simcoe County LINX","source_route_id":"5"},"geometry":{"type":"LineString","coordinates":[[-79.555401,44.116502],[-79.55696,44.11783],[-79.55703,44.11787],[-79.55711,44.1179],[-79.55729,44.11789],[-79.55778,44.11777],[-79.55785,44.11772],[-79.55788,44.11768],[-79.55765,44.11668],[-79.55752,44.11616],[-79.55755,44.116],[-79.55767,44.11594],[-79.55893,44.11571],[-79.56017,44.11542],[-79.560639,44.115333],[-79.56216,44.11495],[-79.562722,44.114833],[-79.56421,44.11446],[-79.565,44.114306],[-79.56645,44.11396],[-79.56762,44.1137],[-79.56893,44.11339],[-79.57025,44.11313],[-79.571028,44.113],[-79.57398,44.11229],[-79.57528,44.112],[-79.5767,44.11169],[-79.57798,44.1114],[-79.57938,44.1111],[-79.58081,44.11078],[-79.58211,44.11048],[-79.58352,44.11017],[-79.584083,44.110056],[-79.58567,44.10968],[-79.58691,44.1094],[-79.5882,44.10911],[-79.58949,44.10881],[-79.589775,44.108837],[-79.58984,44.10878],[-79.59108,44.10847],[-79.59228,44.1082],[-79.593722,44.107917],[-79.59503,44.10757],[-79.59635,44.10727],[-79.597778,44.106944],[-79.59795,44.10694],[-79.60657,44.10495],[-79.61259,44.10357],[-79.62069,44.10179],[-79.62719,44.10029],[-79.6331,44.09903],[-79.63989,44.09754],[-79.64599,44.09618],[-79.65193,44.0949],[-79.65842,44.09349],[-79.66813,44.09137],[-79.6757,44.089796],[-79.67598,44.08992],[-79.67783,44.09707],[-79.67897,44.10154],[-79.67912,44.1021],[-79.67921,44.10214],[-79.67927,44.10214],[-79.68588,44.1007],[-79.69426,44.09881],[-79.70511,44.09643],[-79.7134,44.09461],[-79.71922,44.09334],[-79.72614,44.09181],[-79.73663,44.08952],[-79.74511,44.08765],[-79.75124,44.08629],[-79.75952,44.08447],[-79.76777,44.0827],[-79.77624,44.08081],[-79.77995,44.08],[-79.780238,44.079975],[-79.78036,44.07992],[-79.78164,44.07964],[-79.78276,44.07938],[-79.78408,44.07907],[-79.78538,44.07878],[-79.786446,44.07859],[-79.7866,44.07849],[-79.79359,44.077],[-79.80475,44.07455],[-79.81251,44.07287],[-79.81858,44.07155],[-79.8188,44.07154],[-79.81891,44.0716],[-79.81897,44.0717],[-79.8201,44.07619],[-79.82041,44.07751],[-79.82035,44.0793],[-79.8214,44.08394],[-79.82295,44.08979],[-79.82339,44.09069],[-79.82473,44.0922],[-79.82524,44.09299],[-79.82642,44.09749],[-79.82665,44.09836],[-79.82721,44.09933],[-79.82892,44.101],[-79.82955,44.102],[-79.83164,44.10999],[-79.83227,44.11258],[-79.83235,44.11347],[-79.83178,44.11563],[-79.83174,44.11654],[-79.83342,44.12337],[-79.83426,44.12694],[-79.83479,44.12784],[-79.83561,44.12888],[-79.83599,44.12972],[-79.8374,44.13527],[-79.83783,44.13704],[-79.83781,44.13795],[-79.83692,44.14015],[-79.83678,44.14105],[-79.83754,44.14434],[-79.83764,44.1445],[-79.83776,44.14455],[-79.83794,44.14456],[-79.84286,44.14343],[-79.84296,44.14338],[-79.843,44.14333],[-79.84301,44.14327],[-79.84294,44.14303],[-79.84285,44.1429],[-79.8428,44.14286],[-79.84265,44.1428],[-79.84257,44.14281],[-79.84231,44.14291],[-79.84219,44.1429],[-79.84206,44.14282],[-79.84184,44.14275],[-79.841571,44.142784],[-79.84117,44.14291],[-79.84121,44.143],[-79.8413,44.14303],[-79.84141,44.14303],[-79.84252,44.14288],[-79.84259,44.14286],[-79.84273,44.14288],[-79.84278,44.1429],[-79.84295,44.14329],[-79.84307,44.14337],[-79.84314,44.14338],[-79.84334,44.14337],[-79.84619,44.14268],[-79.85158,44.14154],[-79.85632,44.14047],[-79.86193,44.1391],[-79.86489,44.13841],[-79.86721,44.1379],[-79.86734,44.13791],[-79.86743,44.13796],[-79.86748,44.13835],[-79.86754,44.13842],[-79.8676,44.13845],[-79.86766,44.13847],[-79.869131,44.138432]]}},{"type":"Feature","properties":{"shape_id":"LINX:1004403","route_id":"LINX-5","route_short_name":"LINX 5","route_long_name":"Alliston-Bradford","route_color":"#CC0000","route_text_color":"#FFFFFF","agency_id":"simcoe-linx","agency_name":"Simcoe County LINX","source_route_id":"5"},"geometry":{"type":"LineString","coordinates":[[-79.869131,44.138432],[-79.8694,44.13845],[-79.86949,44.1384],[-79.86956,44.13833],[-79.86973,44.13806],[-79.86982,44.13802],[-79.86987,44.13801],[-79.86999,44.13804],[-79.87162,44.13919],[-79.8722,44.13951],[-79.8729,44.13969],[-79.87529,44.13943],[-79.87551,44.13944],[-79.87558,44.1395],[-79.876,44.14124],[-79.87642,44.14288],[-79.87687,44.14462],[-79.87731,44.14633],[-79.87772,44.14797],[-79.87804,44.14931],[-79.87807,44.14936],[-79.878193,44.150108],[-79.87827,44.15022],[-79.87861,44.15147],[-79.8787,44.15185],[-79.87866,44.15198],[-79.87852,44.15204],[-79.87686,44.15235],[-79.87386,44.15298],[-79.87225,44.15331],[-79.87009,44.15373],[-79.86725,44.15436],[-79.86711,44.15438],[-79.86701,44.15435],[-79.86693,44.15426],[-79.86668,44.1535],[-79.86672,44.15339],[-79.86685,44.15334],[-79.867271,44.153316],[-79.86874,44.15294],[-79.86879,44.15286],[-79.86684,44.14824],[-79.86481,44.14347],[-79.86346,44.14028],[-79.86288,44.13893],[-79.86286,44.1389],[-79.86274,44.13886],[-79.85691,44.14018],[-79.85149,44.14141],[-79.84421,44.14302],[-79.84311,44.14325],[-79.8428,44.14293],[-79.84195,44.14278],[-79.841571,44.142784],[-79.8429,44.14317],[-79.84285,44.1433],[-79.84281,44.14334],[-79.84269,44.14339],[-79.83795,44.14444],[-79.83782,44.14442],[-79.83776,44.1444],[-79.83771,44.14436],[-79.83764,44.14425],[-79.83688,44.14149],[-79.83689,44.1405],[-79.83781,44.13827],[-79.83792,44.13735],[-79.8368,44.13273],[-79.83594,44.12941],[-79.83547,44.12858],[-79.83459,44.12746],[-79.83412,44.12624],[-79.83303,44.12167],[-79.83194,44.11715],[-79.83178,44.1162],[-79.83192,44.11525],[-79.83238,44.11372],[-79.83239,44.11275],[-79.83123,44.10822],[-79.83005,44.10368],[-79.82948,44.10169],[-79.82886,44.10082],[-79.82751,44.09956],[-79.82687,44.0987],[-79.82533,44.09309],[-79.82482,44.0922],[-79.82357,44.09081],[-79.82311,44.09001],[-79.82189,44.08551],[-79.82076,44.08092],[-79.82041,44.07926],[-79.82046,44.0774],[-79.81925,44.0728],[-79.81892,44.07156],[-79.81886,44.0715],[-79.8188,44.07148],[-79.81867,44.07147],[-79.81021,44.07331],[-79.80098,44.07532],[-79.79432,44.0768],[-79.78798,44.07817],[-79.785396,44.078682],[-79.78529,44.07873],[-79.78407,44.07901],[-79.7828,44.07929],[-79.782017,44.079416],[-79.78187,44.07951],[-79.77578,44.08088],[-79.76707,44.08278],[-79.76081,44.08413],[-79.75232,44.086],[-79.74617,44.08735],[-79.73829,44.08909],[-79.73235,44.0904],[-79.7253,44.09192],[-79.71641,44.09388],[-79.70705,44.09593],[-79.70087,44.09729],[-79.69465,44.09868],[-79.68716,44.10034],[-79.6811,44.10168],[-79.67934,44.10205],[-79.67917,44.10203],[-79.67911,44.10198],[-79.67908,44.10194],[-79.67795,44.09747],[-79.67677,44.09288],[-79.67592,44.08971],[-79.67575,44.08966],[-79.675048,44.089754],[-79.66527,44.09191],[-79.65804,44.09352],[-79.65195,44.09484],[-79.64586,44.09617],[-79.63958,44.09748],[-79.62972,44.09969],[-79.62169,44.10149],[-79.61211,44.10357],[-79.6042,44.10536],[-79.60224,44.1058],[-79.60202,44.10579],[-79.59843,44.106628],[-79.59732,44.1069],[-79.59597,44.1072],[-79.594472,44.107222],[-79.59428,44.10756],[-79.59305,44.10785],[-79.59183,44.10812],[-79.59057,44.1084],[-79.590278,44.108389],[-79.59019,44.10846],[-79.58895,44.10875],[-79.58766,44.10904],[-79.58646,44.10931],[-79.584917,44.109639],[-79.58325,44.11005],[-79.5818,44.1104],[-79.58033,44.11072],[-79.57889,44.11105],[-79.57744,44.1114],[-79.57598,44.11172],[-79.57455,44.11205],[-79.57318,44.11236],[-79.571293,44.112756],[-79.56975,44.11314],[-79.56839,44.11346],[-79.567306,44.113639],[-79.56703,44.11376],[-79.56577,44.11405],[-79.56452,44.11431],[-79.5645,44.114278],[-79.56416,44.11443],[-79.56287,44.11471],[-79.56162,44.115],[-79.561472,44.114972],[-79.56016,44.11532],[-79.55884,44.11562],[-79.55751,44.11583],[-79.55714,44.11584],[-79.55611,44.11567],[-79.55606,44.11568],[-79.55601,44.1157],[-79.55546,44.11628],[-79.55543,44.11634],[-79.55546,44.11641],[-79.55549,44.11645],[-79.555401,44.116502]]}},{"type":"Feature","properties":{"shape_id":"LINX:1004592","route_id":"LINX-3","route_short_name":"LINX 3","route_long_name":"Barrie-Orillia","route_color":"#339966","route_text_color":"#FFFFFF","agency_id":"simcoe-linx","agency_name":"Simcoe County LINX","source_route_id":"3"},"geometry":{"type":"LineString","coordinates":[[-79.459507,44.592199],[-79.45927,44.59208],[-79.45913,44.59207],[-79.45857,44.59231],[-79.45852,44.59239],[-79.4588,44.59276],[-79.45881,44.59283],[-79.45872,44.59293],[-79.45814,44.59317],[-79.45796,44.5932],[-79.45777,44.59319],[-79.45761,44.59315],[-79.45749,44.59309],[-79.45679,44.59229],[-79.45576,44.59215],[-79.45557,44.59208],[-79.45554,44.592],[-79.45561,44.59184],[-79.4556,44.59087],[-79.45529,44.59001],[-79.45292,44.58702],[-79.45278,44.58695],[-79.44908,44.58842],[-79.44769,44.58868],[-79.44339,44.59049],[-79.44171,44.59096],[-79.44009,44.59124],[-79.43529,44.59145],[-79.43057,44.59158],[-79.42479,44.59206],[-79.42467,44.59208],[-79.42457,44.59207],[-79.4245,44.59202],[-79.42448,44.59194],[-79.424635,44.590219],[-79.42465,44.589],[-79.4247,44.58792],[-79.42478,44.5868],[-79.42524,44.58566],[-79.42576,44.58464],[-79.42627,44.5836],[-79.42679,44.58274],[-79.42735,44.5822],[-79.42846,44.58162],[-79.42966,44.58115],[-79.43177,44.58026],[-79.43594,44.57848],[-79.43826,44.5775],[-79.43948,44.57699],[-79.44291,44.57471],[-79.44498,44.57325],[-79.4462,44.57232],[-79.44666,44.57182],[-79.44697,44.57116],[-79.44698,44.57025],[-79.44671,44.56959],[-79.446179,44.568913],[-79.44508,44.56766],[-79.44419,44.56654],[-79.44355,44.5657],[-79.44244,44.56471],[-79.44174,44.56383],[-79.44167,44.56371],[-79.44162,44.56366],[-79.44155,44.56363],[-79.4414,44.56362],[-79.44134,44.56364],[-79.44124,44.56371],[-79.44122,44.56376],[-79.44194,44.56475],[-79.44201,44.5663],[-79.44219,44.56759],[-79.442368,44.569444],[-79.44262,44.57059],[-79.44275,44.57153],[-79.44278,44.5718],[-79.44273,44.57191],[-79.44196,44.57223],[-79.44175,44.57226],[-79.44164,44.57224],[-79.44148,44.57213],[-79.44082,44.57131],[-79.44021,44.57047],[-79.43985,44.56955],[-79.43971,44.56858],[-79.4395,44.5684],[-79.43963,44.56813],[-79.43935,44.5672],[-79.43805,44.56548],[-79.43804,44.56537],[-79.4381,44.56527],[-79.43816,44.56522],[-79.44095,44.56382],[-79.44133,44.56369],[-79.44154,44.56368],[-79.44163,44.56372],[-79.44404,44.56637],[-79.44408,44.56643],[-79.44408,44.56654],[-79.44406,44.5666],[-79.44392,44.56669],[-79.44364,44.56679],[-79.44331,44.56685],[-79.44321,44.56685],[-79.44305,44.5668],[-79.44299,44.56675],[-79.44295,44.5667],[-79.44285,44.56563],[-79.44299,44.5646],[-79.44333,44.56357],[-79.44549,44.55935],[-79.44777,44.55494],[-79.44999,44.55048],[-79.45238,44.54632],[-79.45486,44.54206],[-79.45733,44.53785],[-79.45982,44.53354],[-79.46214,44.52918],[-79.46416,44.52482],[-79.46625,44.52033],[-79.46835,44.51586],[-79.47033,44.51162],[-79.47099,44.51046],[-79.4717,44.50959],[-79.47255,44.50879],[-79.47379,44.50794],[-79.4749,44.50737],[-79.48049,44.50501],[-79.48599,44.50269],[-79.49145,44.50037],[-79.49716,44.49793],[-79.4984,44.49729],[-79.50309,44.49437],[-79.50794,44.49134],[-79.51284,44.48829],[-79.51764,44.48539],[-79.52464,44.48237],[-79.53031,44.47997],[-79.53351,44.47864],[-79.53369,44.47859],[-79.53377,44.47858],[-79.53384,44.47859],[-79.53397,44.47865],[-79.53725,44.48253],[-79.53883,44.48439],[-79.53894,44.48447],[-79.53906,44.4845],[-79.53919,44.4845],[-79.5436,44.4826],[-79.54349,44.48248],[-79.5431,44.48277],[-79.5394,44.48437],[-79.53933,44.48439],[-79.5392,44.48446],[-79.53899,44.48447],[-79.53892,44.48445],[-79.53415,44.47873],[-79.53407,44.47858],[-79.53408,44.4785],[-79.53413,44.47843],[-79.53419,44.47838],[-79.54159,44.47516],[-79.54323,44.47454],[-79.54468,44.47419],[-79.54703,44.4738],[-79.54847,44.47342],[-79.55407,44.47102],[-79.5594,44.46867],[-79.5649,44.46622],[-79.57029,44.46386],[-79.57589,44.46152],[-79.58149,44.45924],[-79.58692,44.45688],[-79.5923,44.4545],[-79.59789,44.45209],[-79.60367,44.44983],[-79.60921,44.44769],[-79.6149,44.44536],[-79.62547,44.44126],[-79.63088,44.43902],[-79.63257,44.43843],[-79.63878,44.43717],[-79.64045,44.43664],[-79.64507,44.4344],[-79.64518,44.43436],[-79.64538,44.43433],[-79.64559,44.43434],[-79.6457,44.43436],[-79.64594,44.43454],[-79.64602,44.4347],[-79.64601,44.43486],[-79.64594,44.43502],[-79.64587,44.43509],[-79.64458,44.43571],[-79.64442,44.43576],[-79.64436,44.43577],[-79.64426,44.43573],[-79.64373,44.43508],[-79.64363,44.435],[-79.64359,44.4349],[-79.64301,44.4342],[-79.64205,44.43413],[-79.64052,44.43482],[-79.64039,44.43485],[-79.64029,44.43483],[-79.6404,44.43451],[-79.64061,44.4345],[-79.64074,44.43454],[-79.64088,44.43468],[-79.64096,44.43469],[-79.64201,44.43419],[-79.64212,44.43418],[-79.64223,44.43424],[-79.64233,44.43432],[-79.64242,44.43434],[-79.64255,44.43432],[-79.64265,44.43427],[-79.64273,44.43421],[-79.64277,44.43413],[-79.64269,44.43368],[-79.6433,44.43026],[-79.64393,44.42689],[-79.64452,44.42364],[-79.64518,44.42021],[-79.64599,44.41572],[-79.64606,44.41543],[-79.64615,44.41539],[-79.6462,44.41538],[-79.65244,44.41598],[-79.65701,44.41637],[-79.65888,44.41655],[-79.65894,44.41654],[-79.65905,44.41643],[-79.65935,44.41533],[-79.65943,44.41528],[-79.65952,44.41527],[-79.660687,44.415478],[-79.66081,44.41545],[-79.66222,44.41553],[-79.66247,44.41552],[-79.66273,44.41543],[-79.66288,44.41533],[-79.66299,44.41521],[-79.66323,44.41447],[-79.6633,44.41443],[-79.66337,44.41442],[-79.66487,44.41458],[-79.66544,44.41464],[-79.66568,44.41475],[-79.66574,44.4148],[-79.66578,44.41485],[-79.66593,44.41519],[-79.66601,44.41525],[-79.66607,44.41527],[-79.66622,44.41526],[-79.6675,44.41489],[-79.66875,44.41449],[-79.66885,44.4144],[-79.66901,44.41346],[-79.66898,44.41334],[-79.66913,44.41251],[-79.66919,44.41245],[-79.66928,44.41242],[-79.66936,44.41237],[-79.6694,44.41224],[-79.66937,44.41218],[-79.66928,44.41212],[-79.669214,44.412052]]}},{"type":"Feature","properties":{"shape_id":"LINX:1004644","route_id":"LINX-1","route_short_name":"LINX 1","route_long_name":"Barrie - Midland-Penetanguishene","route_color":"#FF7733","route_text_color":"#FFFFFF","agency_id":"simcoe-linx","agency_name":"Simcoe County LINX","source_route_id":"1"},"geometry":{"type":"LineString","coordinates":[[-79.933788,44.76703],[-79.93381,44.7671],[-79.93288,44.76751],[-79.9328,44.76751],[-79.93271,44.76746],[-79.93198,44.76668],[-79.93127,44.76591],[-79.93061,44.76515],[-79.92988,44.76433],[-79.92937,44.76375],[-79.92926,44.76372],[-79.9292,44.76372],[-79.92807,44.76422],[-79.927508,44.764573],[-79.92742,44.76476],[-79.92734,44.76481],[-79.92723,44.76481],[-79.92716,44.76466],[-79.92719,44.76463],[-79.92921,44.76374],[-79.92926,44.76366],[-79.92926,44.76361],[-79.92821,44.76199],[-79.92769,44.76094],[-79.92709,44.75877],[-79.92698,44.75713],[-79.92772,44.75218],[-79.92767,44.7511],[-79.92707,44.74954],[-79.92721,44.74924],[-79.92722,44.74913],[-79.92648,44.74802],[-79.92508,44.74662],[-79.92384,44.74577],[-79.91992,44.74353],[-79.91577,44.74114],[-79.91187,44.73885],[-79.90947,44.73746],[-79.90933,44.73743],[-79.90927,44.73744],[-79.90916,44.7375],[-79.90884,44.73779],[-79.90881,44.73789],[-79.90883,44.73794],[-79.909459,44.738409],[-79.91038,44.73895],[-79.91047,44.73906],[-79.91057,44.73908],[-79.91066,44.73907],[-79.91126,44.73859],[-79.91125,44.73851],[-79.90573,44.73519],[-79.90493,44.73445],[-79.90231,44.72891],[-79.90036,44.72453],[-79.89843,44.72014],[-79.89591,44.71469],[-79.89177,44.70672],[-79.88939,44.70236],[-79.88722,44.69802],[-79.88667,44.69704],[-79.88591,44.69633],[-79.88335,44.69468],[-79.882954,44.694311],[-79.8825,44.69413],[-79.87788,44.69113],[-79.8768,44.69043],[-79.87598,44.68959],[-79.87569,44.68869],[-79.87683,44.68314],[-79.87729,44.6809],[-79.87719,44.67996],[-79.87674,44.67906],[-79.87596,44.67827],[-79.8749,44.67765],[-79.86741,44.67555],[-79.86117,44.67392],[-79.85513,44.67229],[-79.8492,44.6702],[-79.84805,44.66964],[-79.84708,44.6689],[-79.84362,44.66493],[-79.84034,44.6611],[-79.8374,44.65777],[-79.83637,44.65693],[-79.83519,44.65621],[-79.82969,44.65406],[-79.82849,44.65352],[-79.82745,44.65281],[-79.82645,44.65179],[-79.82587,44.65085],[-79.82546,44.64947],[-79.82476,44.64489],[-79.824633,44.643518],[-79.82432,44.64272],[-79.82355,44.64166],[-79.82344,44.64145],[-79.82344,44.64125],[-79.82349,44.64116],[-79.82369,44.64099],[-79.82897,44.63852],[-79.83435,44.63618],[-79.8398,44.63376],[-79.84533,44.63129],[-79.85094,44.62882],[-79.85625,44.62642],[-79.86163,44.62401],[-79.86735,44.62145],[-79.87281,44.61901],[-79.87832,44.61655],[-79.88397,44.61402],[-79.88694,44.61266],[-79.88767,44.61211],[-79.88819,44.61125],[-79.88827,44.61032],[-79.88801,44.6096],[-79.88463,44.60566],[-79.88134,44.60181],[-79.87833,44.59768],[-79.87491,44.59375],[-79.86913,44.58692],[-79.866009,44.583261],[-79.86122,44.5781],[-79.85774,44.5743],[-79.85427,44.5704],[-79.85088,44.56661],[-79.84746,44.5626],[-79.84439,44.55837],[-79.84101,44.55446],[-79.83752,44.55055],[-79.83403,44.5466],[-79.83061,44.5426],[-79.82716,44.53885],[-79.82287,44.53548],[-79.82057,44.53356],[-79.81707,44.52962],[-79.81605,44.52836],[-79.81549,44.52735],[-79.81402,44.52281],[-79.81305,44.52104],[-79.81145,44.519],[-79.80759,44.51521],[-79.80404,44.51145],[-79.8006,44.50755],[-79.79893,44.50575],[-79.79734,44.50443],[-79.79265,44.50121],[-79.7879,44.49797],[-79.78614,44.49667],[-79.78325,44.49393],[-79.77977,44.48991],[-79.77636,44.48601],[-79.77302,44.4821],[-79.76958,44.47807],[-79.76617,44.47408],[-79.76282,44.47017],[-79.7594,44.46618],[-79.75786,44.46443],[-79.75523,44.46205],[-79.7509,44.45882],[-79.74522,44.45247],[-79.7419,44.44856],[-79.73856,44.44468],[-79.73525,44.44084],[-79.7327,44.43809],[-79.73259,44.43802],[-79.73252,44.43801],[-79.73239,44.43806],[-79.73201,44.4385],[-79.731729,44.439654],[-79.73173,44.43996],[-79.73093,44.44185],[-79.73032,44.44348],[-79.73013,44.44436],[-79.73015,44.44506],[-79.73,44.44519],[-79.72941,44.44494],[-79.7292,44.44492],[-79.72909,44.44493],[-79.72649,44.44594],[-79.72446,44.44675],[-79.72374,44.44711],[-79.72361,44.44715],[-79.72354,44.44713],[-79.72346,44.44707],[-79.72223,44.44564],[-79.72097,44.44419],[-79.71972,44.44275],[-79.719676,44.442625],[-79.71504,44.43736],[-79.71229,44.43424],[-79.70968,44.43226],[-79.70921,44.432],[-79.70799,44.43175],[-79.70655,44.43155],[-79.7062,44.43145],[-79.70589,44.43129],[-79.70261,44.42755],[-79.69943,44.42383],[-79.69538,44.41904],[-79.69217,44.41534],[-79.68895,44.41159],[-79.68886,44.41156],[-79.68881,44.41156],[-79.683172,44.413935],[-79.68303,44.41404],[-79.68078,44.41507],[-79.67809,44.41623],[-79.67695,44.41647],[-79.67475,44.4163],[-79.67397,44.41605],[-79.67345,44.4157],[-79.67307,44.41525],[-79.67295,44.415],[-79.67299,44.41392],[-79.67335,44.41235],[-79.67333,44.41224],[-79.6733,44.4122],[-79.67267,44.41214],[-79.67243,44.41216],[-79.67196,44.41232],[-79.6709,44.41362],[-79.6706,44.41384],[-79.67034,44.41396],[-79.66904,44.4143],[-79.66895,44.41429],[-79.66886,44.41423],[-79.66883,44.41418],[-79.66912,44.4125],[-79.66934,44.41236],[-79.66941,44.41229],[-79.66943,44.41221],[-79.6694,44.41213],[-79.66926,44.41208],[-79.669214,44.412052],[-79.66892,44.41242],[-79.66899,44.41247],[-79.66902,44.41251],[-79.66903,44.41256],[-79.66884,44.4134],[-79.66876,44.41348],[-79.66873,44.41353],[-79.66865,44.41423],[-79.6687,44.41442],[-79.66868,44.41446],[-79.66863,44.4145],[-79.66706,44.41494],[-79.66545,44.41539],[-79.66388,44.41578],[-79.66224,44.41612],[-79.66061,44.41647],[-79.65988,44.41657],[-79.65914,44.41652],[-79.65906,44.41645],[-79.65904,44.41636],[-79.65924,44.41536],[-79.65931,44.41528],[-79.65938,44.41527],[-79.660687,44.415478]]}},{"type":"Feature","properties":{"shape_id":"GO:447335","route_id":"GO-BUS","route_short_name":"GO BUS","route_long_name":"Barrie / Newmarket","route_color":"#003767","route_text_color":"#FFFFFF","route_mode":"bus","agency_id":"go-transit","agency_name":"GO Transit","source_route_id":"09261126-68"},"geometry":{"type":"LineString","coordinates":[[-79.61277083760453,44.05647],[-79.614255,44.058192],[-79.615086,44.059157],[-79.619063,44.06375],[-79.620665,44.0656],[-79.621043,44.066052],[-79.621318,44.066398],[-79.621592,44.066763],[-79.621848,44.067137],[-79.622083,44.067512],[-79.622316,44.06788],[-79.62252,44.068254],[-79.622713,44.068634],[-79.622902,44.069015],[-79.623074,44.069398],[-79.623234,44.069805],[-79.623399,44.070267],[-79.623578,44.070841],[-79.623634,44.071051],[-79.623804,44.071681],[-79.624023,44.072523],[-79.624464,44.074196],[-79.624589,44.074711],[-79.624676,44.075069],[-79.624775,44.075475],[-79.625286,44.077574],[-79.625434,44.078128],[-79.625625,44.078896],[-79.625705,44.079237],[-79.625774,44.079486],[-79.625865,44.079815],[-79.625972,44.080274],[-79.626049,44.080591],[-79.626178,44.081088],[-79.626374,44.081874],[-79.626469,44.082357],[-79.626705,44.083222],[-79.626867,44.083944],[-79.627005,44.084465],[-79.627284,44.08563],[-79.627664,44.087188],[-79.628106,44.088976],[-79.628334,44.089872],[-79.628888,44.092057],[-79.629299,44.093692],[-79.629528,44.09468],[-79.629617,44.095021],[-79.629708,44.095398],[-79.629761,44.095646],[-79.629887,44.096156],[-79.630002,44.096598],[-79.630105,44.097098],[-79.630301,44.097862],[-79.630406,44.098281],[-79.630488,44.098637],[-79.630522,44.09875],[-79.630574,44.098947],[-79.630612,44.099102],[-79.630688,44.099433],[-79.630709,44.099508],[-79.631248,44.101684],[-79.631295,44.101865],[-79.631787,44.10385],[-79.631938,44.104453],[-79.632189,44.105473],[-79.632587,44.107108],[-79.632687,44.107547],[-79.632806,44.107982],[-79.63298,44.108676],[-79.633388,44.110324],[-79.633694,44.111579],[-79.633721,44.111701],[-79.633796,44.112046],[-79.634102,44.113264],[-79.634457,44.114732],[-79.634568,44.115167],[-79.634663,44.115604],[-79.634885,44.116461],[-79.635103,44.117317],[-79.635346,44.118261],[-79.63538,44.118388],[-79.636726,44.123834],[-79.636772,44.124029],[-79.636862,44.124382],[-79.638965,44.132902],[-79.64007,44.137363],[-79.640245,44.13808],[-79.641012,44.141162],[-79.641379,44.142664],[-79.641573,44.143447],[-79.641712,44.14405],[-79.64183,44.144641],[-79.64193,44.145232],[-79.642016,44.145843],[-79.642091,44.146509],[-79.642155,44.147253],[-79.64226,44.148722],[-79.642303,44.149357],[-79.642636,44.153985],[-79.642992,44.158876],[-79.643193,44.161745],[-79.643333,44.163769],[-79.64366,44.168382],[-79.644035,44.173551],[-79.64407,44.173964],[-79.644107,44.174604],[-79.644154,44.17555],[-79.644191,44.176108],[-79.644218,44.176589],[-79.644245,44.176994],[-79.644308,44.17768],[-79.64439,44.178295],[-79.644503,44.179041],[-79.644611,44.179618],[-79.644785,44.180404],[-79.644859,44.180692],[-79.645067,44.1815],[-79.645133,44.181716],[-79.645262,44.182171],[-79.645393,44.182527],[-79.64563,44.183193],[-79.645895,44.183893],[-79.646131,44.184467],[-79.646266,44.184779],[-79.646515,44.185323],[-79.646784,44.185863],[-79.647064,44.186396],[-79.647371,44.186964],[-79.647754,44.187644],[-79.648337,44.18869],[-79.650894,44.19341],[-79.651333,44.194192],[-79.651688,44.194882],[-79.652025,44.195492],[-79.652323,44.196045],[-79.652341,44.196073],[-79.652494,44.196364],[-79.653664,44.19854],[-79.654378,44.199853],[-79.654646,44.200341],[-79.654692,44.200418],[-79.654936,44.200873],[-79.655898,44.202655],[-79.656021,44.202893],[-79.656089,44.203014],[-79.65637,44.203519],[-79.656925,44.204562],[-79.657175,44.205005],[-79.657683,44.205953],[-79.657879,44.206307],[-79.658443,44.207428],[-79.658617,44.207812],[-79.658804,44.20824],[-79.659163,44.209103],[-79.659333,44.209556],[-79.659549,44.210193],[-79.659745,44.210821],[-79.659787,44.210961],[-79.660021,44.211775],[-79.660182,44.2124],[-79.660536,44.213748],[-79.660569,44.213859],[-79.660959,44.215315],[-79.661531,44.217473],[-79.662347,44.220565],[-79.664204,44.227528],[-79.664433,44.228363],[-79.664547,44.22882],[-79.664685,44.229334],[-79.664976,44.23044],[-79.665561,44.232596],[-79.666703,44.236912],[-79.667,44.23804],[-79.667791,44.241009],[-79.668361,44.243134],[-79.668996,44.245508],[-79.670249,44.25021],[-79.67143,44.254648],[-79.672283,44.25782],[-79.673124,44.26098],[-79.673557,44.262581],[-79.673967,44.264168],[-79.674827,44.26734],[-79.675868,44.271251],[-79.677334,44.276773],[-79.677894,44.27886],[-79.67848,44.28104],[-79.678619,44.281548],[-79.679222,44.283799],[-79.679448,44.284652],[-79.679549,44.284972],[-79.679571,44.285083],[-79.679706,44.285605],[-79.680004,44.286735],[-79.680326,44.287934],[-79.680502,44.288597],[-79.680851,44.289895],[-79.682072,44.294448],[-79.682436,44.295825],[-79.682906,44.297569],[-79.683518,44.299884],[-79.683661,44.300474],[-79.683739,44.300928],[-79.683802,44.301371],[-79.683845,44.301817],[-79.68387,44.302261],[-79.683877,44.302725],[-79.683863,44.303288],[-79.683849,44.303558],[-79.683785,44.304758],[-79.68368,44.306539],[-79.683493,44.309759],[-79.68343,44.310729],[-79.683373,44.311924],[-79.683227,44.314311],[-79.683168,44.315507],[-79.6831,44.316701],[-79.682958,44.319089],[-79.682785,44.322361],[-79.682716,44.323325],[-79.682688,44.323986],[-79.682629,44.325068],[-79.68261,44.325578],[-79.682618,44.326046],[-79.682651,44.326722],[-79.682679,44.326993],[-79.68281,44.327844],[-79.682887,44.328227],[-79.682958,44.328526],[-79.68312,44.329172],[-79.683185,44.329404],[-79.683356,44.330119],[-79.683364,44.330408],[-79.683444,44.330789],[-79.68351,44.331076],[-79.683631,44.331811],[-79.68369,44.33219],[-79.683754,44.33254],[-79.683774,44.3329],[-79.683761,44.333424],[-79.683762,44.333737],[-79.683754,44.333832],[-79.683694,44.334654],[-79.683661,44.335188],[-79.683659,44.335357],[-79.683659,44.335474],[-79.68368,44.33557],[-79.683244,44.335677],[-79.682911,44.335759],[-79.682607,44.335834],[-79.682205,44.33593],[-79.682111,44.335952],[-79.681707,44.33605],[-79.681378,44.336129],[-79.680829,44.336253],[-79.680599,44.336304],[-79.680224,44.336386],[-79.679974,44.336438],[-79.679835,44.336469],[-79.679547,44.336533],[-79.678791,44.336706],[-79.678223,44.336815],[-79.678182,44.33683],[-79.678031,44.336938],[-79.677723,44.337006],[-79.677457,44.337065],[-79.676983,44.337179],[-79.676724,44.33724],[-79.676496,44.337294],[-79.675501,44.337523],[-79.67533,44.337562],[-79.674911,44.337643],[-79.674618,44.3377],[-79.67211,44.338306],[-79.671557,44.338439],[-79.670512,44.33868],[-79.669814,44.33884],[-79.669488,44.338921],[-79.669336,44.338956],[-79.667538,44.339371],[-79.666667,44.339575],[-79.664445,44.340099],[-79.664266,44.340141],[-79.663098,44.340417],[-79.662836,44.340475],[-79.662287,44.340598],[-79.66194,44.340671],[-79.661006,44.340881],[-79.660798,44.34093],[-79.660499,44.340999],[-79.659982,44.341117],[-79.658771,44.341392],[-79.657999,44.341563],[-79.657347,44.3417],[-79.656573,44.341879],[-79.656158,44.341973],[-79.655631,44.34209],[-79.654946,44.342247],[-79.654529,44.342338],[-79.653455,44.342561],[-79.653037,44.342662],[-79.651519,44.342995],[-79.651103,44.343102],[-79.650392,44.343263],[-79.648196,44.343771],[-79.647577,44.343909],[-79.646627,44.344124],[-79.644814,44.344529],[-79.643537,44.344816],[-79.642903,44.344962],[-79.642534,44.345041],[-79.640653,44.345453],[-79.637054,44.346283],[-79.636833,44.346327],[-79.636537,44.346396],[-79.635476,44.346632],[-79.633986,44.346956],[-79.632811,44.347227],[-79.632375,44.347326],[-79.631706,44.347483],[-79.630224,44.34781],[-79.629631,44.347937],[-79.628568,44.34818],[-79.62822,44.348268],[-79.62798,44.348328],[-79.627381,44.348472],[-79.627703,44.3488],[-79.627867,44.348951],[-79.627982,44.349055],[-79.628092,44.34915],[-79.628234,44.349269],[-79.628374,44.34938],[-79.628518,44.349496],[-79.628782,44.349696],[-79.629017,44.349861],[-79.629307,44.350043],[-79.629506,44.350169],[-79.629758,44.350309],[-79.629954,44.350415],[-79.630077,44.350477],[-79.629942,44.350653],[-79.629529,44.351229],[-79.629496,44.351278],[-79.629464,44.351292],[-79.629427,44.351286],[-79.629118,44.351196],[-79.628901,44.351119],[-79.628706,44.351049],[-79.628651,44.35103],[-79.628509,44.350979],[-79.628452,44.350959],[-79.628314,44.350909],[-79.628029,44.3513],[-79.628026,44.351334],[-79.628044,44.351365],[-79.62806,44.351382],[-79.627851,44.351489],[-79.627851,44.351489],[-79.627851,44.351489],[-79.627851,44.351489],[-79.62806,44.351382],[-79.628077,44.351398],[-79.628179,44.351467],[-79.628342,44.351577],[-79.628515,44.351694],[-79.628678,44.351805],[-79.628764,44.35186],[-79.628795,44.351868],[-79.628847,44.351872],[-79.62888,44.351861],[-79.628915,44.351823],[-79.629137,44.351526],[-79.62921,44.35141],[-79.629205,44.351377],[-79.629184,44.351355],[-79.629044,44.351296],[-79.629118,44.351196],[-79.629427,44.351286],[-79.629464,44.351292],[-79.629496,44.351278],[-79.629529,44.351229],[-79.629942,44.350653],[-79.630077,44.350477],[-79.630297,44.350578],[-79.630559,44.350702],[-79.630617,44.35073],[-79.630835,44.350827],[-79.631043,44.350914],[-79.631072,44.350925],[-79.631385,44.351046],[-79.632153,44.351323],[-79.632294,44.351374],[-79.632443,44.351427],[-79.632729,44.35153],[-79.632903,44.351593],[-79.632838,44.351687],[-79.632838,44.351687],[-79.632838,44.351687],[-79.632838,44.351687],[-79.632903,44.351593],[-79.6331,44.351663],[-79.633735,44.351891],[-79.635062,44.352372],[-79.635265,44.352445],[-79.635416,44.3525],[-79.635561,44.352552],[-79.635826,44.352648],[-79.635892,44.352672],[-79.635837,44.352749],[-79.635837,44.352749],[-79.635837,44.352749],[-79.635837,44.352749],[-79.635892,44.352672],[-79.635986,44.352706],[-79.636211,44.352788],[-79.637298,44.353175],[-79.637935,44.353401],[-79.638246,44.353511],[-79.638601,44.353638],[-79.639401,44.353922],[-79.640303,44.354242],[-79.64101,44.354493],[-79.641124,44.354533],[-79.641064,44.354621],[-79.641064,44.354621],[-79.641064,44.354621],[-79.641064,44.354621],[-79.641124,44.354533],[-79.641488,44.354663],[-79.64178,44.354763],[-79.641979,44.354832],[-79.642148,44.35489],[-79.64289,44.355141],[-79.643037,44.355194],[-79.643801,44.355467],[-79.644856,44.35585],[-79.646495,44.356443],[-79.646826,44.356562],[-79.646738,44.356687],[-79.646738,44.356687],[-79.646738,44.356687],[-79.646738,44.356687],[-79.646826,44.356562],[-79.646877,44.35658],[-79.647033,44.356636],[-79.64717,44.356686],[-79.647278,44.356723],[-79.647509,44.356811],[-79.648153,44.357053],[-79.64857,44.357223],[-79.648793,44.35732],[-79.64909,44.357439],[-79.649383,44.357572],[-79.649763,44.357745],[-79.6503,44.358003],[-79.650366,44.358034],[-79.650554,44.358126],[-79.65069,44.35819],[-79.651034,44.35836],[-79.651508,44.358591],[-79.651695,44.358686],[-79.652391,44.359029],[-79.65326,44.359458],[-79.653447,44.359555],[-79.653653,44.359662],[-79.653771,44.359719],[-79.65426,44.359997],[-79.654658,44.360227],[-79.654856,44.36035],[-79.654955,44.360409],[-79.655199,44.360562],[-79.65532,44.360643],[-79.655448,44.360734],[-79.655554,44.360812],[-79.655677,44.36091],[-79.656863,44.361852],[-79.657454,44.36234],[-79.65821,44.362932],[-79.659059,44.363625],[-79.660256,44.364576],[-79.661237,44.365376],[-79.66137,44.365487],[-79.661944,44.365944],[-79.662224,44.366168],[-79.662496,44.366378],[-79.662546,44.366417],[-79.662464,44.366469],[-79.662464,44.366469],[-79.662464,44.366469],[-79.662464,44.366469],[-79.662546,44.366417],[-79.66283,44.366646],[-79.662941,44.366711],[-79.663247,44.366922],[-79.66336,44.36699],[-79.663451,44.367045],[-79.66358,44.36713],[-79.663988,44.367383],[-79.665483,44.36831],[-79.666477,44.368924],[-79.666611,44.369007],[-79.667556,44.369602],[-79.667629,44.369644],[-79.667751,44.36971],[-79.667881,44.36977],[-79.667945,44.369794],[-79.667995,44.369811],[-79.66802,44.369817],[-79.668102,44.369837],[-79.668183,44.369859],[-79.668389,44.369921],[-79.668757,44.370017],[-79.669248,44.370119],[-79.6695,44.37017],[-79.669655,44.370203],[-79.669718,44.370216],[-79.669986,44.370287],[-79.670442,44.370388],[-79.670677,44.370433],[-79.67115,44.370517],[-79.671483,44.370564],[-79.671858,44.370599],[-79.672358,44.370633],[-79.672773,44.370653],[-79.672991,44.370661],[-79.673159,44.370668],[-79.673473,44.370705],[-79.673657,44.370735],[-79.673901,44.370786],[-79.674204,44.370856],[-79.674926,44.371055],[-79.675226,44.371134],[-79.675434,44.371188],[-79.676159,44.371378],[-79.676258,44.371401],[-79.676452,44.371445],[-79.676771,44.371508],[-79.677092,44.37156],[-79.677419,44.371601],[-79.677622,44.371617],[-79.677887,44.371635],[-79.67822,44.371651],[-79.67843,44.371651],[-79.6788,44.371643],[-79.6792,44.371618],[-79.679536,44.371585],[-79.680212,44.371531],[-79.680897,44.371475],[-79.682009,44.371372],[-79.682378,44.371345],[-79.683034,44.371288],[-79.683721,44.371231],[-79.684387,44.371175],[-79.684737,44.371146],[-79.685057,44.371116],[-79.68534,44.371091],[-79.685706,44.371063],[-79.685822,44.371059],[-79.685943,44.371067],[-79.686004,44.371072],[-79.686495,44.371131],[-79.686925,44.371178],[-79.687939,44.371297],[-79.688029,44.371305],[-79.689254,44.371444],[-79.690526,44.371588],[-79.690509,44.371667],[-79.690509,44.371667],[-79.690509,44.371667],[-79.690509,44.371667],[-79.690526,44.371588],[-79.690571,44.371593],[-79.69069,44.371605],[-79.69074,44.371617],[-79.690898,44.37166],[-79.690944,44.371676],[-79.691123,44.37174],[-79.691378,44.371842],[-79.691494,44.371888],[-79.691743,44.371983],[-79.692066,44.37212],[-79.69189,44.372362],[-79.691529,44.372873],[-79.69089,44.373693],[-79.690787,44.373837],[-79.690699,44.373964],[-79.690628,44.374075],[-79.69059,44.374123],[-79.690437,44.374363],[-79.690378,44.374471],[-79.690309,44.374663],[-79.690054,44.374719],[-79.689807,44.374787],[-79.689568,44.374852],[-79.689493,44.374868],[-79.689372,44.37484],[-79.689282,44.374845],[-79.68919,44.374863],[-79.68908,44.374877],[-79.688986,44.37488],[-79.688761,44.37489],[-79.688766,44.374782],[-79.688829,44.374558],[-79.688847,44.374441],[-79.688868,44.374306],[-79.689273,44.374353],[-79.68926,44.374408],[-79.68926,44.374408]]}},{"type":"Feature","properties":{"shape_id":"GO:447336","route_id":"GO-BUS","route_short_name":"GO BUS","route_long_name":"Barrie / Newmarket","route_color":"#003767","route_text_color":"#FFFFFF","route_mode":"bus","agency_id":"go-transit","agency_name":"GO Transit","source_route_id":"09261126-68"},"geometry":{"type":"LineString","coordinates":[[-79.68926,44.374408],[-79.68926,44.374408],[-79.689273,44.374353],[-79.689707,44.374403],[-79.689787,44.374372],[-79.68985,44.374176],[-79.68979,44.37411],[-79.688914,44.374017],[-79.688871,44.374283],[-79.688868,44.374306],[-79.688847,44.374441],[-79.688829,44.374558],[-79.688766,44.374782],[-79.688761,44.37489],[-79.688657,44.374888],[-79.688708,44.374989],[-79.688812,44.374995],[-79.688971,44.374999],[-79.689225,44.374973],[-79.689317,44.374961],[-79.68936,44.374953],[-79.689381,44.374943],[-79.689397,44.374932],[-79.689493,44.374868],[-79.689568,44.374852],[-79.689807,44.374787],[-79.690054,44.374719],[-79.690309,44.374663],[-79.690378,44.374471],[-79.690437,44.374363],[-79.69059,44.374123],[-79.690628,44.374075],[-79.690699,44.373964],[-79.690787,44.373837],[-79.69089,44.373693],[-79.691529,44.372873],[-79.69189,44.372362],[-79.692066,44.37212],[-79.691743,44.371983],[-79.691494,44.371888],[-79.691378,44.371842],[-79.691123,44.37174],[-79.690944,44.371676],[-79.690898,44.37166],[-79.69074,44.371617],[-79.69069,44.371605],[-79.690571,44.371593],[-79.690526,44.371588],[-79.690534,44.371548],[-79.690534,44.371548],[-79.690534,44.371548],[-79.690534,44.371548],[-79.690526,44.371588],[-79.689254,44.371444],[-79.688029,44.371305],[-79.687939,44.371297],[-79.686925,44.371178],[-79.686495,44.371131],[-79.686004,44.371072],[-79.685943,44.371067],[-79.685822,44.371059],[-79.685706,44.371063],[-79.68534,44.371091],[-79.685057,44.371116],[-79.684737,44.371146],[-79.684387,44.371175],[-79.684376,44.371175],[-79.684373,44.371153],[-79.684373,44.371153],[-79.684373,44.371153],[-79.684373,44.371153],[-79.684376,44.371175],[-79.683721,44.371231],[-79.683034,44.371288],[-79.682378,44.371345],[-79.682009,44.371372],[-79.680897,44.371475],[-79.680212,44.371531],[-79.679536,44.371585],[-79.6792,44.371618],[-79.6788,44.371643],[-79.67843,44.371651],[-79.67822,44.371651],[-79.677887,44.371635],[-79.677622,44.371617],[-79.677419,44.371601],[-79.677092,44.37156],[-79.676771,44.371508],[-79.676452,44.371445],[-79.676258,44.371401],[-79.676159,44.371378],[-79.675434,44.371188],[-79.675226,44.371134],[-79.674926,44.371055],[-79.674204,44.370856],[-79.673901,44.370786],[-79.673657,44.370735],[-79.673473,44.370705],[-79.673159,44.370668],[-79.672991,44.370661],[-79.672773,44.370653],[-79.672358,44.370633],[-79.671858,44.370599],[-79.671483,44.370564],[-79.67115,44.370517],[-79.670677,44.370433],[-79.670442,44.370388],[-79.669986,44.370287],[-79.669718,44.370216],[-79.669655,44.370203],[-79.6695,44.37017],[-79.669248,44.370119],[-79.668757,44.370017],[-79.668389,44.369921],[-79.668183,44.369859],[-79.668102,44.369837],[-79.66802,44.369817],[-79.667995,44.369811],[-79.667945,44.369794],[-79.667881,44.36977],[-79.667751,44.36971],[-79.667629,44.369644],[-79.667556,44.369602],[-79.666611,44.369007],[-79.666477,44.368924],[-79.665483,44.36831],[-79.663988,44.367383],[-79.66358,44.36713],[-79.663451,44.367045],[-79.66336,44.36699],[-79.663247,44.366922],[-79.662941,44.366711],[-79.66283,44.366646],[-79.662508,44.366386],[-79.662611,44.36632],[-79.662611,44.36632],[-79.662611,44.36632],[-79.662611,44.36632],[-79.662508,44.366386],[-79.662496,44.366378],[-79.662224,44.366168],[-79.661944,44.365944],[-79.66137,44.365487],[-79.661237,44.365376],[-79.660256,44.364576],[-79.659059,44.363625],[-79.65821,44.362932],[-79.657454,44.36234],[-79.656863,44.361852],[-79.655677,44.36091],[-79.655554,44.360812],[-79.655448,44.360734],[-79.65532,44.360643],[-79.655199,44.360562],[-79.654955,44.360409],[-79.654856,44.36035],[-79.654658,44.360227],[-79.65426,44.359997],[-79.653771,44.359719],[-79.653653,44.359662],[-79.653447,44.359555],[-79.65326,44.359458],[-79.652391,44.359029],[-79.651695,44.358686],[-79.651508,44.358591],[-79.651034,44.35836],[-79.65069,44.35819],[-79.650554,44.358126],[-79.650366,44.358034],[-79.6503,44.358003],[-79.649763,44.357745],[-79.649383,44.357572],[-79.64909,44.357439],[-79.648793,44.35732],[-79.64857,44.357223],[-79.648153,44.357053],[-79.647509,44.356811],[-79.647278,44.356723],[-79.64717,44.356686],[-79.647033,44.356636],[-79.646963,44.356611],[-79.64702,44.356528],[-79.64702,44.356528],[-79.64702,44.356528],[-79.64702,44.356528],[-79.646963,44.356611],[-79.646877,44.35658],[-79.646495,44.356443],[-79.644856,44.35585],[-79.643801,44.355467],[-79.643037,44.355194],[-79.64289,44.355141],[-79.642148,44.35489],[-79.641979,44.354832],[-79.641816,44.354775],[-79.641865,44.354702],[-79.641865,44.354702],[-79.641865,44.354702],[-79.641865,44.354702],[-79.641816,44.354775],[-79.64178,44.354763],[-79.641488,44.354663],[-79.64101,44.354493],[-79.640303,44.354242],[-79.639401,44.353922],[-79.638601,44.353638],[-79.638246,44.353511],[-79.637935,44.353401],[-79.637298,44.353175],[-79.636521,44.352898],[-79.636576,44.352821],[-79.636576,44.352821],[-79.636576,44.352821],[-79.636576,44.352821],[-79.636521,44.352898],[-79.636211,44.352788],[-79.635986,44.352706],[-79.635826,44.352648],[-79.635561,44.352552],[-79.635416,44.3525],[-79.635265,44.352445],[-79.635062,44.352372],[-79.633735,44.351891],[-79.633464,44.351794],[-79.633515,44.351722],[-79.633515,44.351722],[-79.633515,44.351722],[-79.633515,44.351722],[-79.633464,44.351794],[-79.6331,44.351663],[-79.632729,44.35153],[-79.632443,44.351427],[-79.632294,44.351374],[-79.632153,44.351323],[-79.631385,44.351046],[-79.631072,44.350925],[-79.631043,44.350914],[-79.630835,44.350827],[-79.630617,44.35073],[-79.630559,44.350702],[-79.630297,44.350578],[-79.630077,44.350477],[-79.629942,44.350653],[-79.629529,44.351229],[-79.629496,44.351278],[-79.629464,44.351292],[-79.629427,44.351286],[-79.629118,44.351196],[-79.628901,44.351119],[-79.628706,44.351049],[-79.628651,44.35103],[-79.628509,44.350979],[-79.628452,44.350959],[-79.628314,44.350909],[-79.628029,44.3513],[-79.628026,44.351334],[-79.628044,44.351365],[-79.62806,44.351382],[-79.627851,44.351489],[-79.627851,44.351489],[-79.627851,44.351489],[-79.627851,44.351489],[-79.62806,44.351382],[-79.628077,44.351398],[-79.628179,44.351467],[-79.628342,44.351577],[-79.628515,44.351694],[-79.628678,44.351805],[-79.628764,44.35186],[-79.628795,44.351868],[-79.628847,44.351872],[-79.62888,44.351861],[-79.628915,44.351823],[-79.629137,44.351526],[-79.62921,44.35141],[-79.629205,44.351377],[-79.629184,44.351355],[-79.629044,44.351296],[-79.629118,44.351196],[-79.629427,44.351286],[-79.629464,44.351292],[-79.629496,44.351278],[-79.629529,44.351229],[-79.629942,44.350653],[-79.630077,44.350477],[-79.629954,44.350415],[-79.629758,44.350309],[-79.629506,44.350169],[-79.629307,44.350043],[-79.629017,44.349861],[-79.628782,44.349696],[-79.628518,44.349496],[-79.628374,44.34938],[-79.628234,44.349269],[-79.628092,44.34915],[-79.627982,44.349055],[-79.627867,44.348951],[-79.627703,44.3488],[-79.627588,44.348682],[-79.627715,44.348618],[-79.627715,44.348618],[-79.627715,44.348618],[-79.627715,44.348618],[-79.627588,44.348682],[-79.627381,44.348472],[-79.62798,44.348328],[-79.62822,44.348268],[-79.628568,44.34818],[-79.629631,44.347937],[-79.630224,44.34781],[-79.631706,44.347483],[-79.632375,44.347326],[-79.632811,44.347227],[-79.633986,44.346956],[-79.635476,44.346632],[-79.636537,44.346396],[-79.636833,44.346327],[-79.637054,44.346283],[-79.640653,44.345453],[-79.642534,44.345041],[-79.642903,44.344962],[-79.643537,44.344816],[-79.644814,44.344529],[-79.646627,44.344124],[-79.647577,44.343909],[-79.648196,44.343771],[-79.650392,44.343263],[-79.651103,44.343102],[-79.651519,44.342995],[-79.653037,44.342662],[-79.653455,44.342561],[-79.654529,44.342338],[-79.654946,44.342247],[-79.655631,44.34209],[-79.656158,44.341973],[-79.656573,44.341879],[-79.657347,44.3417],[-79.657999,44.341563],[-79.658771,44.341392],[-79.659982,44.341117],[-79.660499,44.340999],[-79.660798,44.34093],[-79.661006,44.340881],[-79.66194,44.340671],[-79.662287,44.340598],[-79.662836,44.340475],[-79.663098,44.340417],[-79.664266,44.340141],[-79.664445,44.340099],[-79.666667,44.339575],[-79.667538,44.339371],[-79.669336,44.338956],[-79.669488,44.338921],[-79.669814,44.33884],[-79.670512,44.33868],[-79.671557,44.338439],[-79.67211,44.338306],[-79.674618,44.3377],[-79.674911,44.337643],[-79.67533,44.337562],[-79.675501,44.337523],[-79.676496,44.337294],[-79.676724,44.33724],[-79.676983,44.337179],[-79.677457,44.337065],[-79.677723,44.337006],[-79.678031,44.336938],[-79.678218,44.336973],[-79.678254,44.336967],[-79.678821,44.336838],[-79.679642,44.336662],[-79.679981,44.33659],[-79.68031,44.336515],[-79.680656,44.336442],[-79.680881,44.336392],[-79.681569,44.336238],[-79.682353,44.336061],[-79.683397,44.335826],[-79.683751,44.335747],[-79.68403,44.335669],[-79.684655,44.335517],[-79.684753,44.335491],[-79.684877,44.33546],[-79.685166,44.335399],[-79.686016,44.335216],[-79.685938,44.335047],[-79.685888,44.334923],[-79.685817,44.334806],[-79.685618,44.334604],[-79.685173,44.334014],[-79.685032,44.333829],[-79.684817,44.333488],[-79.684691,44.333244],[-79.684294,44.332316],[-79.683919,44.331242],[-79.683864,44.331073],[-79.683659,44.330673],[-79.683619,44.330503],[-79.683546,44.330195],[-79.683484,44.329896],[-79.683453,44.32977],[-79.683227,44.328906],[-79.683209,44.328835],[-79.683186,44.32872],[-79.683144,44.328578],[-79.682896,44.327482],[-79.68284,44.327063],[-79.682804,44.326792],[-79.682755,44.326122],[-79.682745,44.325286],[-79.682794,44.324484],[-79.682808,44.324191],[-79.682861,44.323287],[-79.682868,44.3232],[-79.682906,44.322407],[-79.682965,44.32148],[-79.683102,44.319185],[-79.683189,44.317761],[-79.68321,44.317475],[-79.683307,44.315652],[-79.68335,44.315043],[-79.683371,44.314536],[-79.683442,44.313466],[-79.683559,44.311567],[-79.683599,44.31087],[-79.683672,44.30972],[-79.683704,44.309023],[-79.683728,44.30866],[-79.683842,44.306761],[-79.683856,44.306476],[-79.683911,44.305474],[-79.683946,44.304705],[-79.684004,44.303805],[-79.684016,44.303513],[-79.68403,44.303187],[-79.68405,44.302854],[-79.68405,44.302343],[-79.684036,44.301952],[-79.683942,44.301081],[-79.683837,44.300444],[-79.683788,44.300217],[-79.68375,44.300077],[-79.683669,44.299716],[-79.683536,44.299224],[-79.683356,44.298529],[-79.683234,44.298074],[-79.683078,44.297538],[-79.682851,44.296628],[-79.682632,44.295839],[-79.682115,44.293915],[-79.681819,44.29284],[-79.681071,44.29005],[-79.681047,44.289936],[-79.680986,44.289715],[-79.680809,44.289036],[-79.680678,44.288573],[-79.680547,44.288075],[-79.680393,44.287525],[-79.680166,44.286677],[-79.679931,44.285813],[-79.679774,44.285222],[-79.679722,44.285032],[-79.679709,44.284944],[-79.679648,44.284748],[-79.679512,44.284222],[-79.679205,44.283083],[-79.679101,44.282704],[-79.678968,44.282221],[-79.678793,44.281521],[-79.678649,44.281017],[-79.678414,44.28013],[-79.678165,44.279212],[-79.678005,44.278592],[-79.677635,44.277253],[-79.677397,44.276321],[-79.675771,44.270259],[-79.675659,44.269802],[-79.67555,44.269416],[-79.674996,44.267333],[-79.67474,44.266402],[-79.674001,44.263653],[-79.673636,44.262277],[-79.673272,44.260954],[-79.670423,44.250218],[-79.668529,44.243122],[-79.667588,44.2396],[-79.666864,44.236878],[-79.666665,44.236146],[-79.665164,44.230495],[-79.665011,44.229914],[-79.664717,44.228816],[-79.664627,44.228471],[-79.663962,44.22599],[-79.663224,44.223217],[-79.662497,44.220507],[-79.661232,44.215743],[-79.660657,44.213591],[-79.66007,44.211377],[-79.65995,44.210961],[-79.659852,44.210616],[-79.659577,44.209782],[-79.659358,44.209166],[-79.658993,44.208257],[-79.65875,44.207691],[-79.65853,44.207225],[-79.658262,44.206664],[-79.658159,44.20647],[-79.657954,44.206077],[-79.65769,44.205594],[-79.657461,44.205171],[-79.657123,44.204532],[-79.656616,44.203586],[-79.656324,44.203081],[-79.655365,44.201307],[-79.65496,44.200561],[-79.654848,44.200372],[-79.654711,44.200099],[-79.653842,44.198492],[-79.653505,44.197878],[-79.653002,44.196949],[-79.652895,44.196749],[-79.651606,44.19436],[-79.651295,44.19379],[-79.651142,44.193513],[-79.64924,44.190006],[-79.648644,44.188917],[-79.648509,44.188669],[-79.647891,44.187481],[-79.647666,44.187047],[-79.647511,44.186756],[-79.646791,44.185357],[-79.646596,44.184941],[-79.646264,44.184166],[-79.645824,44.183056],[-79.645619,44.182403],[-79.645493,44.182049],[-79.645329,44.181516],[-79.645225,44.181157],[-79.645096,44.180643],[-79.644955,44.180056],[-79.644827,44.179427],[-79.644715,44.178801],[-79.64462,44.178171],[-79.644538,44.177544],[-79.644375,44.175575],[-79.644237,44.17395],[-79.644233,44.173929],[-79.644208,44.173494],[-79.644121,44.172322],[-79.64389,44.169068],[-79.643875,44.16889],[-79.643839,44.168338],[-79.643662,44.165812],[-79.643421,44.162558],[-79.643341,44.161329],[-79.643186,44.159287],[-79.643114,44.158264],[-79.643026,44.157048],[-79.642939,44.155807],[-79.642665,44.15199],[-79.642497,44.149519],[-79.642448,44.148681],[-79.642421,44.148312],[-79.642342,44.14745],[-79.642284,44.146738],[-79.642219,44.146102],[-79.642139,44.145489],[-79.642045,44.144877],[-79.641932,44.144267],[-79.641797,44.143658],[-79.641341,44.141798],[-79.640667,44.139051],[-79.640366,44.137841],[-79.639752,44.135338],[-79.639125,44.132836],[-79.638661,44.130965],[-79.637279,44.125346],[-79.637025,44.124326],[-79.636936,44.123992],[-79.636899,44.123834],[-79.636808,44.123474],[-79.636353,44.121601],[-79.63559,44.118529],[-79.635426,44.117855],[-79.633902,44.111667],[-79.633577,44.110364],[-79.632467,44.105876],[-79.632139,44.104561],[-79.63172,44.102875],[-79.631456,44.101753],[-79.631305,44.101168],[-79.63094,44.09968],[-79.630884,44.099468],[-79.630776,44.099005],[-79.630707,44.09872],[-79.630298,44.096954],[-79.630182,44.096498],[-79.629958,44.095603],[-79.62969,44.094567],[-79.629587,44.094129],[-79.629368,44.093237],[-79.629293,44.092937],[-79.62812,44.088322],[-79.627147,44.084342],[-79.626895,44.083298],[-79.626803,44.082906],[-79.626567,44.082068],[-79.62638,44.081183],[-79.626156,44.08039],[-79.62606,44.079931],[-79.62596,44.079464],[-79.625846,44.079002],[-79.625658,44.078273],[-79.625525,44.077796],[-79.625315,44.076965],[-79.625116,44.076133],[-79.624949,44.075452],[-79.624845,44.075031],[-79.624761,44.074682],[-79.624689,44.074351],[-79.624324,44.072832],[-79.624134,44.07205],[-79.624024,44.071568],[-79.623944,44.071252],[-79.623866,44.070963],[-79.623736,44.070515],[-79.6236,44.070102],[-79.62346,44.069718],[-79.623157,44.068996],[-79.622991,44.068639],[-79.622809,44.068287],[-79.622411,44.06759],[-79.622221,44.067289],[-79.621987,44.066937],[-79.621745,44.066584],[-79.621478,44.066226],[-79.621139,44.065813],[-79.620271,44.064801],[-79.619516,44.063921],[-79.619154,44.063505],[-79.618693,44.062981],[-79.617881,44.062035],[-79.61307464029666,44.05647]]}},{"type":"Feature","properties":{"shape_id":"GO:447337","route_id":"GO-BUS","route_short_name":"GO BUS","route_long_name":"Barrie / Newmarket","route_color":"#003767","route_text_color":"#FFFFFF","route_mode":"bus","agency_id":"go-transit","agency_name":"GO Transit","source_route_id":"09261126-68"},"geometry":{"type":"LineString","coordinates":[[-79.45338666842106,44.05647],[-79.453405,44.056794],[-79.453407,44.056877],[-79.453418,44.056987],[-79.453455,44.057227],[-79.45351,44.057546],[-79.453536,44.057711],[-79.453555,44.057811],[-79.453674,44.058364],[-79.453829,44.059019],[-79.453854,44.059116],[-79.453999,44.059707],[-79.453897,44.05972],[-79.453897,44.05972],[-79.453897,44.05972],[-79.453897,44.05972],[-79.453999,44.059707],[-79.454067,44.059982],[-79.454103,44.060128],[-79.454143,44.060297],[-79.454196,44.060486],[-79.454228,44.060629],[-79.454261,44.060775],[-79.455102,44.060588],[-79.455736,44.060453],[-79.455993,44.060405],[-79.456471,44.060295],[-79.456836,44.060199],[-79.457545,44.060014],[-79.457967,44.059891],[-79.458287,44.059818],[-79.458461,44.059772],[-79.458939,44.059666],[-79.459234,44.059602],[-79.459244,44.059623],[-79.459244,44.059623],[-79.459244,44.059623],[-79.459244,44.059623],[-79.459234,44.059602],[-79.459376,44.059571],[-79.459468,44.059548],[-79.459796,44.059488],[-79.460323,44.059392],[-79.460677,44.059328],[-79.461222,44.059207],[-79.461248,44.059261],[-79.461329,44.059447],[-79.461426,44.059664],[-79.46149,44.059821],[-79.461664,44.060218],[-79.462193,44.061409],[-79.462331,44.061734],[-79.462422,44.061941],[-79.462457,44.061998],[-79.462585,44.062242],[-79.462613,44.06229],[-79.462983,44.062931],[-79.462998,44.06296],[-79.463063,44.063092],[-79.463104,44.06318],[-79.463148,44.063284],[-79.463177,44.063398],[-79.463199,44.063532],[-79.463199,44.063617],[-79.463194,44.063727],[-79.463173,44.063847],[-79.463102,44.064056],[-79.463048,44.064184],[-79.462921,44.064385],[-79.462771,44.064559],[-79.462686,44.06464],[-79.462551,44.064739],[-79.462441,44.064817],[-79.462282,44.064906],[-79.462095,44.064987],[-79.461896,44.065058],[-79.461661,44.065139],[-79.46142,44.065217],[-79.46128,44.065256],[-79.461239,44.065267],[-79.46107,44.065329],[-79.460813,44.065433],[-79.460658,44.065508],[-79.460531,44.065582],[-79.460402,44.065667],[-79.460287,44.065751],[-79.460143,44.065876],[-79.460058,44.065964],[-79.459962,44.066085],[-79.45987,44.06623],[-79.459788,44.066375],[-79.459725,44.066541],[-79.459696,44.066683],[-79.45968,44.066824],[-79.459677,44.066877],[-79.45968,44.066959],[-79.459687,44.067063],[-79.459709,44.067192],[-79.459732,44.067362],[-79.459803,44.067741],[-79.459812,44.067791],[-79.459838,44.067957],[-79.45985,44.06806],[-79.45985,44.068096],[-79.45985,44.068162],[-79.459842,44.068293],[-79.459827,44.068428],[-79.459788,44.068573],[-79.459764,44.068672],[-79.459712,44.068792],[-79.459675,44.068871],[-79.459663,44.068899],[-79.459639,44.068946],[-79.459564,44.06909],[-79.459496,44.069209],[-79.459342,44.069481],[-79.45914,44.069842],[-79.459104,44.0699],[-79.459096,44.069917],[-79.458913,44.070247],[-79.458843,44.070403],[-79.458771,44.070585],[-79.458728,44.070732],[-79.458723,44.070753],[-79.458686,44.070927],[-79.458653,44.071111],[-79.458646,44.071263],[-79.458646,44.071405],[-79.458664,44.071575],[-79.458683,44.071699],[-79.458708,44.071808],[-79.458716,44.07184],[-79.458787,44.072077],[-79.458835,44.072244],[-79.458924,44.072534],[-79.45897,44.072715],[-79.459007,44.072849],[-79.459046,44.073008],[-79.45914,44.073433],[-79.459207,44.073707],[-79.459379,44.074421],[-79.459623,44.075372],[-79.459628,44.075406],[-79.459753,44.075892],[-79.459869,44.076341],[-79.459945,44.076625],[-79.460118,44.07727],[-79.460241,44.077816],[-79.460334,44.078224],[-79.459603,44.078368],[-79.459325,44.078423],[-79.457921,44.078697],[-79.457859,44.078711],[-79.457667,44.07818],[-79.457481,44.078227],[-79.457408,44.078219],[-79.457328,44.078202],[-79.457258,44.078192],[-79.457193,44.078186],[-79.457117,44.07819],[-79.456778,44.07827],[-79.456698,44.078288],[-79.456672,44.078233],[-79.456672,44.078233],[-79.456672,44.078233],[-79.456672,44.078233],[-79.456698,44.078288],[-79.456247,44.078396],[-79.456145,44.078431],[-79.456126,44.078438],[-79.456073,44.078476],[-79.456034,44.078516],[-79.45601,44.078548],[-79.455992,44.078593],[-79.455988,44.078637],[-79.455997,44.078671],[-79.456024,44.078728],[-79.456057,44.078762],[-79.456095,44.078792],[-79.45613,44.078808],[-79.456163,44.078819],[-79.456237,44.078829],[-79.456283,44.07883],[-79.456296,44.078828],[-79.456372,44.07882],[-79.457133,44.078625],[-79.457211,44.078595],[-79.457268,44.078564],[-79.457317,44.078524],[-79.457343,44.07848],[-79.457373,44.078378],[-79.457411,44.078307],[-79.457481,44.078227],[-79.457667,44.07818],[-79.457859,44.078711],[-79.457911,44.078857],[-79.458493,44.078742],[-79.458712,44.078698],[-79.459227,44.078596],[-79.459783,44.078486],[-79.460177,44.078407],[-79.460366,44.078367],[-79.460669,44.078309],[-79.460943,44.078256],[-79.461065,44.078149],[-79.461322,44.078096],[-79.461616,44.07803],[-79.462932,44.077783],[-79.465044,44.077369],[-79.465857,44.077201],[-79.466841,44.077009],[-79.467917,44.076788],[-79.468664,44.076616],[-79.469385,44.076448],[-79.47011,44.076284],[-79.470767,44.076116],[-79.471168,44.076023],[-79.47187,44.075875],[-79.472076,44.075817],[-79.472265,44.075779],[-79.473275,44.075572],[-79.473768,44.075482],[-79.474651,44.075279],[-79.475853,44.075001],[-79.477729,44.07458],[-79.478997,44.074291],[-79.479264,44.07423],[-79.479721,44.074111],[-79.480516,44.073904],[-79.480626,44.073918],[-79.480726,44.073895],[-79.481091,44.07381],[-79.481138,44.073913],[-79.481138,44.073913],[-79.481138,44.073913],[-79.481138,44.073913],[-79.481091,44.07381],[-79.481312,44.073758],[-79.48149,44.073715],[-79.481685,44.073671],[-79.482435,44.073502],[-79.482705,44.073441],[-79.484208,44.073103],[-79.484751,44.072981],[-79.484794,44.073155],[-79.484877,44.073489],[-79.485041,44.074151],[-79.485194,44.074721],[-79.485212,44.074793],[-79.485344,44.075317],[-79.485393,44.075509],[-79.485467,44.075834],[-79.485599,44.076383],[-79.485672,44.076687],[-79.485703,44.076828],[-79.485772,44.077143],[-79.485926,44.0778],[-79.48597,44.077996],[-79.486145,44.078678],[-79.486217,44.078976],[-79.486316,44.07943],[-79.486364,44.079639],[-79.486449,44.079981],[-79.486512,44.080211],[-79.486588,44.080456],[-79.48665,44.080621],[-79.486767,44.080914],[-79.486865,44.081139],[-79.486943,44.081298],[-79.487054,44.081512],[-79.487166,44.081715],[-79.487222,44.081808],[-79.487396,44.08208],[-79.487431,44.082132],[-79.487431,44.082221],[-79.48745,44.082258],[-79.487487,44.082314],[-79.487508,44.082364],[-79.487513,44.082416],[-79.487495,44.082469],[-79.48746,44.082522],[-79.487434,44.08255],[-79.487394,44.082603],[-79.4873,44.082667],[-79.487258,44.082712],[-79.487235,44.082759],[-79.487229,44.082813],[-79.487236,44.082877],[-79.487247,44.082922],[-79.487158,44.082934],[-79.487158,44.082934],[-79.487158,44.082934],[-79.487158,44.082934],[-79.487247,44.082922],[-79.487252,44.082943],[-79.487269,44.082977],[-79.487284,44.082999],[-79.487304,44.083018],[-79.487414,44.083097],[-79.487817,44.083298],[-79.488007,44.083422],[-79.488247,44.083589],[-79.4884,44.0837],[-79.48975,44.084709],[-79.489944,44.084871],[-79.49012,44.085045],[-79.490254,44.085193],[-79.490466,44.085438],[-79.490631,44.085633],[-79.490783,44.085801],[-79.490945,44.08596],[-79.491078,44.086074],[-79.491122,44.086112],[-79.491353,44.086269],[-79.491698,44.086488],[-79.491875,44.086607],[-79.492018,44.086694],[-79.492127,44.086777],[-79.492178,44.086821],[-79.492258,44.086906],[-79.492326,44.086999],[-79.492382,44.087102],[-79.492426,44.087211],[-79.492435,44.087245],[-79.49246,44.087364],[-79.492471,44.087483],[-79.492464,44.087658],[-79.492441,44.08778],[-79.492381,44.087918],[-79.492269,44.088104],[-79.490999,44.089772],[-79.490741,44.09011],[-79.490579,44.090332],[-79.490272,44.09075],[-79.490157,44.0909],[-79.490116,44.090952],[-79.48995,44.091173],[-79.489814,44.091356],[-79.489744,44.091461],[-79.489685,44.09157],[-79.489617,44.091709],[-79.489559,44.091819],[-79.489519,44.091937],[-79.489489,44.092012],[-79.489464,44.092101],[-79.489426,44.092286],[-79.489417,44.092407],[-79.489415,44.092581],[-79.489419,44.092647],[-79.489444,44.092823],[-79.489462,44.092895],[-79.48948,44.092952],[-79.489558,44.093265],[-79.489596,44.093422],[-79.489615,44.093512],[-79.489728,44.093982],[-79.489866,44.094483],[-79.489997,44.095014],[-79.490026,44.09515],[-79.490052,44.095271],[-79.489972,44.09528],[-79.489972,44.09528],[-79.489972,44.09528],[-79.489972,44.09528],[-79.490052,44.095271],[-79.490103,44.095514],[-79.490204,44.095966],[-79.49032,44.096456],[-79.490459,44.096969],[-79.490571,44.097396],[-79.490611,44.097551],[-79.490625,44.097613],[-79.490574,44.09762],[-79.490574,44.09762],[-79.490574,44.09762],[-79.490574,44.09762],[-79.490625,44.097613],[-79.490676,44.097844],[-79.490689,44.097897],[-79.490806,44.098419],[-79.490902,44.098807],[-79.491163,44.099887],[-79.491219,44.100097],[-79.491278,44.100326],[-79.491282,44.100343],[-79.491179,44.100356],[-79.491179,44.100356],[-79.491179,44.100356],[-79.491179,44.100356],[-79.491282,44.100343],[-79.491429,44.100911],[-79.491461,44.101026],[-79.491481,44.101092],[-79.491531,44.101306],[-79.491552,44.101435],[-79.492072,44.101337],[-79.4926,44.101229],[-79.49263,44.101302],[-79.49263,44.101302],[-79.49263,44.101302],[-79.49263,44.101302],[-79.4926,44.101229],[-79.492605,44.101228],[-79.492779,44.101189],[-79.493029,44.101136],[-79.494244,44.100856],[-79.494996,44.100683],[-79.496052,44.100447],[-79.496219,44.100407],[-79.496346,44.100379],[-79.496853,44.100264],[-79.497234,44.100196],[-79.49727,44.100233],[-79.497303,44.100264],[-79.497339,44.100289],[-79.497384,44.100316],[-79.497487,44.100371],[-79.49756,44.100406],[-79.497537,44.100431],[-79.497537,44.100431],[-79.497537,44.100431],[-79.497537,44.100431],[-79.49756,44.100406],[-79.499124,44.101163],[-79.499774,44.101478],[-79.499999,44.101568],[-79.500655,44.10188],[-79.501068,44.102069],[-79.501194,44.102124],[-79.501303,44.102162],[-79.501567,44.10224],[-79.502481,44.102479],[-79.502796,44.10256],[-79.503816,44.102825],[-79.504434,44.102982],[-79.504496,44.102998],[-79.50504,44.103139],[-79.505027,44.103167],[-79.505027,44.103167],[-79.505027,44.103167],[-79.505027,44.103167],[-79.50504,44.103139],[-79.505327,44.103213],[-79.506443,44.103502],[-79.50773,44.103831],[-79.508999,44.104166],[-79.51026,44.104478],[-79.510374,44.104508],[-79.510489,44.104538],[-79.510624,44.104575],[-79.511505,44.104809],[-79.512209,44.104991],[-79.512714,44.105122],[-79.513246,44.105256],[-79.513232,44.105282],[-79.513232,44.105282],[-79.513232,44.105282],[-79.513232,44.105282],[-79.513246,44.105256],[-79.513557,44.105334],[-79.513582,44.105345],[-79.513599,44.105362],[-79.513616,44.10539],[-79.513983,44.105308],[-79.514391,44.105208],[-79.51461,44.10516],[-79.514658,44.105143],[-79.514775,44.105094],[-79.51485,44.105053],[-79.514877,44.105034],[-79.514904,44.105008],[-79.515428,44.105145],[-79.516685,44.105485],[-79.517458,44.105694],[-79.517953,44.105827],[-79.518149,44.105607],[-79.5183,44.10544],[-79.518409,44.105321],[-79.518555,44.10519],[-79.51877,44.105042],[-79.518793,44.105028],[-79.51926,44.105393],[-79.519406,44.105507],[-79.51977,44.105731],[-79.520127,44.105972],[-79.520363,44.106107],[-79.520569,44.106218],[-79.520887,44.106383],[-79.52125,44.106561],[-79.521444,44.106649],[-79.521588,44.106712],[-79.521727,44.106769],[-79.521917,44.106844],[-79.522073,44.106902],[-79.522153,44.106932],[-79.522284,44.106976],[-79.52268,44.107116],[-79.522759,44.107136],[-79.522909,44.107121],[-79.523044,44.10716],[-79.525181,44.107738],[-79.527882,44.108466],[-79.529492,44.108905],[-79.531831,44.109539],[-79.533352,44.109951],[-79.537202,44.110996],[-79.537987,44.111205],[-79.539455,44.111606],[-79.540379,44.111853],[-79.540923,44.112004],[-79.541589,44.112181],[-79.542384,44.112402],[-79.542927,44.112545],[-79.543354,44.112654],[-79.543934,44.112797],[-79.544823,44.113014],[-79.544895,44.113033],[-79.545146,44.113099],[-79.545232,44.113122],[-79.545342,44.113159],[-79.54549,44.113208],[-79.545529,44.113222],[-79.545585,44.113235],[-79.546255,44.113384],[-79.546711,44.113503],[-79.546931,44.113551],[-79.547046,44.113582],[-79.547159,44.11361],[-79.547423,44.113672],[-79.549357,44.114139],[-79.549991,44.114292],[-79.551186,44.114566],[-79.551973,44.114746],[-79.552233,44.114804],[-79.553098,44.114998],[-79.553347,44.115054],[-79.553584,44.115107],[-79.554451,44.115303],[-79.555394,44.115514],[-79.556129,44.115684],[-79.556057,44.115776],[-79.555638,44.116287],[-79.555589,44.116339],[-79.555582,44.116381],[-79.555573,44.116398],[-79.555561,44.116414],[-79.55566,44.116462],[-79.555671,44.116468],[-79.555761,44.116539],[-79.555772,44.116549],[-79.555691,44.116596],[-79.555691,44.116596],[-79.555691,44.116596],[-79.555691,44.116596],[-79.555772,44.116549],[-79.555881,44.116644],[-79.55593,44.116676],[-79.555991,44.116716],[-79.556072,44.116775],[-79.556123,44.116811],[-79.556189,44.116876],[-79.556226,44.116943],[-79.556247,44.11699],[-79.55632,44.11708],[-79.556916,44.117731],[-79.557018,44.117854],[-79.557099,44.117874],[-79.557231,44.117882],[-79.557773,44.117751],[-79.557716,44.117523],[-79.557586,44.11702],[-79.557533,44.116836],[-79.557489,44.116684],[-79.55744,44.116511],[-79.557398,44.116367],[-79.557322,44.116057],[-79.557292,44.115873],[-79.557511,44.115872],[-79.557764,44.115862],[-79.557994,44.115833],[-79.558198,44.115792],[-79.558682,44.115684],[-79.559014,44.115609],[-79.559734,44.115443],[-79.559901,44.115405],[-79.55994,44.115496],[-79.55994,44.115496],[-79.55994,44.115496],[-79.55994,44.115496],[-79.559901,44.115405],[-79.560007,44.115381],[-79.560332,44.115303],[-79.560571,44.11525],[-79.561194,44.11511],[-79.561668,44.115004],[-79.562486,44.114814],[-79.563451,44.114593],[-79.564058,44.114455],[-79.564817,44.114281],[-79.564859,44.114453],[-79.564925,44.114691],[-79.564991,44.11494],[-79.565028,44.115077],[-79.565089,44.115263],[-79.565201,44.115619],[-79.565004,44.115651],[-79.565004,44.115651],[-79.565004,44.115651],[-79.565004,44.115651],[-79.565201,44.115619],[-79.565263,44.115822],[-79.565357,44.116288],[-79.565398,44.116456],[-79.565485,44.116882],[-79.565526,44.11705],[-79.565601,44.117254],[-79.565712,44.117691],[-79.565799,44.117975],[-79.56587,44.118263],[-79.565915,44.118446],[-79.565992,44.118712],[-79.566125,44.119168],[-79.566293,44.119843],[-79.56645,44.120542],[-79.566266,44.120563],[-79.566266,44.120563],[-79.566266,44.120563],[-79.566266,44.120563],[-79.56645,44.120542],[-79.567911,44.126297],[-79.567877,44.1263],[-79.567877,44.1263],[-79.567877,44.1263],[-79.567877,44.1263],[-79.567911,44.126297],[-79.567958,44.126541],[-79.568009,44.12675],[-79.568088,44.127081],[-79.568127,44.127227],[-79.568137,44.127272],[-79.568304,44.127946],[-79.568416,44.128397],[-79.568537,44.128893],[-79.568816,44.130032],[-79.568995,44.130673],[-79.569325,44.131853],[-79.569564,44.132702],[-79.56973,44.133371],[-79.570041,44.134622],[-79.570297,44.135787],[-79.5706,44.137054],[-79.57078,44.137712],[-79.570978,44.138585],[-79.571048,44.138853],[-79.571193,44.1394],[-79.571352,44.140139],[-79.571423,44.140471],[-79.571693,44.141739],[-79.571782,44.142233],[-79.572461,44.144788],[-79.572595,44.145242],[-79.57277,44.146091],[-79.572915,44.146755],[-79.573096,44.1475],[-79.573561,44.14949],[-79.573631,44.149792],[-79.573742,44.150234],[-79.573876,44.15081],[-79.573951,44.1512],[-79.574056,44.151706],[-79.574365,44.152975],[-79.574617,44.154177],[-79.574646,44.154286],[-79.574871,44.154872],[-79.574958,44.155244],[-79.575045,44.155746],[-79.57508,44.155878],[-79.57519,44.156286],[-79.575418,44.157077],[-79.575749,44.158369],[-79.575901,44.159026],[-79.576282,44.160678],[-79.57668,44.162197],[-79.576704,44.162309],[-79.57684,44.162957],[-79.576949,44.163262],[-79.577117,44.164025],[-79.577667,44.166324],[-79.577915,44.167143],[-79.57838,44.168877],[-79.578443,44.169191],[-79.578548,44.169663],[-79.57877,44.170699],[-79.578851,44.170966],[-79.578968,44.171565],[-79.579409,44.173661],[-79.579576,44.174393],[-79.579823,44.175482],[-79.580033,44.176296],[-79.580335,44.17757],[-79.580864,44.179805],[-79.581685,44.183157],[-79.582133,44.185021],[-79.582302,44.185822],[-79.582498,44.186709],[-79.582528,44.186851],[-79.582611,44.187172],[-79.582756,44.187841],[-79.582866,44.188248],[-79.582987,44.188721],[-79.583221,44.189644],[-79.583303,44.190017],[-79.583949,44.192688],[-79.584112,44.193398],[-79.584281,44.194125],[-79.584467,44.194946],[-79.584653,44.195766],[-79.585299,44.198408],[-79.585465,44.199138],[-79.585697,44.200159],[-79.58593,44.20114],[-79.585944,44.20119],[-79.586268,44.202385],[-79.586611,44.2037],[-79.586791,44.204282],[-79.587018,44.205102],[-79.587202,44.205801],[-79.587275,44.206079],[-79.587327,44.206324],[-79.587472,44.206947],[-79.587887,44.208672],[-79.588218,44.210032],[-79.58857,44.211461],[-79.588625,44.21165],[-79.588646,44.211725],[-79.588741,44.212049],[-79.588785,44.21218],[-79.588826,44.212316],[-79.588913,44.212566],[-79.589043,44.212854],[-79.589185,44.213178],[-79.58938,44.213627],[-79.589446,44.213762],[-79.589626,44.21414],[-79.589758,44.21437],[-79.589947,44.21471],[-79.590072,44.214935],[-79.590231,44.215222],[-79.590362,44.215501],[-79.590394,44.21557],[-79.590207,44.215616],[-79.590207,44.215616],[-79.590207,44.215616],[-79.590207,44.215616],[-79.590394,44.21557],[-79.590407,44.215597],[-79.590512,44.215832],[-79.590687,44.216223],[-79.590799,44.216449],[-79.590982,44.21686],[-79.591282,44.217423],[-79.59131,44.217476],[-79.591589,44.218019],[-79.591699,44.218199],[-79.591981,44.218762],[-79.592386,44.219551],[-79.592651,44.220103],[-79.592894,44.220594],[-79.592999,44.220842],[-79.59312,44.221118],[-79.593244,44.221419],[-79.593346,44.221693],[-79.593473,44.222064],[-79.593667,44.222719],[-79.593926,44.223671],[-79.59403,44.224076],[-79.594348,44.225359],[-79.594417,44.225647],[-79.594452,44.22577],[-79.594638,44.226424],[-79.594768,44.226957],[-79.594837,44.22731],[-79.5949,44.227608],[-79.594985,44.227929],[-79.595283,44.228988],[-79.595736,44.230746],[-79.596595,44.234048],[-79.596828,44.235024],[-79.597067,44.235857],[-79.59727,44.23658],[-79.597384,44.237143],[-79.597433,44.237389],[-79.597827,44.239013],[-79.597871,44.239181],[-79.597939,44.239349],[-79.598037,44.23972],[-79.59808,44.239865],[-79.598162,44.240153],[-79.598354,44.240809],[-79.598413,44.24114],[-79.598487,44.241534],[-79.598583,44.241938],[-79.598657,44.242304],[-79.599019,44.243616],[-79.599339,44.244957],[-79.599429,44.24537],[-79.599469,44.245531],[-79.599979,44.247523],[-79.600345,44.248914],[-79.600497,44.24956],[-79.600537,44.249721],[-79.600625,44.250089],[-79.600757,44.25067],[-79.600845,44.251025],[-79.600903,44.251257],[-79.600943,44.251419],[-79.600792,44.251438],[-79.600792,44.251438],[-79.600792,44.251438],[-79.600792,44.251438],[-79.600943,44.251419],[-79.600953,44.251458],[-79.600978,44.25157],[-79.601011,44.251712],[-79.601057,44.251895],[-79.601122,44.252156],[-79.60131,44.25285],[-79.601336,44.252954],[-79.60155,44.253858],[-79.601736,44.254545],[-79.601868,44.255046],[-79.602183,44.256402],[-79.602491,44.257547],[-79.602388,44.257561],[-79.602388,44.257561],[-79.602388,44.257561],[-79.602388,44.257561],[-79.602491,44.257547],[-79.602527,44.25768],[-79.602598,44.25791],[-79.602733,44.258437],[-79.603038,44.259751],[-79.60306,44.259826],[-79.603119,44.260026],[-79.603363,44.26092],[-79.603616,44.261878],[-79.604048,44.263595],[-79.604147,44.263981],[-79.604252,44.26438],[-79.604386,44.264894],[-79.604596,44.265703],[-79.605117,44.267721],[-79.605636,44.269665],[-79.605961,44.270924],[-79.606135,44.27162],[-79.606302,44.272244],[-79.606402,44.272652],[-79.606543,44.273215],[-79.606681,44.273762],[-79.606744,44.274066],[-79.606823,44.274357],[-79.606898,44.27469],[-79.60691,44.274746],[-79.607061,44.27528],[-79.607133,44.275585],[-79.607324,44.276296],[-79.607376,44.27646],[-79.607394,44.276545],[-79.607461,44.276794],[-79.607497,44.27696],[-79.607561,44.277214],[-79.607618,44.277463],[-79.607907,44.278585],[-79.607993,44.278902],[-79.608111,44.279402],[-79.608376,44.280434],[-79.608503,44.280873],[-79.608704,44.28165],[-79.608834,44.28219],[-79.609109,44.283306],[-79.609238,44.283811],[-79.609532,44.284735],[-79.609643,44.285115],[-79.609707,44.285444],[-79.609889,44.286184],[-79.609935,44.286367],[-79.610186,44.287282],[-79.610288,44.287711],[-79.610326,44.287893],[-79.610552,44.288772],[-79.61064,44.289119],[-79.610738,44.289435],[-79.610842,44.28989],[-79.610915,44.290168],[-79.611043,44.290663],[-79.611179,44.291223],[-79.611479,44.292242],[-79.611588,44.292741],[-79.611765,44.293525],[-79.611846,44.293828],[-79.611904,44.294047],[-79.611953,44.29422],[-79.612054,44.294538],[-79.612156,44.294868],[-79.612318,44.295489],[-79.61241,44.295834],[-79.612601,44.296463],[-79.612668,44.29666],[-79.612683,44.296704],[-79.612743,44.296913],[-79.61286,44.297305],[-79.612954,44.297659],[-79.612979,44.297756],[-79.613174,44.298566],[-79.613346,44.299165],[-79.613357,44.299204],[-79.613415,44.299407],[-79.613447,44.299534],[-79.613264,44.299558],[-79.613264,44.299558],[-79.613264,44.299558],[-79.613264,44.299558],[-79.613447,44.299534],[-79.613471,44.29963],[-79.613494,44.299734],[-79.613561,44.300043],[-79.613648,44.300445],[-79.613752,44.300928],[-79.613894,44.30164],[-79.61395,44.301918],[-79.614,44.30215],[-79.614103,44.302677],[-79.614191,44.303128],[-79.614212,44.30323],[-79.614225,44.303288],[-79.614281,44.303537],[-79.614387,44.304089],[-79.61454,44.304852],[-79.614719,44.305575],[-79.614899,44.3064],[-79.614958,44.306731],[-79.615101,44.307355],[-79.615255,44.308186],[-79.615863,44.311051],[-79.61609,44.312129],[-79.616168,44.312481],[-79.616228,44.31272],[-79.616259,44.312876],[-79.616371,44.313254],[-79.616458,44.313592],[-79.616644,44.314281],[-79.616974,44.315579],[-79.617387,44.317113],[-79.617685,44.318258],[-79.617762,44.318557],[-79.617839,44.318806],[-79.617919,44.319092],[-79.618117,44.319845],[-79.618299,44.320465],[-79.618465,44.321093],[-79.618509,44.32126],[-79.618678,44.321906],[-79.618935,44.322833],[-79.619064,44.323303],[-79.619223,44.323934],[-79.619284,44.324173],[-79.619155,44.324189],[-79.619155,44.324189],[-79.619155,44.324189],[-79.619155,44.324189],[-79.619284,44.324173],[-79.619334,44.324369],[-79.619371,44.324474],[-79.619403,44.324576],[-79.619434,44.324684],[-79.619464,44.324802],[-79.619546,44.325115],[-79.61962,44.325371],[-79.619672,44.325627],[-79.619686,44.325699],[-79.619768,44.326006],[-79.619827,44.326227],[-79.619866,44.326371],[-79.619898,44.326497],[-79.620054,44.327085],[-79.620104,44.327244],[-79.620154,44.3274],[-79.620195,44.327546],[-79.620331,44.328028],[-79.620206,44.328046],[-79.620206,44.328046],[-79.620206,44.328046],[-79.620206,44.328046],[-79.620331,44.328028],[-79.620335,44.32804],[-79.620402,44.328279],[-79.62044,44.328411],[-79.62049,44.328588],[-79.620555,44.328803],[-79.620683,44.329228],[-79.62076,44.329563],[-79.620831,44.329817],[-79.620871,44.329937],[-79.620899,44.330046],[-79.620723,44.330069],[-79.620723,44.330069],[-79.620723,44.330069],[-79.620723,44.330069],[-79.620899,44.330046],[-79.620916,44.330112],[-79.620971,44.330318],[-79.621028,44.330543],[-79.621144,44.330982],[-79.621238,44.331351],[-79.621262,44.331448],[-79.621295,44.331559],[-79.621357,44.331788],[-79.621382,44.331862],[-79.621419,44.331987],[-79.621485,44.332238],[-79.621577,44.332571],[-79.621813,44.333483],[-79.622013,44.334184],[-79.622096,44.33451],[-79.622189,44.334825],[-79.622245,44.335029],[-79.622294,44.335209],[-79.622346,44.335419],[-79.622387,44.335587],[-79.622477,44.335912],[-79.622512,44.336027],[-79.62265,44.336481],[-79.622681,44.336584],[-79.622779,44.336948],[-79.622863,44.337279],[-79.622926,44.337599],[-79.623076,44.338236],[-79.623171,44.338696],[-79.623248,44.339035],[-79.623367,44.339542],[-79.623506,44.340158],[-79.623594,44.340503],[-79.623822,44.341555],[-79.623904,44.341847],[-79.623968,44.342074],[-79.624062,44.342413],[-79.624142,44.342748],[-79.624302,44.343457],[-79.624357,44.343672],[-79.624409,44.343905],[-79.624484,44.34419],[-79.624613,44.34456],[-79.62469,44.344754],[-79.624764,44.344923],[-79.624861,44.345108],[-79.624915,44.345227],[-79.625116,44.345598],[-79.625245,44.345812],[-79.625377,44.346015],[-79.625478,44.346142],[-79.625616,44.346322],[-79.625738,44.346473],[-79.625864,44.346637],[-79.626,44.346803],[-79.626383,44.347245],[-79.626536,44.347417],[-79.62664,44.347542],[-79.626751,44.347685],[-79.626984,44.347999],[-79.627071,44.348099],[-79.627102,44.348135],[-79.627023,44.348169],[-79.627023,44.348169],[-79.627023,44.348169],[-79.627023,44.348169],[-79.627102,44.348135],[-79.627381,44.348472],[-79.627703,44.3488],[-79.627867,44.348951],[-79.627982,44.349055],[-79.628092,44.34915],[-79.628234,44.349269],[-79.628374,44.34938],[-79.628518,44.349496],[-79.628782,44.349696],[-79.629017,44.349861],[-79.629307,44.350043],[-79.629506,44.350169],[-79.629758,44.350309],[-79.629954,44.350415],[-79.630077,44.350477],[-79.629942,44.350653],[-79.629529,44.351229],[-79.629496,44.351278],[-79.629464,44.351292],[-79.629427,44.351286],[-79.629118,44.351196],[-79.628901,44.351119],[-79.628706,44.351049],[-79.628651,44.35103],[-79.628509,44.350979],[-79.628452,44.350959],[-79.628314,44.350909],[-79.628029,44.3513],[-79.628026,44.351334],[-79.628044,44.351365],[-79.62806,44.351382],[-79.627851,44.351489],[-79.627851,44.351489],[-79.627851,44.351489],[-79.627851,44.351489],[-79.62806,44.351382],[-79.628077,44.351398],[-79.628179,44.351467],[-79.628342,44.351577],[-79.628515,44.351694],[-79.628678,44.351805],[-79.628764,44.35186],[-79.628795,44.351868],[-79.628847,44.351872],[-79.62888,44.351861],[-79.628915,44.351823],[-79.629137,44.351526],[-79.62921,44.35141],[-79.629205,44.351377],[-79.629184,44.351355],[-79.629044,44.351296],[-79.629118,44.351196],[-79.629427,44.351286],[-79.629464,44.351292],[-79.629496,44.351278],[-79.629529,44.351229],[-79.629942,44.350653],[-79.630077,44.350477],[-79.630297,44.350578],[-79.630559,44.350702],[-79.630617,44.35073],[-79.630835,44.350827],[-79.631043,44.350914],[-79.631072,44.350925],[-79.631385,44.351046],[-79.632153,44.351323],[-79.632294,44.351374],[-79.632443,44.351427],[-79.632729,44.35153],[-79.632903,44.351593],[-79.632838,44.351687],[-79.632838,44.351687],[-79.632838,44.351687],[-79.632838,44.351687],[-79.632903,44.351593],[-79.6331,44.351663],[-79.633735,44.351891],[-79.635062,44.352372],[-79.635265,44.352445],[-79.635416,44.3525],[-79.635561,44.352552],[-79.635826,44.352648],[-79.635892,44.352672],[-79.635837,44.352749],[-79.635837,44.352749],[-79.635837,44.352749],[-79.635837,44.352749],[-79.635892,44.352672],[-79.635986,44.352706],[-79.636211,44.352788],[-79.637298,44.353175],[-79.637935,44.353401],[-79.638246,44.353511],[-79.638601,44.353638],[-79.639401,44.353922],[-79.640303,44.354242],[-79.64101,44.354493],[-79.641124,44.354533],[-79.641064,44.354621],[-79.641064,44.354621],[-79.641064,44.354621],[-79.641064,44.354621],[-79.641124,44.354533],[-79.641488,44.354663],[-79.64178,44.354763],[-79.641979,44.354832],[-79.642148,44.35489],[-79.64289,44.355141],[-79.643037,44.355194],[-79.643801,44.355467],[-79.644856,44.35585],[-79.646495,44.356443],[-79.646826,44.356562],[-79.646738,44.356687],[-79.646738,44.356687],[-79.646738,44.356687],[-79.646738,44.356687],[-79.646826,44.356562],[-79.646877,44.35658],[-79.647033,44.356636],[-79.64717,44.356686],[-79.647278,44.356723],[-79.647509,44.356811],[-79.648153,44.357053],[-79.64857,44.357223],[-79.648793,44.35732],[-79.64909,44.357439],[-79.649383,44.357572],[-79.649763,44.357745],[-79.6503,44.358003],[-79.650366,44.358034],[-79.650554,44.358126],[-79.65069,44.35819],[-79.651034,44.35836],[-79.651508,44.358591],[-79.651695,44.358686],[-79.652391,44.359029],[-79.65326,44.359458],[-79.653447,44.359555],[-79.653653,44.359662],[-79.653771,44.359719],[-79.65426,44.359997],[-79.654658,44.360227],[-79.654856,44.36035],[-79.654955,44.360409],[-79.655199,44.360562],[-79.65532,44.360643],[-79.655448,44.360734],[-79.655554,44.360812],[-79.655677,44.36091],[-79.656863,44.361852],[-79.657454,44.36234],[-79.65821,44.362932],[-79.659059,44.363625],[-79.660256,44.364576],[-79.661237,44.365376],[-79.66137,44.365487],[-79.661944,44.365944],[-79.662224,44.366168],[-79.662496,44.366378],[-79.662546,44.366417],[-79.662464,44.366469],[-79.662464,44.366469],[-79.662464,44.366469],[-79.662464,44.366469],[-79.662546,44.366417],[-79.66283,44.366646],[-79.662941,44.366711],[-79.663247,44.366922],[-79.66336,44.36699],[-79.663451,44.367045],[-79.66358,44.36713],[-79.663988,44.367383],[-79.665483,44.36831],[-79.666477,44.368924],[-79.666611,44.369007],[-79.667556,44.369602],[-79.667629,44.369644],[-79.667751,44.36971],[-79.667881,44.36977],[-79.667945,44.369794],[-79.667995,44.369811],[-79.66802,44.369817],[-79.668102,44.369837],[-79.668183,44.369859],[-79.668389,44.369921],[-79.668757,44.370017],[-79.669248,44.370119],[-79.6695,44.37017],[-79.669655,44.370203],[-79.669718,44.370216],[-79.669986,44.370287],[-79.670442,44.370388],[-79.670677,44.370433],[-79.67115,44.370517],[-79.671483,44.370564],[-79.671858,44.370599],[-79.672358,44.370633],[-79.672773,44.370653],[-79.672991,44.370661],[-79.673159,44.370668],[-79.673473,44.370705],[-79.673657,44.370735],[-79.673901,44.370786],[-79.674204,44.370856],[-79.674926,44.371055],[-79.675226,44.371134],[-79.675434,44.371188],[-79.676159,44.371378],[-79.676258,44.371401],[-79.676452,44.371445],[-79.676771,44.371508],[-79.677092,44.37156],[-79.677419,44.371601],[-79.677622,44.371617],[-79.677887,44.371635],[-79.67822,44.371651],[-79.67843,44.371651],[-79.6788,44.371643],[-79.6792,44.371618],[-79.679536,44.371585],[-79.680212,44.371531],[-79.680897,44.371475],[-79.682009,44.371372],[-79.682378,44.371345],[-79.683034,44.371288],[-79.683721,44.371231],[-79.684387,44.371175],[-79.684737,44.371146],[-79.685057,44.371116],[-79.68534,44.371091],[-79.685706,44.371063],[-79.685822,44.371059],[-79.685943,44.371067],[-79.686004,44.371072],[-79.686495,44.371131],[-79.686925,44.371178],[-79.687939,44.371297],[-79.688029,44.371305],[-79.689254,44.371444],[-79.690526,44.371588],[-79.690509,44.371667],[-79.690509,44.371667],[-79.690509,44.371667],[-79.690509,44.371667],[-79.690526,44.371588],[-79.690571,44.371593],[-79.69069,44.371605],[-79.69074,44.371617],[-79.690898,44.37166],[-79.690944,44.371676],[-79.691123,44.37174],[-79.691378,44.371842],[-79.691494,44.371888],[-79.691743,44.371983],[-79.692066,44.37212],[-79.69189,44.372362],[-79.691529,44.372873],[-79.69089,44.373693],[-79.690787,44.373837],[-79.690699,44.373964],[-79.690628,44.374075],[-79.69059,44.374123],[-79.690437,44.374363],[-79.690378,44.374471],[-79.690309,44.374663],[-79.690054,44.374719],[-79.689807,44.374787],[-79.689568,44.374852],[-79.689493,44.374868],[-79.689372,44.37484],[-79.689282,44.374845],[-79.68919,44.374863],[-79.68908,44.374877],[-79.688986,44.37488],[-79.688761,44.37489],[-79.688766,44.374782],[-79.688829,44.374558],[-79.688847,44.374441],[-79.688868,44.374306],[-79.689273,44.374353],[-79.68926,44.374408],[-79.68926,44.374408]]}},{"type":"Feature","properties":{"shape_id":"GO:447338","route_id":"GO-BUS","route_short_name":"GO BUS","route_long_name":"Barrie / Newmarket","route_color":"#003767","route_text_color":"#FFFFFF","route_mode":"bus","agency_id":"go-transit","agency_name":"GO Transit","source_route_id":"09261126-68"},"geometry":{"type":"LineString","coordinates":[[-79.68926,44.374408],[-79.68926,44.374408],[-79.689273,44.374353],[-79.689707,44.374403],[-79.689787,44.374372],[-79.68985,44.374176],[-79.68979,44.37411],[-79.688914,44.374017],[-79.688871,44.374283],[-79.688868,44.374306],[-79.688847,44.374441],[-79.688829,44.374558],[-79.688766,44.374782],[-79.688761,44.37489],[-79.688657,44.374888],[-79.688708,44.374989],[-79.688812,44.374995],[-79.688971,44.374999],[-79.689225,44.374973],[-79.689317,44.374961],[-79.68936,44.374953],[-79.689381,44.374943],[-79.689397,44.374932],[-79.689493,44.374868],[-79.689568,44.374852],[-79.689807,44.374787],[-79.690054,44.374719],[-79.690309,44.374663],[-79.690378,44.374471],[-79.690437,44.374363],[-79.69059,44.374123],[-79.690628,44.374075],[-79.690699,44.373964],[-79.690787,44.373837],[-79.69089,44.373693],[-79.691529,44.372873],[-79.69189,44.372362],[-79.692066,44.37212],[-79.691743,44.371983],[-79.691494,44.371888],[-79.691378,44.371842],[-79.691123,44.37174],[-79.690944,44.371676],[-79.690898,44.37166],[-79.69074,44.371617],[-79.69069,44.371605],[-79.690571,44.371593],[-79.690526,44.371588],[-79.690534,44.371548],[-79.690534,44.371548],[-79.690534,44.371548],[-79.690534,44.371548],[-79.690526,44.371588],[-79.689254,44.371444],[-79.688029,44.371305],[-79.687939,44.371297],[-79.686925,44.371178],[-79.686495,44.371131],[-79.686004,44.371072],[-79.685943,44.371067],[-79.685822,44.371059],[-79.685706,44.371063],[-79.68534,44.371091],[-79.685057,44.371116],[-79.684737,44.371146],[-79.684387,44.371175],[-79.684376,44.371175],[-79.684373,44.371153],[-79.684373,44.371153],[-79.684373,44.371153],[-79.684373,44.371153],[-79.684376,44.371175],[-79.683721,44.371231],[-79.683034,44.371288],[-79.682378,44.371345],[-79.682009,44.371372],[-79.680897,44.371475],[-79.680212,44.371531],[-79.679536,44.371585],[-79.6792,44.371618],[-79.6788,44.371643],[-79.67843,44.371651],[-79.67822,44.371651],[-79.677887,44.371635],[-79.677622,44.371617],[-79.677419,44.371601],[-79.677092,44.37156],[-79.676771,44.371508],[-79.676452,44.371445],[-79.676258,44.371401],[-79.676159,44.371378],[-79.675434,44.371188],[-79.675226,44.371134],[-79.674926,44.371055],[-79.674204,44.370856],[-79.673901,44.370786],[-79.673657,44.370735],[-79.673473,44.370705],[-79.673159,44.370668],[-79.672991,44.370661],[-79.672773,44.370653],[-79.672358,44.370633],[-79.671858,44.370599],[-79.671483,44.370564],[-79.67115,44.370517],[-79.670677,44.370433],[-79.670442,44.370388],[-79.669986,44.370287],[-79.669718,44.370216],[-79.669655,44.370203],[-79.6695,44.37017],[-79.669248,44.370119],[-79.668757,44.370017],[-79.668389,44.369921],[-79.668183,44.369859],[-79.668102,44.369837],[-79.66802,44.369817],[-79.667995,44.369811],[-79.667945,44.369794],[-79.667881,44.36977],[-79.667751,44.36971],[-79.667629,44.369644],[-79.667556,44.369602],[-79.666611,44.369007],[-79.666477,44.368924],[-79.665483,44.36831],[-79.663988,44.367383],[-79.66358,44.36713],[-79.663451,44.367045],[-79.66336,44.36699],[-79.663247,44.366922],[-79.662941,44.366711],[-79.66283,44.366646],[-79.662508,44.366386],[-79.662611,44.36632],[-79.662611,44.36632],[-79.662611,44.36632],[-79.662611,44.36632],[-79.662508,44.366386],[-79.662496,44.366378],[-79.662224,44.366168],[-79.661944,44.365944],[-79.66137,44.365487],[-79.661237,44.365376],[-79.660256,44.364576],[-79.659059,44.363625],[-79.65821,44.362932],[-79.657454,44.36234],[-79.656863,44.361852],[-79.655677,44.36091],[-79.655554,44.360812],[-79.655448,44.360734],[-79.65532,44.360643],[-79.655199,44.360562],[-79.654955,44.360409],[-79.654856,44.36035],[-79.654658,44.360227],[-79.65426,44.359997],[-79.653771,44.359719],[-79.653653,44.359662],[-79.653447,44.359555],[-79.65326,44.359458],[-79.652391,44.359029],[-79.651695,44.358686],[-79.651508,44.358591],[-79.651034,44.35836],[-79.65069,44.35819],[-79.650554,44.358126],[-79.650366,44.358034],[-79.6503,44.358003],[-79.649763,44.357745],[-79.649383,44.357572],[-79.64909,44.357439],[-79.648793,44.35732],[-79.64857,44.357223],[-79.648153,44.357053],[-79.647509,44.356811],[-79.647278,44.356723],[-79.64717,44.356686],[-79.647033,44.356636],[-79.646963,44.356611],[-79.64702,44.356528],[-79.64702,44.356528],[-79.64702,44.356528],[-79.64702,44.356528],[-79.646963,44.356611],[-79.646877,44.35658],[-79.646495,44.356443],[-79.644856,44.35585],[-79.643801,44.355467],[-79.643037,44.355194],[-79.64289,44.355141],[-79.642148,44.35489],[-79.641979,44.354832],[-79.641816,44.354775],[-79.641865,44.354702],[-79.641865,44.354702],[-79.641865,44.354702],[-79.641865,44.354702],[-79.641816,44.354775],[-79.64178,44.354763],[-79.641488,44.354663],[-79.64101,44.354493],[-79.640303,44.354242],[-79.639401,44.353922],[-79.638601,44.353638],[-79.638246,44.353511],[-79.637935,44.353401],[-79.637298,44.353175],[-79.636521,44.352898],[-79.636576,44.352821],[-79.636576,44.352821],[-79.636576,44.352821],[-79.636576,44.352821],[-79.636521,44.352898],[-79.636211,44.352788],[-79.635986,44.352706],[-79.635826,44.352648],[-79.635561,44.352552],[-79.635416,44.3525],[-79.635265,44.352445],[-79.635062,44.352372],[-79.633735,44.351891],[-79.633464,44.351794],[-79.633515,44.351722],[-79.633515,44.351722],[-79.633515,44.351722],[-79.633515,44.351722],[-79.633464,44.351794],[-79.6331,44.351663],[-79.632729,44.35153],[-79.632443,44.351427],[-79.632294,44.351374],[-79.632153,44.351323],[-79.631385,44.351046],[-79.631072,44.350925],[-79.631043,44.350914],[-79.630835,44.350827],[-79.630617,44.35073],[-79.630559,44.350702],[-79.630297,44.350578],[-79.630077,44.350477],[-79.629942,44.350653],[-79.629529,44.351229],[-79.629496,44.351278],[-79.629464,44.351292],[-79.629427,44.351286],[-79.629118,44.351196],[-79.628901,44.351119],[-79.628706,44.351049],[-79.628651,44.35103],[-79.628509,44.350979],[-79.628452,44.350959],[-79.628314,44.350909],[-79.628029,44.3513],[-79.628026,44.351334],[-79.628044,44.351365],[-79.62806,44.351382],[-79.627851,44.351489],[-79.627851,44.351489],[-79.627851,44.351489],[-79.627851,44.351489],[-79.62806,44.351382],[-79.628077,44.351398],[-79.628179,44.351467],[-79.628342,44.351577],[-79.628515,44.351694],[-79.628678,44.351805],[-79.628764,44.35186],[-79.628795,44.351868],[-79.628847,44.351872],[-79.62888,44.351861],[-79.628915,44.351823],[-79.629137,44.351526],[-79.62921,44.35141],[-79.629205,44.351377],[-79.629184,44.351355],[-79.629044,44.351296],[-79.629118,44.351196],[-79.629427,44.351286],[-79.629464,44.351292],[-79.629496,44.351278],[-79.629529,44.351229],[-79.629942,44.350653],[-79.630077,44.350477],[-79.629954,44.350415],[-79.629758,44.350309],[-79.629506,44.350169],[-79.629307,44.350043],[-79.629017,44.349861],[-79.628782,44.349696],[-79.628518,44.349496],[-79.628374,44.34938],[-79.628234,44.349269],[-79.628092,44.34915],[-79.627982,44.349055],[-79.627867,44.348951],[-79.627703,44.3488],[-79.627588,44.348682],[-79.627715,44.348618],[-79.627715,44.348618],[-79.627715,44.348618],[-79.627715,44.348618],[-79.627588,44.348682],[-79.627381,44.348472],[-79.627071,44.348099],[-79.626984,44.347999],[-79.626751,44.347685],[-79.62664,44.347542],[-79.626536,44.347417],[-79.626383,44.347245],[-79.626,44.346803],[-79.625864,44.346637],[-79.625738,44.346473],[-79.625616,44.346322],[-79.625478,44.346142],[-79.625377,44.346015],[-79.625245,44.345812],[-79.625116,44.345598],[-79.624915,44.345227],[-79.624861,44.345108],[-79.624764,44.344923],[-79.62469,44.344754],[-79.624613,44.34456],[-79.624484,44.34419],[-79.624409,44.343905],[-79.624357,44.343672],[-79.624302,44.343457],[-79.624142,44.342748],[-79.624062,44.342413],[-79.623968,44.342074],[-79.623904,44.341847],[-79.623822,44.341555],[-79.623594,44.340503],[-79.623506,44.340158],[-79.623367,44.339542],[-79.623248,44.339035],[-79.623171,44.338696],[-79.623076,44.338236],[-79.622926,44.337599],[-79.622863,44.337279],[-79.622779,44.336948],[-79.622681,44.336584],[-79.62265,44.336481],[-79.622512,44.336027],[-79.622477,44.335912],[-79.622387,44.335587],[-79.622346,44.335419],[-79.622294,44.335209],[-79.622245,44.335029],[-79.622189,44.334825],[-79.622096,44.33451],[-79.622013,44.334184],[-79.621813,44.333483],[-79.621577,44.332571],[-79.621485,44.332238],[-79.621419,44.331987],[-79.621382,44.331862],[-79.621357,44.331788],[-79.621295,44.331559],[-79.621262,44.331448],[-79.621238,44.331351],[-79.621144,44.330982],[-79.621028,44.330543],[-79.620971,44.330318],[-79.620916,44.330112],[-79.620871,44.329937],[-79.620831,44.329817],[-79.62076,44.329563],[-79.62074,44.329476],[-79.620812,44.329467],[-79.620812,44.329467],[-79.620812,44.329467],[-79.620812,44.329467],[-79.62074,44.329476],[-79.620683,44.329228],[-79.620555,44.328803],[-79.62049,44.328588],[-79.62044,44.328411],[-79.620402,44.328279],[-79.620335,44.32804],[-79.620195,44.327546],[-79.620154,44.3274],[-79.620104,44.327244],[-79.620054,44.327085],[-79.619898,44.326497],[-79.619866,44.326371],[-79.619827,44.326227],[-79.619768,44.326006],[-79.619686,44.325699],[-79.619672,44.325627],[-79.61962,44.325371],[-79.619546,44.325115],[-79.619495,44.324921],[-79.619579,44.32491],[-79.619579,44.32491],[-79.619579,44.32491],[-79.619579,44.32491],[-79.619495,44.324921],[-79.619464,44.324802],[-79.619434,44.324684],[-79.619403,44.324576],[-79.619371,44.324474],[-79.619334,44.324369],[-79.619223,44.323934],[-79.619064,44.323303],[-79.618935,44.322833],[-79.618678,44.321906],[-79.618509,44.32126],[-79.618465,44.321093],[-79.618299,44.320465],[-79.618117,44.319845],[-79.617919,44.319092],[-79.617839,44.318806],[-79.617762,44.318557],[-79.617685,44.318258],[-79.617387,44.317113],[-79.616974,44.315579],[-79.616644,44.314281],[-79.616458,44.313592],[-79.616371,44.313254],[-79.616259,44.312876],[-79.616228,44.31272],[-79.616168,44.312481],[-79.61609,44.312129],[-79.615863,44.311051],[-79.615255,44.308186],[-79.615101,44.307355],[-79.614958,44.306731],[-79.614899,44.3064],[-79.614719,44.305575],[-79.61454,44.304852],[-79.614387,44.304089],[-79.614281,44.303537],[-79.614225,44.303288],[-79.614212,44.30323],[-79.614191,44.303128],[-79.614103,44.302677],[-79.614,44.30215],[-79.61395,44.301918],[-79.613894,44.30164],[-79.613752,44.300928],[-79.613648,44.300445],[-79.613561,44.300043],[-79.613494,44.299734],[-79.613471,44.29963],[-79.613415,44.299407],[-79.613397,44.299341],[-79.613486,44.299327],[-79.613486,44.299327],[-79.613486,44.299327],[-79.613486,44.299327],[-79.613397,44.299341],[-79.613357,44.299204],[-79.613346,44.299165],[-79.613174,44.298566],[-79.612979,44.297756],[-79.612954,44.297659],[-79.61286,44.297305],[-79.612743,44.296913],[-79.612683,44.296704],[-79.612668,44.29666],[-79.612601,44.296463],[-79.61241,44.295834],[-79.612318,44.295489],[-79.612156,44.294868],[-79.612054,44.294538],[-79.611953,44.29422],[-79.611904,44.294047],[-79.611846,44.293828],[-79.611765,44.293525],[-79.611588,44.292741],[-79.611479,44.292242],[-79.611179,44.291223],[-79.611043,44.290663],[-79.610915,44.290168],[-79.610842,44.28989],[-79.610738,44.289435],[-79.61064,44.289119],[-79.610552,44.288772],[-79.610326,44.287893],[-79.610288,44.287711],[-79.610186,44.287282],[-79.609935,44.286367],[-79.609889,44.286184],[-79.609707,44.285444],[-79.609643,44.285115],[-79.609532,44.284735],[-79.609238,44.283811],[-79.609109,44.283306],[-79.608834,44.28219],[-79.608704,44.28165],[-79.608503,44.280873],[-79.608376,44.280434],[-79.608111,44.279402],[-79.607993,44.278902],[-79.607907,44.278585],[-79.607618,44.277463],[-79.607561,44.277214],[-79.607497,44.27696],[-79.607461,44.276794],[-79.607394,44.276545],[-79.607376,44.27646],[-79.607324,44.276296],[-79.607133,44.275585],[-79.607061,44.27528],[-79.60691,44.274746],[-79.606898,44.27469],[-79.606823,44.274357],[-79.606744,44.274066],[-79.606681,44.273762],[-79.606543,44.273215],[-79.606402,44.272652],[-79.606302,44.272244],[-79.606135,44.27162],[-79.605961,44.270924],[-79.605636,44.269665],[-79.605117,44.267721],[-79.604596,44.265703],[-79.604386,44.264894],[-79.604252,44.26438],[-79.604147,44.263981],[-79.604048,44.263595],[-79.603616,44.261878],[-79.603363,44.26092],[-79.603119,44.260026],[-79.60306,44.259826],[-79.603038,44.259751],[-79.602733,44.258437],[-79.602601,44.257923],[-79.602655,44.257916],[-79.602655,44.257916],[-79.602655,44.257916],[-79.602655,44.257916],[-79.602601,44.257923],[-79.602598,44.25791],[-79.602527,44.25768],[-79.602183,44.256402],[-79.601868,44.255046],[-79.601736,44.254545],[-79.601551,44.253863],[-79.601705,44.253843],[-79.601705,44.253843],[-79.601705,44.253843],[-79.601705,44.253843],[-79.601551,44.253863],[-79.60155,44.253858],[-79.601336,44.252954],[-79.60131,44.25285],[-79.601122,44.252156],[-79.601057,44.251895],[-79.601011,44.251712],[-79.600978,44.25157],[-79.600953,44.251458],[-79.600903,44.251257],[-79.600845,44.251025],[-79.600757,44.25067],[-79.600625,44.250089],[-79.600537,44.249721],[-79.600497,44.24956],[-79.600345,44.248914],[-79.599979,44.247523],[-79.599469,44.245531],[-79.599429,44.24537],[-79.599339,44.244957],[-79.599019,44.243616],[-79.598657,44.242304],[-79.598583,44.241938],[-79.598487,44.241534],[-79.598413,44.24114],[-79.598354,44.240809],[-79.598162,44.240153],[-79.59808,44.239865],[-79.598037,44.23972],[-79.597939,44.239349],[-79.597871,44.239181],[-79.597827,44.239013],[-79.597433,44.237389],[-79.597384,44.237143],[-79.59727,44.23658],[-79.597067,44.235857],[-79.596828,44.235024],[-79.596595,44.234048],[-79.595736,44.230746],[-79.595283,44.228988],[-79.594985,44.227929],[-79.5949,44.227608],[-79.594837,44.22731],[-79.594768,44.226957],[-79.594638,44.226424],[-79.594452,44.22577],[-79.594417,44.225647],[-79.594348,44.225359],[-79.59403,44.224076],[-79.593926,44.223671],[-79.593667,44.222719],[-79.593473,44.222064],[-79.593346,44.221693],[-79.593244,44.221419],[-79.59312,44.221118],[-79.592999,44.220842],[-79.592894,44.220594],[-79.592651,44.220103],[-79.592386,44.219551],[-79.591981,44.218762],[-79.591699,44.218199],[-79.591589,44.218019],[-79.59131,44.217476],[-79.591282,44.217423],[-79.590982,44.21686],[-79.590799,44.216449],[-79.590687,44.216223],[-79.590512,44.215832],[-79.590407,44.215597],[-79.590362,44.215501],[-79.59031,44.215389],[-79.590389,44.215369],[-79.590389,44.215369],[-79.590389,44.215369],[-79.590389,44.215369],[-79.59031,44.215389],[-79.590231,44.215222],[-79.590072,44.214935],[-79.589947,44.21471],[-79.589758,44.21437],[-79.589626,44.21414],[-79.589446,44.213762],[-79.58938,44.213627],[-79.589185,44.213178],[-79.589043,44.212854],[-79.588913,44.212566],[-79.588826,44.212316],[-79.588785,44.21218],[-79.588741,44.212049],[-79.588646,44.211725],[-79.588625,44.21165],[-79.58857,44.211461],[-79.588218,44.210032],[-79.587887,44.208672],[-79.587472,44.206947],[-79.587327,44.206324],[-79.587275,44.206079],[-79.587202,44.205801],[-79.587018,44.205102],[-79.586791,44.204282],[-79.586611,44.2037],[-79.586268,44.202385],[-79.585944,44.20119],[-79.58593,44.20114],[-79.585697,44.200159],[-79.585465,44.199138],[-79.585299,44.198408],[-79.584653,44.195766],[-79.584467,44.194946],[-79.584281,44.194125],[-79.584112,44.193398],[-79.583949,44.192688],[-79.583303,44.190017],[-79.583221,44.189644],[-79.582987,44.188721],[-79.582866,44.188248],[-79.582756,44.187841],[-79.582611,44.187172],[-79.582528,44.186851],[-79.582498,44.186709],[-79.582302,44.185822],[-79.582133,44.185021],[-79.581685,44.183157],[-79.580864,44.179805],[-79.580335,44.17757],[-79.580033,44.176296],[-79.579823,44.175482],[-79.579576,44.174393],[-79.579409,44.173661],[-79.578968,44.171565],[-79.578851,44.170966],[-79.57877,44.170699],[-79.578548,44.169663],[-79.578443,44.169191],[-79.57838,44.168877],[-79.577915,44.167143],[-79.577667,44.166324],[-79.577117,44.164025],[-79.576949,44.163262],[-79.57684,44.162957],[-79.576704,44.162309],[-79.57668,44.162197],[-79.576282,44.160678],[-79.575901,44.159026],[-79.575749,44.158369],[-79.575418,44.157077],[-79.57519,44.156286],[-79.57508,44.155878],[-79.575045,44.155746],[-79.574958,44.155244],[-79.574871,44.154872],[-79.574646,44.154286],[-79.574617,44.154177],[-79.574365,44.152975],[-79.574056,44.151706],[-79.573951,44.1512],[-79.573876,44.15081],[-79.573742,44.150234],[-79.573631,44.149792],[-79.573561,44.14949],[-79.573096,44.1475],[-79.572915,44.146755],[-79.57277,44.146091],[-79.572595,44.145242],[-79.572461,44.144788],[-79.571782,44.142233],[-79.571693,44.141739],[-79.571423,44.140471],[-79.571352,44.140139],[-79.571193,44.1394],[-79.571048,44.138853],[-79.570978,44.138585],[-79.57078,44.137712],[-79.5706,44.137054],[-79.570297,44.135787],[-79.570041,44.134622],[-79.56973,44.133371],[-79.569564,44.132702],[-79.569325,44.131853],[-79.568995,44.130673],[-79.568816,44.130032],[-79.568537,44.128893],[-79.568416,44.128397],[-79.568304,44.127946],[-79.568137,44.127272],[-79.568127,44.127227],[-79.568088,44.127081],[-79.568009,44.12675],[-79.567991,44.126674],[-79.568081,44.126663],[-79.568081,44.126663],[-79.568081,44.126663],[-79.568081,44.126663],[-79.567991,44.126674],[-79.567958,44.126541],[-79.567882,44.126145],[-79.567754,44.125586],[-79.567662,44.125237],[-79.567631,44.125138],[-79.567608,44.125004],[-79.567486,44.12448],[-79.567242,44.123608],[-79.567173,44.123328],[-79.566892,44.122371],[-79.566822,44.122127],[-79.566788,44.122014],[-79.566643,44.121344],[-79.566517,44.120827],[-79.566522,44.120827],[-79.566522,44.120827],[-79.566522,44.120827],[-79.566522,44.120827],[-79.566517,44.120827],[-79.566485,44.120698],[-79.566293,44.119843],[-79.566125,44.119168],[-79.565992,44.118712],[-79.565915,44.118446],[-79.56587,44.118263],[-79.565799,44.117975],[-79.565712,44.117691],[-79.565601,44.117254],[-79.565526,44.11705],[-79.565485,44.116882],[-79.565398,44.116456],[-79.565357,44.116288],[-79.565263,44.115822],[-79.565089,44.115263],[-79.565028,44.115077],[-79.564991,44.11494],[-79.564931,44.114718],[-79.565096,44.114696],[-79.565096,44.114696],[-79.565096,44.114696],[-79.565096,44.114696],[-79.564931,44.114718],[-79.564925,44.114691],[-79.564859,44.114453],[-79.564817,44.114281],[-79.564058,44.114455],[-79.563451,44.114593],[-79.562486,44.114814],[-79.561668,44.115004],[-79.561194,44.11511],[-79.560571,44.11525],[-79.560332,44.115303],[-79.56011,44.115356],[-79.56007,44.115272],[-79.56007,44.115272],[-79.56007,44.115272],[-79.56007,44.115272],[-79.56011,44.115356],[-79.560007,44.115381],[-79.559734,44.115443],[-79.559014,44.115609],[-79.558682,44.115684],[-79.558198,44.115792],[-79.557994,44.115833],[-79.557764,44.115862],[-79.557511,44.115872],[-79.557292,44.115873],[-79.557135,44.115867],[-79.556998,44.115854],[-79.556881,44.115838],[-79.556644,44.115795],[-79.556552,44.115776],[-79.556378,44.115739],[-79.556129,44.115684],[-79.556057,44.115776],[-79.555638,44.116287],[-79.555589,44.116339],[-79.555582,44.116381],[-79.555573,44.116398],[-79.555561,44.116414],[-79.55566,44.116462],[-79.555671,44.116468],[-79.555761,44.116539],[-79.555772,44.116549],[-79.555691,44.116596],[-79.555691,44.116596],[-79.555691,44.116596],[-79.555691,44.116596],[-79.555772,44.116549],[-79.555881,44.116644],[-79.55593,44.116676],[-79.555991,44.116716],[-79.556072,44.116775],[-79.556123,44.116811],[-79.556189,44.116876],[-79.556226,44.116943],[-79.556247,44.11699],[-79.55632,44.11708],[-79.556916,44.117731],[-79.557018,44.117854],[-79.557099,44.117874],[-79.557231,44.117882],[-79.557773,44.117751],[-79.557716,44.117523],[-79.557586,44.11702],[-79.557533,44.116836],[-79.557489,44.116684],[-79.55744,44.116511],[-79.557398,44.116367],[-79.557322,44.116057],[-79.557292,44.115873],[-79.557135,44.115867],[-79.556998,44.115854],[-79.556881,44.115838],[-79.556644,44.115795],[-79.556552,44.115776],[-79.556378,44.115739],[-79.556129,44.115684],[-79.555394,44.115514],[-79.554451,44.115303],[-79.553584,44.115107],[-79.553347,44.115054],[-79.553098,44.114998],[-79.552233,44.114804],[-79.551973,44.114746],[-79.551186,44.114566],[-79.549991,44.114292],[-79.549357,44.114139],[-79.547423,44.113672],[-79.547159,44.11361],[-79.547046,44.113582],[-79.546931,44.113551],[-79.546711,44.113503],[-79.546255,44.113384],[-79.545585,44.113235],[-79.545529,44.113222],[-79.54549,44.113208],[-79.545342,44.113159],[-79.545232,44.113122],[-79.545146,44.113099],[-79.544895,44.113033],[-79.544823,44.113014],[-79.543934,44.112797],[-79.543354,44.112654],[-79.542927,44.112545],[-79.542384,44.112402],[-79.541589,44.112181],[-79.540923,44.112004],[-79.540379,44.111853],[-79.539455,44.111606],[-79.537987,44.111205],[-79.537202,44.110996],[-79.533352,44.109951],[-79.531831,44.109539],[-79.529492,44.108905],[-79.527882,44.108466],[-79.525181,44.107738],[-79.523044,44.10716],[-79.522909,44.107121],[-79.522826,44.107045],[-79.522649,44.106976],[-79.522461,44.106913],[-79.522151,44.106803],[-79.522031,44.106759],[-79.521816,44.106669],[-79.521731,44.106636],[-79.521426,44.1065],[-79.521252,44.10642],[-79.521171,44.106382],[-79.520952,44.106277],[-79.520494,44.106035],[-79.520422,44.105994],[-79.520097,44.105806],[-79.519985,44.105735],[-79.519517,44.105428],[-79.518912,44.104953],[-79.518793,44.105028],[-79.51877,44.105042],[-79.518555,44.10519],[-79.518409,44.105321],[-79.5183,44.10544],[-79.518149,44.105607],[-79.517953,44.105827],[-79.517458,44.105694],[-79.516685,44.105485],[-79.515428,44.105145],[-79.514904,44.105008],[-79.514877,44.105034],[-79.51485,44.105053],[-79.514775,44.105094],[-79.514658,44.105143],[-79.51461,44.10516],[-79.514391,44.105208],[-79.513983,44.105308],[-79.513616,44.10539],[-79.513599,44.105362],[-79.513582,44.105345],[-79.513557,44.105334],[-79.513246,44.105256],[-79.513272,44.105201],[-79.513272,44.105201],[-79.513272,44.105201],[-79.513272,44.105201],[-79.513246,44.105256],[-79.512714,44.105122],[-79.512209,44.104991],[-79.511505,44.104809],[-79.510624,44.104575],[-79.510489,44.104538],[-79.510374,44.104508],[-79.51026,44.104478],[-79.508999,44.104166],[-79.50773,44.103831],[-79.506443,44.103502],[-79.505327,44.103213],[-79.50517,44.103172],[-79.50519,44.103133],[-79.50519,44.103133],[-79.50519,44.103133],[-79.50519,44.103133],[-79.50517,44.103172],[-79.504496,44.102998],[-79.504434,44.102982],[-79.503816,44.102825],[-79.502796,44.10256],[-79.502481,44.102479],[-79.501567,44.10224],[-79.501303,44.102162],[-79.501194,44.102124],[-79.501068,44.102069],[-79.500655,44.10188],[-79.499999,44.101568],[-79.499774,44.101478],[-79.499124,44.101163],[-79.497723,44.100484],[-79.497787,44.100416],[-79.497787,44.100416],[-79.497787,44.100416],[-79.497787,44.100416],[-79.497723,44.100484],[-79.497487,44.100371],[-79.497384,44.100316],[-79.497339,44.100289],[-79.497303,44.100264],[-79.49727,44.100233],[-79.497234,44.100196],[-79.496853,44.100264],[-79.496346,44.100379],[-79.496219,44.100407],[-79.496052,44.100447],[-79.494996,44.100683],[-79.494244,44.100856],[-79.493029,44.101136],[-79.492779,44.101189],[-79.492605,44.101228],[-79.492072,44.101337],[-79.491989,44.101353],[-79.491944,44.10123],[-79.491944,44.10123],[-79.491944,44.10123],[-79.491944,44.10123],[-79.491989,44.101353],[-79.491552,44.101435],[-79.491531,44.101306],[-79.491481,44.101092],[-79.491461,44.101026],[-79.491429,44.100911],[-79.491278,44.100326],[-79.491219,44.100097],[-79.491163,44.099887],[-79.490902,44.098807],[-79.490806,44.098419],[-79.490689,44.097897],[-79.490677,44.09785],[-79.490706,44.097847],[-79.490706,44.097847],[-79.490706,44.097847],[-79.490706,44.097847],[-79.490677,44.09785],[-79.490676,44.097844],[-79.490611,44.097551],[-79.490571,44.097396],[-79.490459,44.096969],[-79.49032,44.096456],[-79.490204,44.095966],[-79.49012,44.095588],[-79.490182,44.095581],[-79.490182,44.095581],[-79.490182,44.095581],[-79.490182,44.095581],[-79.49012,44.095588],[-79.490103,44.095514],[-79.490026,44.09515],[-79.489997,44.095014],[-79.489866,44.094483],[-79.489728,44.093982],[-79.489615,44.093512],[-79.489596,44.093422],[-79.489558,44.093265],[-79.48948,44.092952],[-79.489462,44.092895],[-79.489444,44.092823],[-79.489419,44.092647],[-79.489415,44.092581],[-79.489417,44.092407],[-79.489426,44.092286],[-79.489464,44.092101],[-79.489489,44.092012],[-79.489519,44.091937],[-79.489559,44.091819],[-79.489617,44.091709],[-79.489685,44.09157],[-79.489744,44.091461],[-79.489814,44.091356],[-79.48995,44.091173],[-79.490116,44.090952],[-79.490157,44.0909],[-79.490272,44.09075],[-79.490579,44.090332],[-79.490741,44.09011],[-79.490999,44.089772],[-79.492269,44.088104],[-79.492381,44.087918],[-79.492441,44.08778],[-79.492464,44.087658],[-79.492471,44.087483],[-79.49246,44.087364],[-79.492435,44.087245],[-79.492426,44.087211],[-79.492382,44.087102],[-79.492326,44.086999],[-79.492258,44.086906],[-79.492178,44.086821],[-79.492127,44.086777],[-79.492018,44.086694],[-79.491875,44.086607],[-79.491698,44.086488],[-79.491353,44.086269],[-79.491122,44.086112],[-79.491078,44.086074],[-79.490945,44.08596],[-79.490783,44.085801],[-79.490631,44.085633],[-79.490466,44.085438],[-79.490254,44.085193],[-79.49012,44.085045],[-79.489944,44.084871],[-79.48975,44.084709],[-79.4884,44.0837],[-79.488247,44.083589],[-79.488007,44.083422],[-79.487817,44.083298],[-79.487414,44.083097],[-79.487304,44.083018],[-79.487284,44.082999],[-79.487269,44.082977],[-79.487252,44.082943],[-79.487236,44.082877],[-79.487229,44.082813],[-79.487235,44.082759],[-79.487258,44.082712],[-79.4873,44.082667],[-79.487394,44.082603],[-79.487581,44.082519],[-79.487689,44.082474],[-79.487822,44.082414],[-79.487588,44.082093],[-79.487542,44.082032],[-79.487415,44.08185],[-79.487257,44.081603],[-79.487182,44.081475],[-79.487114,44.08135],[-79.486986,44.081093],[-79.486871,44.080834],[-79.486777,44.08059],[-79.486673,44.080309],[-79.486551,44.07987],[-79.486249,44.0786],[-79.486141,44.078166],[-79.486094,44.077963],[-79.485949,44.077359],[-79.485817,44.076804],[-79.48581,44.076779],[-79.485561,44.07565],[-79.485539,44.075556],[-79.485481,44.075292],[-79.485366,44.074772],[-79.485331,44.074619],[-79.485219,44.074118],[-79.485173,44.073918],[-79.485067,44.073461],[-79.484985,44.073123],[-79.484936,44.072935],[-79.484905,44.072824],[-79.484818,44.072844],[-79.484721,44.072864],[-79.484175,44.072989],[-79.484125,44.072999],[-79.482657,44.073344],[-79.482392,44.073406],[-79.481796,44.073545],[-79.48148,44.073618],[-79.481434,44.073514],[-79.481434,44.073514],[-79.481434,44.073514],[-79.481434,44.073514],[-79.48148,44.073618],[-79.481269,44.073667],[-79.480819,44.07378],[-79.480587,44.073843],[-79.480516,44.073904],[-79.479721,44.074111],[-79.479264,44.07423],[-79.478997,44.074291],[-79.477729,44.07458],[-79.475853,44.075001],[-79.474651,44.075279],[-79.473768,44.075482],[-79.473275,44.075572],[-79.472265,44.075779],[-79.472076,44.075817],[-79.47187,44.075875],[-79.471168,44.076023],[-79.470767,44.076116],[-79.47011,44.076284],[-79.469385,44.076448],[-79.468664,44.076616],[-79.467917,44.076788],[-79.466841,44.077009],[-79.465857,44.077201],[-79.465044,44.077369],[-79.462932,44.077783],[-79.461616,44.07803],[-79.461322,44.078096],[-79.461065,44.078149],[-79.460877,44.078124],[-79.460383,44.078214],[-79.460334,44.078224],[-79.459603,44.078368],[-79.459325,44.078423],[-79.457921,44.078697],[-79.457859,44.078711],[-79.457667,44.07818],[-79.457481,44.078227],[-79.457408,44.078219],[-79.457328,44.078202],[-79.457258,44.078192],[-79.457193,44.078186],[-79.457117,44.07819],[-79.456778,44.07827],[-79.456698,44.078288],[-79.456672,44.078233],[-79.456672,44.078233],[-79.456672,44.078233],[-79.456672,44.078233],[-79.456698,44.078288],[-79.456247,44.078396],[-79.456145,44.078431],[-79.456126,44.078438],[-79.456073,44.078476],[-79.456034,44.078516],[-79.45601,44.078548],[-79.455992,44.078593],[-79.455988,44.078637],[-79.455997,44.078671],[-79.456024,44.078728],[-79.456057,44.078762],[-79.456095,44.078792],[-79.45613,44.078808],[-79.456163,44.078819],[-79.456237,44.078829],[-79.456283,44.07883],[-79.456296,44.078828],[-79.456372,44.07882],[-79.457133,44.078625],[-79.457211,44.078595],[-79.457268,44.078564],[-79.457317,44.078524],[-79.457343,44.07848],[-79.457373,44.078378],[-79.457411,44.078307],[-79.457481,44.078227],[-79.457667,44.07818],[-79.457859,44.078711],[-79.457911,44.078857],[-79.458493,44.078742],[-79.458712,44.078698],[-79.459227,44.078596],[-79.459783,44.078486],[-79.460177,44.078407],[-79.460366,44.078367],[-79.460334,44.078224],[-79.460241,44.077816],[-79.460118,44.07727],[-79.459945,44.076625],[-79.459869,44.076341],[-79.459753,44.075892],[-79.459628,44.075406],[-79.459623,44.075372],[-79.459379,44.074421],[-79.459207,44.073707],[-79.45914,44.073433],[-79.459046,44.073008],[-79.459007,44.072849],[-79.45897,44.072715],[-79.458924,44.072534],[-79.458835,44.072244],[-79.458787,44.072077],[-79.458716,44.07184],[-79.458708,44.071808],[-79.458683,44.071699],[-79.458664,44.071575],[-79.458646,44.071405],[-79.458646,44.071263],[-79.458653,44.071111],[-79.458686,44.070927],[-79.458723,44.070753],[-79.458728,44.070732],[-79.458771,44.070585],[-79.458843,44.070403],[-79.458913,44.070247],[-79.459096,44.069917],[-79.459104,44.0699],[-79.45914,44.069842],[-79.459342,44.069481],[-79.459496,44.069209],[-79.459564,44.06909],[-79.459639,44.068946],[-79.459663,44.068899],[-79.459675,44.068871],[-79.459712,44.068792],[-79.459764,44.068672],[-79.459788,44.068573],[-79.459827,44.068428],[-79.459842,44.068293],[-79.45985,44.068162],[-79.45985,44.068096],[-79.45985,44.06806],[-79.459838,44.067957],[-79.459812,44.067791],[-79.459803,44.067741],[-79.459732,44.067362],[-79.459709,44.067192],[-79.459687,44.067063],[-79.45968,44.066959],[-79.459677,44.066877],[-79.45968,44.066824],[-79.459696,44.066683],[-79.459725,44.066541],[-79.459788,44.066375],[-79.45987,44.06623],[-79.459962,44.066085],[-79.460058,44.065964],[-79.460143,44.065876],[-79.460287,44.065751],[-79.460402,44.065667],[-79.460531,44.065582],[-79.460658,44.065508],[-79.460813,44.065433],[-79.46107,44.065329],[-79.461239,44.065267],[-79.46128,44.065256],[-79.46142,44.065217],[-79.461661,44.065139],[-79.461896,44.065058],[-79.462095,44.064987],[-79.462282,44.064906],[-79.462441,44.064817],[-79.462551,44.064739],[-79.462686,44.06464],[-79.462771,44.064559],[-79.462921,44.064385],[-79.463048,44.064184],[-79.463102,44.064056],[-79.463173,44.063847],[-79.463194,44.063727],[-79.463199,44.063617],[-79.463199,44.063532],[-79.463177,44.063398],[-79.463148,44.063284],[-79.463104,44.06318],[-79.463063,44.063092],[-79.462998,44.06296],[-79.462983,44.062931],[-79.462613,44.06229],[-79.462585,44.062242],[-79.462457,44.061998],[-79.462422,44.061941],[-79.462331,44.061734],[-79.462193,44.061409],[-79.461664,44.060218],[-79.46149,44.059821],[-79.461426,44.059664],[-79.461329,44.059447],[-79.461248,44.059261],[-79.461222,44.059207],[-79.461154,44.05907],[-79.460886,44.05912],[-79.460516,44.059194],[-79.460233,44.059253],[-79.459748,44.059343],[-79.459512,44.059384],[-79.459356,44.059411],[-79.459252,44.059437],[-79.459025,44.059488],[-79.459008,44.059453],[-79.459008,44.059453],[-79.459008,44.059453],[-79.459008,44.059453],[-79.459025,44.059488],[-79.458874,44.059522],[-79.458402,44.059638],[-79.458297,44.059668],[-79.458191,44.059692],[-79.458056,44.059727],[-79.457914,44.059766],[-79.457632,44.059841],[-79.4575,44.059877],[-79.456781,44.060066],[-79.456414,44.060153],[-79.456012,44.060256],[-79.455861,44.060292],[-79.455669,44.060336],[-79.455235,44.06043],[-79.45506,44.060463],[-79.454806,44.060515],[-79.454526,44.060569],[-79.454405,44.060594],[-79.454395,44.060566],[-79.454395,44.060566],[-79.454395,44.060566],[-79.454395,44.060566],[-79.454405,44.060594],[-79.454228,44.060629],[-79.454196,44.060486],[-79.454143,44.060297],[-79.454103,44.060128],[-79.454067,44.059982],[-79.453854,44.059116],[-79.453829,44.059019],[-79.453674,44.058364],[-79.453555,44.057811],[-79.453536,44.057711],[-79.45351,44.057546],[-79.453455,44.057227],[-79.453418,44.056987],[-79.453407,44.056877],[-79.453405,44.056794],[-79.45338666842106,44.05647]]}},{"type":"Feature","properties":{"shape_id":"GO:447339","route_id":"GO-BUS","route_short_name":"GO BUS","route_long_name":"Barrie / Newmarket","route_color":"#003767","route_text_color":"#FFFFFF","route_mode":"bus","agency_id":"go-transit","agency_name":"GO Transit","source_route_id":"09261126-68"},"geometry":{"type":"LineString","coordinates":[[-79.68926,44.374408],[-79.68926,44.374408],[-79.689273,44.374353],[-79.689707,44.374403],[-79.689787,44.374372],[-79.68985,44.374176],[-79.68979,44.37411],[-79.688914,44.374017],[-79.688871,44.374283],[-79.688868,44.374306],[-79.688847,44.374441],[-79.688829,44.374558],[-79.688766,44.374782],[-79.688761,44.37489],[-79.688657,44.374888],[-79.688708,44.374989],[-79.688812,44.374995],[-79.688971,44.374999],[-79.689225,44.374973],[-79.689317,44.374961],[-79.68936,44.374953],[-79.689381,44.374943],[-79.689397,44.374932],[-79.689493,44.374868],[-79.689568,44.374852],[-79.689807,44.374787],[-79.690054,44.374719],[-79.690309,44.374663],[-79.690378,44.374471],[-79.690437,44.374363],[-79.69059,44.374123],[-79.690628,44.374075],[-79.690699,44.373964],[-79.690787,44.373837],[-79.69089,44.373693],[-79.691529,44.372873],[-79.69189,44.372362],[-79.692066,44.37212],[-79.691743,44.371983],[-79.691494,44.371888],[-79.691378,44.371842],[-79.691123,44.37174],[-79.690944,44.371676],[-79.690898,44.37166],[-79.69074,44.371617],[-79.69069,44.371605],[-79.690571,44.371593],[-79.690526,44.371588],[-79.690534,44.371548],[-79.690534,44.371548],[-79.690534,44.371548],[-79.690534,44.371548],[-79.690526,44.371588],[-79.689254,44.371444],[-79.688029,44.371305],[-79.687939,44.371297],[-79.686925,44.371178],[-79.686495,44.371131],[-79.686004,44.371072],[-79.685943,44.371067],[-79.685822,44.371059],[-79.685706,44.371063],[-79.68534,44.371091],[-79.685057,44.371116],[-79.684737,44.371146],[-79.684387,44.371175],[-79.684376,44.371175],[-79.684373,44.371153],[-79.684373,44.371153],[-79.684373,44.371153],[-79.684373,44.371153],[-79.684376,44.371175],[-79.683721,44.371231],[-79.683034,44.371288],[-79.682378,44.371345],[-79.682009,44.371372],[-79.680897,44.371475],[-79.680212,44.371531],[-79.679536,44.371585],[-79.6792,44.371618],[-79.6788,44.371643],[-79.67843,44.371651],[-79.67822,44.371651],[-79.677887,44.371635],[-79.677622,44.371617],[-79.677419,44.371601],[-79.677092,44.37156],[-79.676771,44.371508],[-79.676452,44.371445],[-79.676258,44.371401],[-79.676159,44.371378],[-79.675434,44.371188],[-79.675226,44.371134],[-79.674926,44.371055],[-79.674204,44.370856],[-79.673901,44.370786],[-79.673657,44.370735],[-79.673473,44.370705],[-79.673159,44.370668],[-79.672991,44.370661],[-79.672773,44.370653],[-79.672358,44.370633],[-79.671858,44.370599],[-79.671483,44.370564],[-79.67115,44.370517],[-79.670677,44.370433],[-79.670442,44.370388],[-79.669986,44.370287],[-79.669718,44.370216],[-79.669655,44.370203],[-79.6695,44.37017],[-79.669248,44.370119],[-79.668757,44.370017],[-79.668389,44.369921],[-79.668183,44.369859],[-79.668102,44.369837],[-79.66802,44.369817],[-79.667995,44.369811],[-79.667945,44.369794],[-79.667881,44.36977],[-79.667751,44.36971],[-79.667629,44.369644],[-79.667556,44.369602],[-79.666611,44.369007],[-79.666477,44.368924],[-79.665483,44.36831],[-79.663988,44.367383],[-79.66358,44.36713],[-79.663451,44.367045],[-79.66336,44.36699],[-79.663247,44.366922],[-79.662941,44.366711],[-79.66283,44.366646],[-79.662508,44.366386],[-79.662611,44.36632],[-79.662611,44.36632],[-79.662611,44.36632],[-79.662611,44.36632],[-79.662508,44.366386],[-79.662496,44.366378],[-79.662224,44.366168],[-79.661944,44.365944],[-79.66137,44.365487],[-79.661237,44.365376],[-79.660256,44.364576],[-79.659059,44.363625],[-79.65821,44.362932],[-79.657454,44.36234],[-79.656863,44.361852],[-79.655677,44.36091],[-79.655554,44.360812],[-79.655448,44.360734],[-79.65532,44.360643],[-79.655199,44.360562],[-79.654955,44.360409],[-79.654856,44.36035],[-79.654658,44.360227],[-79.65426,44.359997],[-79.653771,44.359719],[-79.653653,44.359662],[-79.653447,44.359555],[-79.65326,44.359458],[-79.652391,44.359029],[-79.651695,44.358686],[-79.651508,44.358591],[-79.651034,44.35836],[-79.65069,44.35819],[-79.650554,44.358126],[-79.650366,44.358034],[-79.6503,44.358003],[-79.649763,44.357745],[-79.649383,44.357572],[-79.64909,44.357439],[-79.648793,44.35732],[-79.64857,44.357223],[-79.648153,44.357053],[-79.647509,44.356811],[-79.647278,44.356723],[-79.64717,44.356686],[-79.647033,44.356636],[-79.646963,44.356611],[-79.64702,44.356528],[-79.64702,44.356528],[-79.64702,44.356528],[-79.64702,44.356528],[-79.646963,44.356611],[-79.646877,44.35658],[-79.646495,44.356443],[-79.644856,44.35585],[-79.643801,44.355467],[-79.643037,44.355194],[-79.64289,44.355141],[-79.642148,44.35489],[-79.641979,44.354832],[-79.641816,44.354775],[-79.641865,44.354702],[-79.641865,44.354702],[-79.641865,44.354702],[-79.641865,44.354702],[-79.641816,44.354775],[-79.64178,44.354763],[-79.641488,44.354663],[-79.64101,44.354493],[-79.640303,44.354242],[-79.639401,44.353922],[-79.638601,44.353638],[-79.638246,44.353511],[-79.637935,44.353401],[-79.637298,44.353175],[-79.636521,44.352898],[-79.636576,44.352821],[-79.636576,44.352821],[-79.636576,44.352821],[-79.636576,44.352821],[-79.636521,44.352898],[-79.636211,44.352788],[-79.635986,44.352706],[-79.635826,44.352648],[-79.635561,44.352552],[-79.635416,44.3525],[-79.635265,44.352445],[-79.635062,44.352372],[-79.633735,44.351891],[-79.633464,44.351794],[-79.633515,44.351722],[-79.633515,44.351722],[-79.633515,44.351722],[-79.633515,44.351722],[-79.633464,44.351794],[-79.6331,44.351663],[-79.632729,44.35153],[-79.632443,44.351427],[-79.632294,44.351374],[-79.632153,44.351323],[-79.631385,44.351046],[-79.631072,44.350925],[-79.631043,44.350914],[-79.630835,44.350827],[-79.630617,44.35073],[-79.630559,44.350702],[-79.630297,44.350578],[-79.630077,44.350477],[-79.629942,44.350653],[-79.629529,44.351229],[-79.629496,44.351278],[-79.629464,44.351292],[-79.629427,44.351286],[-79.629118,44.351196],[-79.628901,44.351119],[-79.628706,44.351049],[-79.628651,44.35103],[-79.628509,44.350979],[-79.628452,44.350959],[-79.628314,44.350909],[-79.628029,44.3513],[-79.628026,44.351334],[-79.628044,44.351365],[-79.62806,44.351382],[-79.627851,44.351489],[-79.627851,44.351489],[-79.627851,44.351489],[-79.627851,44.351489],[-79.62806,44.351382],[-79.628077,44.351398],[-79.628179,44.351467],[-79.628342,44.351577],[-79.628515,44.351694],[-79.628678,44.351805],[-79.628764,44.35186],[-79.628795,44.351868],[-79.628847,44.351872],[-79.62888,44.351861],[-79.628915,44.351823],[-79.629137,44.351526],[-79.62921,44.35141],[-79.629205,44.351377],[-79.629184,44.351355],[-79.629044,44.351296],[-79.629118,44.351196],[-79.629427,44.351286],[-79.629464,44.351292],[-79.629496,44.351278],[-79.629529,44.351229],[-79.629942,44.350653],[-79.630077,44.350477],[-79.629954,44.350415],[-79.629758,44.350309],[-79.629506,44.350169],[-79.629307,44.350043],[-79.629017,44.349861],[-79.628782,44.349696],[-79.628518,44.349496],[-79.628374,44.34938],[-79.628234,44.349269],[-79.628092,44.34915],[-79.627982,44.349055],[-79.627867,44.348951],[-79.627703,44.3488],[-79.627588,44.348682],[-79.627715,44.348618],[-79.627715,44.348618],[-79.627715,44.348618],[-79.627715,44.348618],[-79.627588,44.348682],[-79.627381,44.348472],[-79.627071,44.348099],[-79.626984,44.347999],[-79.626751,44.347685],[-79.62664,44.347542],[-79.626536,44.347417],[-79.626383,44.347245],[-79.626,44.346803],[-79.625864,44.346637],[-79.625738,44.346473],[-79.625616,44.346322],[-79.625478,44.346142],[-79.625377,44.346015],[-79.625245,44.345812],[-79.625116,44.345598],[-79.624915,44.345227],[-79.624861,44.345108],[-79.624764,44.344923],[-79.62469,44.344754],[-79.624613,44.34456],[-79.624484,44.34419],[-79.624409,44.343905],[-79.624357,44.343672],[-79.624302,44.343457],[-79.624142,44.342748],[-79.624062,44.342413],[-79.623968,44.342074],[-79.623904,44.341847],[-79.623822,44.341555],[-79.623594,44.340503],[-79.623506,44.340158],[-79.623367,44.339542],[-79.623248,44.339035],[-79.623171,44.338696],[-79.623076,44.338236],[-79.622926,44.337599],[-79.622863,44.337279],[-79.622779,44.336948],[-79.622681,44.336584],[-79.62265,44.336481],[-79.622512,44.336027],[-79.622477,44.335912],[-79.622387,44.335587],[-79.622346,44.335419],[-79.622294,44.335209],[-79.622245,44.335029],[-79.622189,44.334825],[-79.622096,44.33451],[-79.622013,44.334184],[-79.621813,44.333483],[-79.621577,44.332571],[-79.621485,44.332238],[-79.621419,44.331987],[-79.621382,44.331862],[-79.621357,44.331788],[-79.621295,44.331559],[-79.621262,44.331448],[-79.621238,44.331351],[-79.621144,44.330982],[-79.621028,44.330543],[-79.620971,44.330318],[-79.620916,44.330112],[-79.620871,44.329937],[-79.620831,44.329817],[-79.62076,44.329563],[-79.62074,44.329476],[-79.620812,44.329467],[-79.620812,44.329467],[-79.620812,44.329467],[-79.620812,44.329467],[-79.62074,44.329476],[-79.620683,44.329228],[-79.620555,44.328803],[-79.62049,44.328588],[-79.62044,44.328411],[-79.620402,44.328279],[-79.620335,44.32804],[-79.620195,44.327546],[-79.620154,44.3274],[-79.620104,44.327244],[-79.620054,44.327085],[-79.619898,44.326497],[-79.619866,44.326371],[-79.619827,44.326227],[-79.619768,44.326006],[-79.619686,44.325699],[-79.619672,44.325627],[-79.61962,44.325371],[-79.619546,44.325115],[-79.619495,44.324921],[-79.619579,44.32491],[-79.619579,44.32491],[-79.619579,44.32491],[-79.619579,44.32491],[-79.619495,44.324921],[-79.619464,44.324802],[-79.619434,44.324684],[-79.619403,44.324576],[-79.619371,44.324474],[-79.619334,44.324369],[-79.619223,44.323934],[-79.619064,44.323303],[-79.618935,44.322833],[-79.618678,44.321906],[-79.618509,44.32126],[-79.618465,44.321093],[-79.618299,44.320465],[-79.618117,44.319845],[-79.617919,44.319092],[-79.617839,44.318806],[-79.617762,44.318557],[-79.617685,44.318258],[-79.617387,44.317113],[-79.616974,44.315579],[-79.616644,44.314281],[-79.616458,44.313592],[-79.616371,44.313254],[-79.616259,44.312876],[-79.616228,44.31272],[-79.616168,44.312481],[-79.61609,44.312129],[-79.615863,44.311051],[-79.615255,44.308186],[-79.615101,44.307355],[-79.614958,44.306731],[-79.614899,44.3064],[-79.614719,44.305575],[-79.61454,44.304852],[-79.614387,44.304089],[-79.614281,44.303537],[-79.614225,44.303288],[-79.614212,44.30323],[-79.614191,44.303128],[-79.614103,44.302677],[-79.614,44.30215],[-79.61395,44.301918],[-79.613894,44.30164],[-79.613752,44.300928],[-79.613648,44.300445],[-79.613561,44.300043],[-79.613494,44.299734],[-79.613471,44.29963],[-79.613415,44.299407],[-79.613397,44.299341],[-79.613486,44.299327],[-79.613486,44.299327],[-79.613486,44.299327],[-79.613486,44.299327],[-79.613397,44.299341],[-79.613357,44.299204],[-79.613346,44.299165],[-79.613174,44.298566],[-79.612979,44.297756],[-79.612954,44.297659],[-79.61286,44.297305],[-79.612743,44.296913],[-79.612683,44.296704],[-79.612668,44.29666],[-79.612601,44.296463],[-79.61241,44.295834],[-79.612318,44.295489],[-79.612156,44.294868],[-79.612054,44.294538],[-79.611953,44.29422],[-79.611904,44.294047],[-79.611846,44.293828],[-79.611765,44.293525],[-79.611588,44.292741],[-79.611479,44.292242],[-79.611179,44.291223],[-79.611043,44.290663],[-79.610915,44.290168],[-79.610842,44.28989],[-79.610738,44.289435],[-79.61064,44.289119],[-79.610552,44.288772],[-79.610326,44.287893],[-79.610288,44.287711],[-79.610186,44.287282],[-79.609935,44.286367],[-79.609889,44.286184],[-79.609707,44.285444],[-79.609643,44.285115],[-79.609532,44.284735],[-79.609238,44.283811],[-79.609109,44.283306],[-79.608834,44.28219],[-79.608704,44.28165],[-79.608503,44.280873],[-79.608376,44.280434],[-79.608111,44.279402],[-79.607993,44.278902],[-79.607907,44.278585],[-79.607618,44.277463],[-79.607561,44.277214],[-79.607497,44.27696],[-79.607461,44.276794],[-79.607394,44.276545],[-79.607376,44.27646],[-79.607324,44.276296],[-79.607133,44.275585],[-79.607061,44.27528],[-79.60691,44.274746],[-79.606898,44.27469],[-79.606823,44.274357],[-79.606744,44.274066],[-79.606681,44.273762],[-79.606543,44.273215],[-79.606402,44.272652],[-79.606302,44.272244],[-79.606135,44.27162],[-79.605961,44.270924],[-79.605636,44.269665],[-79.605117,44.267721],[-79.604596,44.265703],[-79.604386,44.264894],[-79.604252,44.26438],[-79.604147,44.263981],[-79.604048,44.263595],[-79.603616,44.261878],[-79.603363,44.26092],[-79.603119,44.260026],[-79.60306,44.259826],[-79.603038,44.259751],[-79.602733,44.258437],[-79.602601,44.257923],[-79.602655,44.257916],[-79.602655,44.257916],[-79.602655,44.257916],[-79.602655,44.257916],[-79.602601,44.257923],[-79.602598,44.25791],[-79.602527,44.25768],[-79.602183,44.256402],[-79.601868,44.255046],[-79.601736,44.254545],[-79.601551,44.253863],[-79.601705,44.253843],[-79.601705,44.253843],[-79.601705,44.253843],[-79.601705,44.253843],[-79.601551,44.253863],[-79.60155,44.253858],[-79.601336,44.252954],[-79.60131,44.25285],[-79.601122,44.252156],[-79.601057,44.251895],[-79.601011,44.251712],[-79.600978,44.25157],[-79.600953,44.251458],[-79.600903,44.251257],[-79.600845,44.251025],[-79.600757,44.25067],[-79.600625,44.250089],[-79.600537,44.249721],[-79.600497,44.24956],[-79.600345,44.248914],[-79.599979,44.247523],[-79.599469,44.245531],[-79.599429,44.24537],[-79.599339,44.244957],[-79.599019,44.243616],[-79.598657,44.242304],[-79.598583,44.241938],[-79.598487,44.241534],[-79.598413,44.24114],[-79.598354,44.240809],[-79.598162,44.240153],[-79.59808,44.239865],[-79.598037,44.23972],[-79.597939,44.239349],[-79.597871,44.239181],[-79.597827,44.239013],[-79.597433,44.237389],[-79.597384,44.237143],[-79.59727,44.23658],[-79.597067,44.235857],[-79.596828,44.235024],[-79.596595,44.234048],[-79.595736,44.230746],[-79.595283,44.228988],[-79.594985,44.227929],[-79.5949,44.227608],[-79.594837,44.22731],[-79.594768,44.226957],[-79.594638,44.226424],[-79.594452,44.22577],[-79.594417,44.225647],[-79.594348,44.225359],[-79.59403,44.224076],[-79.593926,44.223671],[-79.593667,44.222719],[-79.593473,44.222064],[-79.593346,44.221693],[-79.593244,44.221419],[-79.59312,44.221118],[-79.592999,44.220842],[-79.592894,44.220594],[-79.592651,44.220103],[-79.592386,44.219551],[-79.591981,44.218762],[-79.591699,44.218199],[-79.591589,44.218019],[-79.59131,44.217476],[-79.591282,44.217423],[-79.590982,44.21686],[-79.590799,44.216449],[-79.590687,44.216223],[-79.590512,44.215832],[-79.590407,44.215597],[-79.590362,44.215501],[-79.59031,44.215389],[-79.590389,44.215369],[-79.590389,44.215369],[-79.590389,44.215369],[-79.590389,44.215369],[-79.59031,44.215389],[-79.590231,44.215222],[-79.590072,44.214935],[-79.589947,44.21471],[-79.589758,44.21437],[-79.589626,44.21414],[-79.589446,44.213762],[-79.58938,44.213627],[-79.589185,44.213178],[-79.589043,44.212854],[-79.588913,44.212566],[-79.588826,44.212316],[-79.588785,44.21218],[-79.588741,44.212049],[-79.588646,44.211725],[-79.588625,44.21165],[-79.58857,44.211461],[-79.588218,44.210032],[-79.587887,44.208672],[-79.587472,44.206947],[-79.587327,44.206324],[-79.587275,44.206079],[-79.587202,44.205801],[-79.587018,44.205102],[-79.586791,44.204282],[-79.586611,44.2037],[-79.586268,44.202385],[-79.585944,44.20119],[-79.58593,44.20114],[-79.585697,44.200159],[-79.585465,44.199138],[-79.585299,44.198408],[-79.584653,44.195766],[-79.584467,44.194946],[-79.584281,44.194125],[-79.584112,44.193398],[-79.583949,44.192688],[-79.583303,44.190017],[-79.583221,44.189644],[-79.582987,44.188721],[-79.582866,44.188248],[-79.582756,44.187841],[-79.582611,44.187172],[-79.582528,44.186851],[-79.582498,44.186709],[-79.582302,44.185822],[-79.582133,44.185021],[-79.581685,44.183157],[-79.580864,44.179805],[-79.580335,44.17757],[-79.580033,44.176296],[-79.579823,44.175482],[-79.579576,44.174393],[-79.579409,44.173661],[-79.578968,44.171565],[-79.578851,44.170966],[-79.57877,44.170699],[-79.578548,44.169663],[-79.578443,44.169191],[-79.57838,44.168877],[-79.577915,44.167143],[-79.577667,44.166324],[-79.577117,44.164025],[-79.576949,44.163262],[-79.57684,44.162957],[-79.576704,44.162309],[-79.57668,44.162197],[-79.576282,44.160678],[-79.575901,44.159026],[-79.575749,44.158369],[-79.575418,44.157077],[-79.57519,44.156286],[-79.57508,44.155878],[-79.575045,44.155746],[-79.574958,44.155244],[-79.574871,44.154872],[-79.574646,44.154286],[-79.574617,44.154177],[-79.574365,44.152975],[-79.574056,44.151706],[-79.573951,44.1512],[-79.573876,44.15081],[-79.573742,44.150234],[-79.573631,44.149792],[-79.573561,44.14949],[-79.573096,44.1475],[-79.572915,44.146755],[-79.57277,44.146091],[-79.572595,44.145242],[-79.572461,44.144788],[-79.571782,44.142233],[-79.571693,44.141739],[-79.571423,44.140471],[-79.571352,44.140139],[-79.571193,44.1394],[-79.571048,44.138853],[-79.570978,44.138585],[-79.57078,44.137712],[-79.5706,44.137054],[-79.570297,44.135787],[-79.570041,44.134622],[-79.56973,44.133371],[-79.569564,44.132702],[-79.569325,44.131853],[-79.568995,44.130673],[-79.568816,44.130032],[-79.568537,44.128893],[-79.568416,44.128397],[-79.568304,44.127946],[-79.568137,44.127272],[-79.568127,44.127227],[-79.568088,44.127081],[-79.568009,44.12675],[-79.567991,44.126674],[-79.568081,44.126663],[-79.568081,44.126663],[-79.568081,44.126663],[-79.568081,44.126663],[-79.567991,44.126674],[-79.567958,44.126541],[-79.567882,44.126145],[-79.567754,44.125586],[-79.567662,44.125237],[-79.567631,44.125138],[-79.567608,44.125004],[-79.567486,44.12448],[-79.567242,44.123608],[-79.567173,44.123328],[-79.566892,44.122371],[-79.566822,44.122127],[-79.566788,44.122014],[-79.566643,44.121344],[-79.566517,44.120827],[-79.566522,44.120827],[-79.566522,44.120827],[-79.566522,44.120827],[-79.566522,44.120827],[-79.566517,44.120827],[-79.566485,44.120698],[-79.566293,44.119843],[-79.566125,44.119168],[-79.565992,44.118712],[-79.565915,44.118446],[-79.56587,44.118263],[-79.565799,44.117975],[-79.565712,44.117691],[-79.565601,44.117254],[-79.565526,44.11705],[-79.565485,44.116882],[-79.565398,44.116456],[-79.565357,44.116288],[-79.565263,44.115822],[-79.565089,44.115263],[-79.565028,44.115077],[-79.564991,44.11494],[-79.564931,44.114718],[-79.565096,44.114696],[-79.565096,44.114696],[-79.565096,44.114696],[-79.565096,44.114696],[-79.564931,44.114718],[-79.564925,44.114691],[-79.564859,44.114453],[-79.564817,44.114281],[-79.564058,44.114455],[-79.563451,44.114593],[-79.562486,44.114814],[-79.561668,44.115004],[-79.561194,44.11511],[-79.560571,44.11525],[-79.560332,44.115303],[-79.56011,44.115356],[-79.56007,44.115272],[-79.56007,44.115272],[-79.56007,44.115272],[-79.56007,44.115272],[-79.56011,44.115356],[-79.560007,44.115381],[-79.559734,44.115443],[-79.559014,44.115609],[-79.558682,44.115684],[-79.558198,44.115792],[-79.557994,44.115833],[-79.557764,44.115862],[-79.557511,44.115872],[-79.557292,44.115873],[-79.557135,44.115867],[-79.556998,44.115854],[-79.556881,44.115838],[-79.556644,44.115795],[-79.556552,44.115776],[-79.556378,44.115739],[-79.556129,44.115684],[-79.556057,44.115776],[-79.555638,44.116287],[-79.555589,44.116339],[-79.555582,44.116381],[-79.555573,44.116398],[-79.555561,44.116414],[-79.55566,44.116462],[-79.555671,44.116468],[-79.555761,44.116539],[-79.555772,44.116549],[-79.555691,44.116596],[-79.555691,44.116596],[-79.555691,44.116596],[-79.555691,44.116596],[-79.555772,44.116549],[-79.555881,44.116644],[-79.55593,44.116676],[-79.555991,44.116716],[-79.556072,44.116775],[-79.556123,44.116811],[-79.556189,44.116876],[-79.556226,44.116943],[-79.556247,44.11699],[-79.55632,44.11708],[-79.556916,44.117731],[-79.557018,44.117854],[-79.557099,44.117874],[-79.557231,44.117882],[-79.557773,44.117751],[-79.557716,44.117523],[-79.557586,44.11702],[-79.557533,44.116836],[-79.557489,44.116684],[-79.55744,44.116511],[-79.557398,44.116367],[-79.557322,44.116057],[-79.557292,44.115873],[-79.557135,44.115867],[-79.556998,44.115854],[-79.556881,44.115838],[-79.556644,44.115795],[-79.556552,44.115776],[-79.556378,44.115739],[-79.556129,44.115684],[-79.555394,44.115514],[-79.554451,44.115303],[-79.553584,44.115107],[-79.553347,44.115054],[-79.553098,44.114998],[-79.552233,44.114804],[-79.551973,44.114746],[-79.551186,44.114566],[-79.549991,44.114292],[-79.549357,44.114139],[-79.547423,44.113672],[-79.547159,44.11361],[-79.547046,44.113582],[-79.546931,44.113551],[-79.546711,44.113503],[-79.546255,44.113384],[-79.545585,44.113235],[-79.545529,44.113222],[-79.54549,44.113208],[-79.545342,44.113159],[-79.545232,44.113122],[-79.545146,44.113099],[-79.544895,44.113033],[-79.544823,44.113014],[-79.543934,44.112797],[-79.543354,44.112654],[-79.542927,44.112545],[-79.542384,44.112402],[-79.541589,44.112181],[-79.540923,44.112004],[-79.540379,44.111853],[-79.539455,44.111606],[-79.537987,44.111205],[-79.537202,44.110996],[-79.533352,44.109951],[-79.531831,44.109539],[-79.529492,44.108905],[-79.527882,44.108466],[-79.525181,44.107738],[-79.523044,44.10716],[-79.522909,44.107121],[-79.522826,44.107045],[-79.522649,44.106976],[-79.522461,44.106913],[-79.522151,44.106803],[-79.522031,44.106759],[-79.521816,44.106669],[-79.521731,44.106636],[-79.521426,44.1065],[-79.521252,44.10642],[-79.521171,44.106382],[-79.520952,44.106277],[-79.520494,44.106035],[-79.520422,44.105994],[-79.520097,44.105806],[-79.519985,44.105735],[-79.519517,44.105428],[-79.518912,44.104953],[-79.518793,44.105028],[-79.51877,44.105042],[-79.518555,44.10519],[-79.518409,44.105321],[-79.5183,44.10544],[-79.518149,44.105607],[-79.517953,44.105827],[-79.517458,44.105694],[-79.516685,44.105485],[-79.515428,44.105145],[-79.514904,44.105008],[-79.514877,44.105034],[-79.51485,44.105053],[-79.514775,44.105094],[-79.514658,44.105143],[-79.51461,44.10516],[-79.514391,44.105208],[-79.513983,44.105308],[-79.513616,44.10539],[-79.513599,44.105362],[-79.513582,44.105345],[-79.513557,44.105334],[-79.513246,44.105256],[-79.513272,44.105201],[-79.513272,44.105201],[-79.513272,44.105201],[-79.513272,44.105201],[-79.513246,44.105256],[-79.512714,44.105122],[-79.512209,44.104991],[-79.511505,44.104809],[-79.510624,44.104575],[-79.510489,44.104538],[-79.510374,44.104508],[-79.51026,44.104478],[-79.508999,44.104166],[-79.50773,44.103831],[-79.506443,44.103502],[-79.505327,44.103213],[-79.50517,44.103172],[-79.50519,44.103133],[-79.50519,44.103133],[-79.50519,44.103133],[-79.50519,44.103133],[-79.50517,44.103172],[-79.504496,44.102998],[-79.504434,44.102982],[-79.503816,44.102825],[-79.502796,44.10256],[-79.502481,44.102479],[-79.501567,44.10224],[-79.501303,44.102162],[-79.501194,44.102124],[-79.501068,44.102069],[-79.500655,44.10188],[-79.499999,44.101568],[-79.499774,44.101478],[-79.499124,44.101163],[-79.497723,44.100484],[-79.497787,44.100416],[-79.497787,44.100416],[-79.497787,44.100416],[-79.497787,44.100416],[-79.497723,44.100484],[-79.497487,44.100371],[-79.497384,44.100316],[-79.497339,44.100289],[-79.497303,44.100264],[-79.49727,44.100233],[-79.497234,44.100196],[-79.496853,44.100264],[-79.496346,44.100379],[-79.496219,44.100407],[-79.496052,44.100447],[-79.494996,44.100683],[-79.494244,44.100856],[-79.493029,44.101136],[-79.492779,44.101189],[-79.492605,44.101228],[-79.492072,44.101337],[-79.491989,44.101353],[-79.491944,44.10123],[-79.491944,44.10123],[-79.491944,44.10123],[-79.491944,44.10123],[-79.491989,44.101353],[-79.491552,44.101435],[-79.491531,44.101306],[-79.491481,44.101092],[-79.491461,44.101026],[-79.491429,44.100911],[-79.491278,44.100326],[-79.491219,44.100097],[-79.491163,44.099887],[-79.490902,44.098807],[-79.490806,44.098419],[-79.490689,44.097897],[-79.490677,44.09785],[-79.490706,44.097847],[-79.490706,44.097847],[-79.490706,44.097847],[-79.490706,44.097847],[-79.490677,44.09785],[-79.490676,44.097844],[-79.490611,44.097551],[-79.490571,44.097396],[-79.490459,44.096969],[-79.49032,44.096456],[-79.490204,44.095966],[-79.49012,44.095588],[-79.490182,44.095581],[-79.490182,44.095581],[-79.490182,44.095581],[-79.490182,44.095581],[-79.49012,44.095588],[-79.490103,44.095514],[-79.490026,44.09515],[-79.489997,44.095014],[-79.489866,44.094483],[-79.489728,44.093982],[-79.489615,44.093512],[-79.489596,44.093422],[-79.489558,44.093265],[-79.48948,44.092952],[-79.489462,44.092895],[-79.489444,44.092823],[-79.489419,44.092647],[-79.489415,44.092581],[-79.489417,44.092407],[-79.489426,44.092286],[-79.489464,44.092101],[-79.489489,44.092012],[-79.489519,44.091937],[-79.489559,44.091819],[-79.489617,44.091709],[-79.489685,44.09157],[-79.489744,44.091461],[-79.489814,44.091356],[-79.48995,44.091173],[-79.490116,44.090952],[-79.490157,44.0909],[-79.490272,44.09075],[-79.490579,44.090332],[-79.490741,44.09011],[-79.490999,44.089772],[-79.492269,44.088104],[-79.492381,44.087918],[-79.492441,44.08778],[-79.492464,44.087658],[-79.492471,44.087483],[-79.49246,44.087364],[-79.492435,44.087245],[-79.492426,44.087211],[-79.492382,44.087102],[-79.492326,44.086999],[-79.492258,44.086906],[-79.492178,44.086821],[-79.492127,44.086777],[-79.492018,44.086694],[-79.491875,44.086607],[-79.491698,44.086488],[-79.491353,44.086269],[-79.491122,44.086112],[-79.491078,44.086074],[-79.490945,44.08596],[-79.490783,44.085801],[-79.490631,44.085633],[-79.490466,44.085438],[-79.490254,44.085193],[-79.49012,44.085045],[-79.489944,44.084871],[-79.48975,44.084709],[-79.4884,44.0837],[-79.488247,44.083589],[-79.488007,44.083422],[-79.487817,44.083298],[-79.487414,44.083097],[-79.487304,44.083018],[-79.487284,44.082999],[-79.487269,44.082977],[-79.487252,44.082943],[-79.487236,44.082877],[-79.487229,44.082813],[-79.487235,44.082759],[-79.487258,44.082712],[-79.4873,44.082667],[-79.487394,44.082603],[-79.487581,44.082519],[-79.487689,44.082474],[-79.487822,44.082414],[-79.487588,44.082093],[-79.487542,44.082032],[-79.487415,44.08185],[-79.487257,44.081603],[-79.487182,44.081475],[-79.487114,44.08135],[-79.486986,44.081093],[-79.486871,44.080834],[-79.486777,44.08059],[-79.486673,44.080309],[-79.486551,44.07987],[-79.486249,44.0786],[-79.486141,44.078166],[-79.486094,44.077963],[-79.485949,44.077359],[-79.485817,44.076804],[-79.48581,44.076779],[-79.485561,44.07565],[-79.485539,44.075556],[-79.485481,44.075292],[-79.485366,44.074772],[-79.485331,44.074619],[-79.485219,44.074118],[-79.485173,44.073918],[-79.485067,44.073461],[-79.484985,44.073123],[-79.484936,44.072935],[-79.484905,44.072824],[-79.484818,44.072844],[-79.484721,44.072864],[-79.484175,44.072989],[-79.484125,44.072999],[-79.482657,44.073344],[-79.482392,44.073406],[-79.481796,44.073545],[-79.48148,44.073618],[-79.481434,44.073514],[-79.481434,44.073514],[-79.481434,44.073514],[-79.481434,44.073514],[-79.48148,44.073618],[-79.481269,44.073667],[-79.480819,44.07378],[-79.480587,44.073843],[-79.480516,44.073904],[-79.479721,44.074111],[-79.479264,44.07423],[-79.478997,44.074291],[-79.477729,44.07458],[-79.475853,44.075001],[-79.474651,44.075279],[-79.473768,44.075482],[-79.473275,44.075572],[-79.472265,44.075779],[-79.472076,44.075817],[-79.47187,44.075875],[-79.471168,44.076023],[-79.470767,44.076116],[-79.47011,44.076284],[-79.469385,44.076448],[-79.468664,44.076616],[-79.467917,44.076788],[-79.466841,44.077009],[-79.465857,44.077201],[-79.465044,44.077369],[-79.462932,44.077783],[-79.461616,44.07803],[-79.461322,44.078096],[-79.461065,44.078149],[-79.460877,44.078124],[-79.460383,44.078214],[-79.460334,44.078224],[-79.459603,44.078368],[-79.459325,44.078423],[-79.457921,44.078697],[-79.457859,44.078711],[-79.457667,44.07818],[-79.457481,44.078227],[-79.457408,44.078219],[-79.457328,44.078202],[-79.457258,44.078192],[-79.457193,44.078186],[-79.457117,44.07819],[-79.456778,44.07827],[-79.456698,44.078288],[-79.456672,44.078233],[-79.456672,44.078233]]}},{"type":"Feature","properties":{"shape_id":"GO:447340","route_id":"GO-BUS","route_short_name":"GO BUS","route_long_name":"Barrie / Newmarket","route_color":"#003767","route_text_color":"#FFFFFF","route_mode":"bus","agency_id":"go-transit","agency_name":"GO Transit","source_route_id":"09261126-68"},"geometry":{"type":"LineString","coordinates":[[-79.456672,44.078233],[-79.456672,44.078233],[-79.456698,44.078288],[-79.456247,44.078396],[-79.456145,44.078431],[-79.456126,44.078438],[-79.456073,44.078476],[-79.456034,44.078516],[-79.45601,44.078548],[-79.455992,44.078593],[-79.455988,44.078637],[-79.455997,44.078671],[-79.456024,44.078728],[-79.456057,44.078762],[-79.456095,44.078792],[-79.45613,44.078808],[-79.456163,44.078819],[-79.456237,44.078829],[-79.456283,44.07883],[-79.456296,44.078828],[-79.456372,44.07882],[-79.457133,44.078625],[-79.457211,44.078595],[-79.457268,44.078564],[-79.457317,44.078524],[-79.457343,44.07848],[-79.457373,44.078378],[-79.457411,44.078307],[-79.457481,44.078227],[-79.457667,44.07818],[-79.457859,44.078711],[-79.457911,44.078857],[-79.458493,44.078742],[-79.458712,44.078698],[-79.459227,44.078596],[-79.459783,44.078486],[-79.460177,44.078407],[-79.460366,44.078367],[-79.460669,44.078309],[-79.460943,44.078256],[-79.461065,44.078149],[-79.461322,44.078096],[-79.461616,44.07803],[-79.462932,44.077783],[-79.465044,44.077369],[-79.465857,44.077201],[-79.466841,44.077009],[-79.467917,44.076788],[-79.468664,44.076616],[-79.469385,44.076448],[-79.47011,44.076284],[-79.470767,44.076116],[-79.471168,44.076023],[-79.47187,44.075875],[-79.472076,44.075817],[-79.472265,44.075779],[-79.473275,44.075572],[-79.473768,44.075482],[-79.474651,44.075279],[-79.475853,44.075001],[-79.477729,44.07458],[-79.478997,44.074291],[-79.479264,44.07423],[-79.479721,44.074111],[-79.480516,44.073904],[-79.480626,44.073918],[-79.480726,44.073895],[-79.481091,44.07381],[-79.481138,44.073913],[-79.481138,44.073913],[-79.481138,44.073913],[-79.481138,44.073913],[-79.481091,44.07381],[-79.481312,44.073758],[-79.48149,44.073715],[-79.481685,44.073671],[-79.482435,44.073502],[-79.482705,44.073441],[-79.484208,44.073103],[-79.484751,44.072981],[-79.484794,44.073155],[-79.484877,44.073489],[-79.485041,44.074151],[-79.485194,44.074721],[-79.485212,44.074793],[-79.485344,44.075317],[-79.485393,44.075509],[-79.485467,44.075834],[-79.485599,44.076383],[-79.485672,44.076687],[-79.485703,44.076828],[-79.485772,44.077143],[-79.485926,44.0778],[-79.48597,44.077996],[-79.486145,44.078678],[-79.486217,44.078976],[-79.486316,44.07943],[-79.486364,44.079639],[-79.486449,44.079981],[-79.486512,44.080211],[-79.486588,44.080456],[-79.48665,44.080621],[-79.486767,44.080914],[-79.486865,44.081139],[-79.486943,44.081298],[-79.487054,44.081512],[-79.487166,44.081715],[-79.487222,44.081808],[-79.487396,44.08208],[-79.487431,44.082132],[-79.487431,44.082221],[-79.48745,44.082258],[-79.487487,44.082314],[-79.487508,44.082364],[-79.487513,44.082416],[-79.487495,44.082469],[-79.48746,44.082522],[-79.487434,44.08255],[-79.487394,44.082603],[-79.4873,44.082667],[-79.487258,44.082712],[-79.487235,44.082759],[-79.487229,44.082813],[-79.487236,44.082877],[-79.487247,44.082922],[-79.487158,44.082934],[-79.487158,44.082934],[-79.487158,44.082934],[-79.487158,44.082934],[-79.487247,44.082922],[-79.487252,44.082943],[-79.487269,44.082977],[-79.487284,44.082999],[-79.487304,44.083018],[-79.487414,44.083097],[-79.487817,44.083298],[-79.488007,44.083422],[-79.488247,44.083589],[-79.4884,44.0837],[-79.48975,44.084709],[-79.489944,44.084871],[-79.49012,44.085045],[-79.490254,44.085193],[-79.490466,44.085438],[-79.490631,44.085633],[-79.490783,44.085801],[-79.490945,44.08596],[-79.491078,44.086074],[-79.491122,44.086112],[-79.491353,44.086269],[-79.491698,44.086488],[-79.491875,44.086607],[-79.492018,44.086694],[-79.492127,44.086777],[-79.492178,44.086821],[-79.492258,44.086906],[-79.492326,44.086999],[-79.492382,44.087102],[-79.492426,44.087211],[-79.492435,44.087245],[-79.49246,44.087364],[-79.492471,44.087483],[-79.492464,44.087658],[-79.492441,44.08778],[-79.492381,44.087918],[-79.492269,44.088104],[-79.490999,44.089772],[-79.490741,44.09011],[-79.490579,44.090332],[-79.490272,44.09075],[-79.490157,44.0909],[-79.490116,44.090952],[-79.48995,44.091173],[-79.489814,44.091356],[-79.489744,44.091461],[-79.489685,44.09157],[-79.489617,44.091709],[-79.489559,44.091819],[-79.489519,44.091937],[-79.489489,44.092012],[-79.489464,44.092101],[-79.489426,44.092286],[-79.489417,44.092407],[-79.489415,44.092581],[-79.489419,44.092647],[-79.489444,44.092823],[-79.489462,44.092895],[-79.48948,44.092952],[-79.489558,44.093265],[-79.489596,44.093422],[-79.489615,44.093512],[-79.489728,44.093982],[-79.489866,44.094483],[-79.489997,44.095014],[-79.490026,44.09515],[-79.490052,44.095271],[-79.489972,44.09528],[-79.489972,44.09528],[-79.489972,44.09528],[-79.489972,44.09528],[-79.490052,44.095271],[-79.490103,44.095514],[-79.490204,44.095966],[-79.49032,44.096456],[-79.490459,44.096969],[-79.490571,44.097396],[-79.490611,44.097551],[-79.490625,44.097613],[-79.490574,44.09762],[-79.490574,44.09762],[-79.490574,44.09762],[-79.490574,44.09762],[-79.490625,44.097613],[-79.490676,44.097844],[-79.490689,44.097897],[-79.490806,44.098419],[-79.490902,44.098807],[-79.491163,44.099887],[-79.491219,44.100097],[-79.491278,44.100326],[-79.491282,44.100343],[-79.491179,44.100356],[-79.491179,44.100356],[-79.491179,44.100356],[-79.491179,44.100356],[-79.491282,44.100343],[-79.491429,44.100911],[-79.491461,44.101026],[-79.491481,44.101092],[-79.491531,44.101306],[-79.491552,44.101435],[-79.492072,44.101337],[-79.4926,44.101229],[-79.49263,44.101302],[-79.49263,44.101302],[-79.49263,44.101302],[-79.49263,44.101302],[-79.4926,44.101229],[-79.492605,44.101228],[-79.492779,44.101189],[-79.493029,44.101136],[-79.494244,44.100856],[-79.494996,44.100683],[-79.496052,44.100447],[-79.496219,44.100407],[-79.496346,44.100379],[-79.496853,44.100264],[-79.497234,44.100196],[-79.49727,44.100233],[-79.497303,44.100264],[-79.497339,44.100289],[-79.497384,44.100316],[-79.497487,44.100371],[-79.49756,44.100406],[-79.497537,44.100431],[-79.497537,44.100431],[-79.497537,44.100431],[-79.497537,44.100431],[-79.49756,44.100406],[-79.499124,44.101163],[-79.499774,44.101478],[-79.499999,44.101568],[-79.500655,44.10188],[-79.501068,44.102069],[-79.501194,44.102124],[-79.501303,44.102162],[-79.501567,44.10224],[-79.502481,44.102479],[-79.502796,44.10256],[-79.503816,44.102825],[-79.504434,44.102982],[-79.504496,44.102998],[-79.50504,44.103139],[-79.505027,44.103167],[-79.505027,44.103167],[-79.505027,44.103167],[-79.505027,44.103167],[-79.50504,44.103139],[-79.505327,44.103213],[-79.506443,44.103502],[-79.50773,44.103831],[-79.508999,44.104166],[-79.51026,44.104478],[-79.510374,44.104508],[-79.510489,44.104538],[-79.510624,44.104575],[-79.511505,44.104809],[-79.512209,44.104991],[-79.512714,44.105122],[-79.513246,44.105256],[-79.513232,44.105282],[-79.513232,44.105282],[-79.513232,44.105282],[-79.513232,44.105282],[-79.513246,44.105256],[-79.513557,44.105334],[-79.513582,44.105345],[-79.513599,44.105362],[-79.513616,44.10539],[-79.513983,44.105308],[-79.514391,44.105208],[-79.51461,44.10516],[-79.514658,44.105143],[-79.514775,44.105094],[-79.51485,44.105053],[-79.514877,44.105034],[-79.514904,44.105008],[-79.515428,44.105145],[-79.516685,44.105485],[-79.517458,44.105694],[-79.517953,44.105827],[-79.518149,44.105607],[-79.5183,44.10544],[-79.518409,44.105321],[-79.518555,44.10519],[-79.51877,44.105042],[-79.518793,44.105028],[-79.51926,44.105393],[-79.519406,44.105507],[-79.51977,44.105731],[-79.520127,44.105972],[-79.520363,44.106107],[-79.520569,44.106218],[-79.520887,44.106383],[-79.52125,44.106561],[-79.521444,44.106649],[-79.521588,44.106712],[-79.521727,44.106769],[-79.521917,44.106844],[-79.522073,44.106902],[-79.522153,44.106932],[-79.522284,44.106976],[-79.52268,44.107116],[-79.522759,44.107136],[-79.522909,44.107121],[-79.523044,44.10716],[-79.525181,44.107738],[-79.527882,44.108466],[-79.529492,44.108905],[-79.531831,44.109539],[-79.533352,44.109951],[-79.537202,44.110996],[-79.537987,44.111205],[-79.539455,44.111606],[-79.540379,44.111853],[-79.540923,44.112004],[-79.541589,44.112181],[-79.542384,44.112402],[-79.542927,44.112545],[-79.543354,44.112654],[-79.543934,44.112797],[-79.544823,44.113014],[-79.544895,44.113033],[-79.545146,44.113099],[-79.545232,44.113122],[-79.545342,44.113159],[-79.54549,44.113208],[-79.545529,44.113222],[-79.545585,44.113235],[-79.546255,44.113384],[-79.546711,44.113503],[-79.546931,44.113551],[-79.547046,44.113582],[-79.547159,44.11361],[-79.547423,44.113672],[-79.549357,44.114139],[-79.549991,44.114292],[-79.551186,44.114566],[-79.551973,44.114746],[-79.552233,44.114804],[-79.553098,44.114998],[-79.553347,44.115054],[-79.553584,44.115107],[-79.554451,44.115303],[-79.555394,44.115514],[-79.556129,44.115684],[-79.556057,44.115776],[-79.555638,44.116287],[-79.555589,44.116339],[-79.555582,44.116381],[-79.555573,44.116398],[-79.555561,44.116414],[-79.55566,44.116462],[-79.555671,44.116468],[-79.555761,44.116539],[-79.555772,44.116549],[-79.555691,44.116596],[-79.555691,44.116596],[-79.555691,44.116596],[-79.555691,44.116596],[-79.555772,44.116549],[-79.555881,44.116644],[-79.55593,44.116676],[-79.555991,44.116716],[-79.556072,44.116775],[-79.556123,44.116811],[-79.556189,44.116876],[-79.556226,44.116943],[-79.556247,44.11699],[-79.55632,44.11708],[-79.556916,44.117731],[-79.557018,44.117854],[-79.557099,44.117874],[-79.557231,44.117882],[-79.557773,44.117751],[-79.557716,44.117523],[-79.557586,44.11702],[-79.557533,44.116836],[-79.557489,44.116684],[-79.55744,44.116511],[-79.557398,44.116367],[-79.557322,44.116057],[-79.557292,44.115873],[-79.557511,44.115872],[-79.557764,44.115862],[-79.557994,44.115833],[-79.558198,44.115792],[-79.558682,44.115684],[-79.559014,44.115609],[-79.559734,44.115443],[-79.559901,44.115405],[-79.55994,44.115496],[-79.55994,44.115496],[-79.55994,44.115496],[-79.55994,44.115496],[-79.559901,44.115405],[-79.560007,44.115381],[-79.560332,44.115303],[-79.560571,44.11525],[-79.561194,44.11511],[-79.561668,44.115004],[-79.562486,44.114814],[-79.563451,44.114593],[-79.564058,44.114455],[-79.564817,44.114281],[-79.564859,44.114453],[-79.564925,44.114691],[-79.564991,44.11494],[-79.565028,44.115077],[-79.565089,44.115263],[-79.565201,44.115619],[-79.565004,44.115651],[-79.565004,44.115651],[-79.565004,44.115651],[-79.565004,44.115651],[-79.565201,44.115619],[-79.565263,44.115822],[-79.565357,44.116288],[-79.565398,44.116456],[-79.565485,44.116882],[-79.565526,44.11705],[-79.565601,44.117254],[-79.565712,44.117691],[-79.565799,44.117975],[-79.56587,44.118263],[-79.565915,44.118446],[-79.565992,44.118712],[-79.566125,44.119168],[-79.566293,44.119843],[-79.56645,44.120542],[-79.566266,44.120563],[-79.566266,44.120563],[-79.566266,44.120563],[-79.566266,44.120563],[-79.56645,44.120542],[-79.567911,44.126297],[-79.567877,44.1263],[-79.567877,44.1263],[-79.567877,44.1263],[-79.567877,44.1263],[-79.567911,44.126297],[-79.567958,44.126541],[-79.568009,44.12675],[-79.568088,44.127081],[-79.568127,44.127227],[-79.568137,44.127272],[-79.568304,44.127946],[-79.568416,44.128397],[-79.568537,44.128893],[-79.568816,44.130032],[-79.568995,44.130673],[-79.569325,44.131853],[-79.569564,44.132702],[-79.56973,44.133371],[-79.570041,44.134622],[-79.570297,44.135787],[-79.5706,44.137054],[-79.57078,44.137712],[-79.570978,44.138585],[-79.571048,44.138853],[-79.571193,44.1394],[-79.571352,44.140139],[-79.571423,44.140471],[-79.571693,44.141739],[-79.571782,44.142233],[-79.572461,44.144788],[-79.572595,44.145242],[-79.57277,44.146091],[-79.572915,44.146755],[-79.573096,44.1475],[-79.573561,44.14949],[-79.573631,44.149792],[-79.573742,44.150234],[-79.573876,44.15081],[-79.573951,44.1512],[-79.574056,44.151706],[-79.574365,44.152975],[-79.574617,44.154177],[-79.574646,44.154286],[-79.574871,44.154872],[-79.574958,44.155244],[-79.575045,44.155746],[-79.57508,44.155878],[-79.57519,44.156286],[-79.575418,44.157077],[-79.575749,44.158369],[-79.575901,44.159026],[-79.576282,44.160678],[-79.57668,44.162197],[-79.576704,44.162309],[-79.57684,44.162957],[-79.576949,44.163262],[-79.577117,44.164025],[-79.577667,44.166324],[-79.577915,44.167143],[-79.57838,44.168877],[-79.578443,44.169191],[-79.578548,44.169663],[-79.57877,44.170699],[-79.578851,44.170966],[-79.578968,44.171565],[-79.579409,44.173661],[-79.579576,44.174393],[-79.579823,44.175482],[-79.580033,44.176296],[-79.580335,44.17757],[-79.580864,44.179805],[-79.581685,44.183157],[-79.582133,44.185021],[-79.582302,44.185822],[-79.582498,44.186709],[-79.582528,44.186851],[-79.582611,44.187172],[-79.582756,44.187841],[-79.582866,44.188248],[-79.582987,44.188721],[-79.583221,44.189644],[-79.583303,44.190017],[-79.583949,44.192688],[-79.584112,44.193398],[-79.584281,44.194125],[-79.584467,44.194946],[-79.584653,44.195766],[-79.585299,44.198408],[-79.585465,44.199138],[-79.585697,44.200159],[-79.58593,44.20114],[-79.585944,44.20119],[-79.586268,44.202385],[-79.586611,44.2037],[-79.586791,44.204282],[-79.587018,44.205102],[-79.587202,44.205801],[-79.587275,44.206079],[-79.587327,44.206324],[-79.587472,44.206947],[-79.587887,44.208672],[-79.588218,44.210032],[-79.58857,44.211461],[-79.588625,44.21165],[-79.588646,44.211725],[-79.588741,44.212049],[-79.588785,44.21218],[-79.588826,44.212316],[-79.588913,44.212566],[-79.589043,44.212854],[-79.589185,44.213178],[-79.58938,44.213627],[-79.589446,44.213762],[-79.589626,44.21414],[-79.589758,44.21437],[-79.589947,44.21471],[-79.590072,44.214935],[-79.590231,44.215222],[-79.590362,44.215501],[-79.590394,44.21557],[-79.590207,44.215616],[-79.590207,44.215616],[-79.590207,44.215616],[-79.590207,44.215616],[-79.590394,44.21557],[-79.590407,44.215597],[-79.590512,44.215832],[-79.590687,44.216223],[-79.590799,44.216449],[-79.590982,44.21686],[-79.591282,44.217423],[-79.59131,44.217476],[-79.591589,44.218019],[-79.591699,44.218199],[-79.591981,44.218762],[-79.592386,44.219551],[-79.592651,44.220103],[-79.592894,44.220594],[-79.592999,44.220842],[-79.59312,44.221118],[-79.593244,44.221419],[-79.593346,44.221693],[-79.593473,44.222064],[-79.593667,44.222719],[-79.593926,44.223671],[-79.59403,44.224076],[-79.594348,44.225359],[-79.594417,44.225647],[-79.594452,44.22577],[-79.594638,44.226424],[-79.594768,44.226957],[-79.594837,44.22731],[-79.5949,44.227608],[-79.594985,44.227929],[-79.595283,44.228988],[-79.595736,44.230746],[-79.596595,44.234048],[-79.596828,44.235024],[-79.597067,44.235857],[-79.59727,44.23658],[-79.597384,44.237143],[-79.597433,44.237389],[-79.597827,44.239013],[-79.597871,44.239181],[-79.597939,44.239349],[-79.598037,44.23972],[-79.59808,44.239865],[-79.598162,44.240153],[-79.598354,44.240809],[-79.598413,44.24114],[-79.598487,44.241534],[-79.598583,44.241938],[-79.598657,44.242304],[-79.599019,44.243616],[-79.599339,44.244957],[-79.599429,44.24537],[-79.599469,44.245531],[-79.599979,44.247523],[-79.600345,44.248914],[-79.600497,44.24956],[-79.600537,44.249721],[-79.600625,44.250089],[-79.600757,44.25067],[-79.600845,44.251025],[-79.600903,44.251257],[-79.600943,44.251419],[-79.600792,44.251438],[-79.600792,44.251438],[-79.600792,44.251438],[-79.600792,44.251438],[-79.600943,44.251419],[-79.600953,44.251458],[-79.600978,44.25157],[-79.601011,44.251712],[-79.601057,44.251895],[-79.601122,44.252156],[-79.60131,44.25285],[-79.601336,44.252954],[-79.60155,44.253858],[-79.601736,44.254545],[-79.601868,44.255046],[-79.602183,44.256402],[-79.602491,44.257547],[-79.602388,44.257561],[-79.602388,44.257561],[-79.602388,44.257561],[-79.602388,44.257561],[-79.602491,44.257547],[-79.602527,44.25768],[-79.602598,44.25791],[-79.602733,44.258437],[-79.603038,44.259751],[-79.60306,44.259826],[-79.603119,44.260026],[-79.603363,44.26092],[-79.603616,44.261878],[-79.604048,44.263595],[-79.604147,44.263981],[-79.604252,44.26438],[-79.604386,44.264894],[-79.604596,44.265703],[-79.605117,44.267721],[-79.605636,44.269665],[-79.605961,44.270924],[-79.606135,44.27162],[-79.606302,44.272244],[-79.606402,44.272652],[-79.606543,44.273215],[-79.606681,44.273762],[-79.606744,44.274066],[-79.606823,44.274357],[-79.606898,44.27469],[-79.60691,44.274746],[-79.607061,44.27528],[-79.607133,44.275585],[-79.607324,44.276296],[-79.607376,44.27646],[-79.607394,44.276545],[-79.607461,44.276794],[-79.607497,44.27696],[-79.607561,44.277214],[-79.607618,44.277463],[-79.607907,44.278585],[-79.607993,44.278902],[-79.608111,44.279402],[-79.608376,44.280434],[-79.608503,44.280873],[-79.608704,44.28165],[-79.608834,44.28219],[-79.609109,44.283306],[-79.609238,44.283811],[-79.609532,44.284735],[-79.609643,44.285115],[-79.609707,44.285444],[-79.609889,44.286184],[-79.609935,44.286367],[-79.610186,44.287282],[-79.610288,44.287711],[-79.610326,44.287893],[-79.610552,44.288772],[-79.61064,44.289119],[-79.610738,44.289435],[-79.610842,44.28989],[-79.610915,44.290168],[-79.611043,44.290663],[-79.611179,44.291223],[-79.611479,44.292242],[-79.611588,44.292741],[-79.611765,44.293525],[-79.611846,44.293828],[-79.611904,44.294047],[-79.611953,44.29422],[-79.612054,44.294538],[-79.612156,44.294868],[-79.612318,44.295489],[-79.61241,44.295834],[-79.612601,44.296463],[-79.612668,44.29666],[-79.612683,44.296704],[-79.612743,44.296913],[-79.61286,44.297305],[-79.612954,44.297659],[-79.612979,44.297756],[-79.613174,44.298566],[-79.613346,44.299165],[-79.613357,44.299204],[-79.613415,44.299407],[-79.613447,44.299534],[-79.613264,44.299558],[-79.613264,44.299558],[-79.613264,44.299558],[-79.613264,44.299558],[-79.613447,44.299534],[-79.613471,44.29963],[-79.613494,44.299734],[-79.613561,44.300043],[-79.613648,44.300445],[-79.613752,44.300928],[-79.613894,44.30164],[-79.61395,44.301918],[-79.614,44.30215],[-79.614103,44.302677],[-79.614191,44.303128],[-79.614212,44.30323],[-79.614225,44.303288],[-79.614281,44.303537],[-79.614387,44.304089],[-79.61454,44.304852],[-79.614719,44.305575],[-79.614899,44.3064],[-79.614958,44.306731],[-79.615101,44.307355],[-79.615255,44.308186],[-79.615863,44.311051],[-79.61609,44.312129],[-79.616168,44.312481],[-79.616228,44.31272],[-79.616259,44.312876],[-79.616371,44.313254],[-79.616458,44.313592],[-79.616644,44.314281],[-79.616974,44.315579],[-79.617387,44.317113],[-79.617685,44.318258],[-79.617762,44.318557],[-79.617839,44.318806],[-79.617919,44.319092],[-79.618117,44.319845],[-79.618299,44.320465],[-79.618465,44.321093],[-79.618509,44.32126],[-79.618678,44.321906],[-79.618935,44.322833],[-79.619064,44.323303],[-79.619223,44.323934],[-79.619284,44.324173],[-79.619155,44.324189],[-79.619155,44.324189],[-79.619155,44.324189],[-79.619155,44.324189],[-79.619284,44.324173],[-79.619334,44.324369],[-79.619371,44.324474],[-79.619403,44.324576],[-79.619434,44.324684],[-79.619464,44.324802],[-79.619546,44.325115],[-79.61962,44.325371],[-79.619672,44.325627],[-79.619686,44.325699],[-79.619768,44.326006],[-79.619827,44.326227],[-79.619866,44.326371],[-79.619898,44.326497],[-79.620054,44.327085],[-79.620104,44.327244],[-79.620154,44.3274],[-79.620195,44.327546],[-79.620331,44.328028],[-79.620206,44.328046],[-79.620206,44.328046],[-79.620206,44.328046],[-79.620206,44.328046],[-79.620331,44.328028],[-79.620335,44.32804],[-79.620402,44.328279],[-79.62044,44.328411],[-79.62049,44.328588],[-79.620555,44.328803],[-79.620683,44.329228],[-79.62076,44.329563],[-79.620831,44.329817],[-79.620871,44.329937],[-79.620899,44.330046],[-79.620723,44.330069],[-79.620723,44.330069],[-79.620723,44.330069],[-79.620723,44.330069],[-79.620899,44.330046],[-79.620916,44.330112],[-79.620971,44.330318],[-79.621028,44.330543],[-79.621144,44.330982],[-79.621238,44.331351],[-79.621262,44.331448],[-79.621295,44.331559],[-79.621357,44.331788],[-79.621382,44.331862],[-79.621419,44.331987],[-79.621485,44.332238],[-79.621577,44.332571],[-79.621813,44.333483],[-79.622013,44.334184],[-79.622096,44.33451],[-79.622189,44.334825],[-79.622245,44.335029],[-79.622294,44.335209],[-79.622346,44.335419],[-79.622387,44.335587],[-79.622477,44.335912],[-79.622512,44.336027],[-79.62265,44.336481],[-79.622681,44.336584],[-79.622779,44.336948],[-79.622863,44.337279],[-79.622926,44.337599],[-79.623076,44.338236],[-79.623171,44.338696],[-79.623248,44.339035],[-79.623367,44.339542],[-79.623506,44.340158],[-79.623594,44.340503],[-79.623822,44.341555],[-79.623904,44.341847],[-79.623968,44.342074],[-79.624062,44.342413],[-79.624142,44.342748],[-79.624302,44.343457],[-79.624357,44.343672],[-79.624409,44.343905],[-79.624484,44.34419],[-79.624613,44.34456],[-79.62469,44.344754],[-79.624764,44.344923],[-79.624861,44.345108],[-79.624915,44.345227],[-79.625116,44.345598],[-79.625245,44.345812],[-79.625377,44.346015],[-79.625478,44.346142],[-79.625616,44.346322],[-79.625738,44.346473],[-79.625864,44.346637],[-79.626,44.346803],[-79.626383,44.347245],[-79.626536,44.347417],[-79.62664,44.347542],[-79.626751,44.347685],[-79.626984,44.347999],[-79.627071,44.348099],[-79.627102,44.348135],[-79.627023,44.348169],[-79.627023,44.348169],[-79.627023,44.348169],[-79.627023,44.348169],[-79.627102,44.348135],[-79.627381,44.348472],[-79.627703,44.3488],[-79.627867,44.348951],[-79.627982,44.349055],[-79.628092,44.34915],[-79.628234,44.349269],[-79.628374,44.34938],[-79.628518,44.349496],[-79.628782,44.349696],[-79.629017,44.349861],[-79.629307,44.350043],[-79.629506,44.350169],[-79.629758,44.350309],[-79.629954,44.350415],[-79.630077,44.350477],[-79.629942,44.350653],[-79.629529,44.351229],[-79.629496,44.351278],[-79.629464,44.351292],[-79.629427,44.351286],[-79.629118,44.351196],[-79.628901,44.351119],[-79.628706,44.351049],[-79.628651,44.35103],[-79.628509,44.350979],[-79.628452,44.350959],[-79.628314,44.350909],[-79.628029,44.3513],[-79.628026,44.351334],[-79.628044,44.351365],[-79.62806,44.351382],[-79.627851,44.351489],[-79.627851,44.351489],[-79.627851,44.351489],[-79.627851,44.351489],[-79.62806,44.351382],[-79.628077,44.351398],[-79.628179,44.351467],[-79.628342,44.351577],[-79.628515,44.351694],[-79.628678,44.351805],[-79.628764,44.35186],[-79.628795,44.351868],[-79.628847,44.351872],[-79.62888,44.351861],[-79.628915,44.351823],[-79.629137,44.351526],[-79.62921,44.35141],[-79.629205,44.351377],[-79.629184,44.351355],[-79.629044,44.351296],[-79.629118,44.351196],[-79.629427,44.351286],[-79.629464,44.351292],[-79.629496,44.351278],[-79.629529,44.351229],[-79.629942,44.350653],[-79.630077,44.350477],[-79.630297,44.350578],[-79.630559,44.350702],[-79.630617,44.35073],[-79.630835,44.350827],[-79.631043,44.350914],[-79.631072,44.350925],[-79.631385,44.351046],[-79.632153,44.351323],[-79.632294,44.351374],[-79.632443,44.351427],[-79.632729,44.35153],[-79.632903,44.351593],[-79.632838,44.351687],[-79.632838,44.351687],[-79.632838,44.351687],[-79.632838,44.351687],[-79.632903,44.351593],[-79.6331,44.351663],[-79.633735,44.351891],[-79.635062,44.352372],[-79.635265,44.352445],[-79.635416,44.3525],[-79.635561,44.352552],[-79.635826,44.352648],[-79.635892,44.352672],[-79.635837,44.352749],[-79.635837,44.352749],[-79.635837,44.352749],[-79.635837,44.352749],[-79.635892,44.352672],[-79.635986,44.352706],[-79.636211,44.352788],[-79.637298,44.353175],[-79.637935,44.353401],[-79.638246,44.353511],[-79.638601,44.353638],[-79.639401,44.353922],[-79.640303,44.354242],[-79.64101,44.354493],[-79.641124,44.354533],[-79.641064,44.354621],[-79.641064,44.354621],[-79.641064,44.354621],[-79.641064,44.354621],[-79.641124,44.354533],[-79.641488,44.354663],[-79.64178,44.354763],[-79.641979,44.354832],[-79.642148,44.35489],[-79.64289,44.355141],[-79.643037,44.355194],[-79.643801,44.355467],[-79.644856,44.35585],[-79.646495,44.356443],[-79.646826,44.356562],[-79.646738,44.356687],[-79.646738,44.356687],[-79.646738,44.356687],[-79.646738,44.356687],[-79.646826,44.356562],[-79.646877,44.35658],[-79.647033,44.356636],[-79.64717,44.356686],[-79.647278,44.356723],[-79.647509,44.356811],[-79.648153,44.357053],[-79.64857,44.357223],[-79.648793,44.35732],[-79.64909,44.357439],[-79.649383,44.357572],[-79.649763,44.357745],[-79.6503,44.358003],[-79.650366,44.358034],[-79.650554,44.358126],[-79.65069,44.35819],[-79.651034,44.35836],[-79.651508,44.358591],[-79.651695,44.358686],[-79.652391,44.359029],[-79.65326,44.359458],[-79.653447,44.359555],[-79.653653,44.359662],[-79.653771,44.359719],[-79.65426,44.359997],[-79.654658,44.360227],[-79.654856,44.36035],[-79.654955,44.360409],[-79.655199,44.360562],[-79.65532,44.360643],[-79.655448,44.360734],[-79.655554,44.360812],[-79.655677,44.36091],[-79.656863,44.361852],[-79.657454,44.36234],[-79.65821,44.362932],[-79.659059,44.363625],[-79.660256,44.364576],[-79.661237,44.365376],[-79.66137,44.365487],[-79.661944,44.365944],[-79.662224,44.366168],[-79.662496,44.366378],[-79.662546,44.366417],[-79.662464,44.366469],[-79.662464,44.366469],[-79.662464,44.366469],[-79.662464,44.366469],[-79.662546,44.366417],[-79.66283,44.366646],[-79.662941,44.366711],[-79.663247,44.366922],[-79.66336,44.36699],[-79.663451,44.367045],[-79.66358,44.36713],[-79.663988,44.367383],[-79.665483,44.36831],[-79.666477,44.368924],[-79.666611,44.369007],[-79.667556,44.369602],[-79.667629,44.369644],[-79.667751,44.36971],[-79.667881,44.36977],[-79.667945,44.369794],[-79.667995,44.369811],[-79.66802,44.369817],[-79.668102,44.369837],[-79.668183,44.369859],[-79.668389,44.369921],[-79.668757,44.370017],[-79.669248,44.370119],[-79.6695,44.37017],[-79.669655,44.370203],[-79.669718,44.370216],[-79.669986,44.370287],[-79.670442,44.370388],[-79.670677,44.370433],[-79.67115,44.370517],[-79.671483,44.370564],[-79.671858,44.370599],[-79.672358,44.370633],[-79.672773,44.370653],[-79.672991,44.370661],[-79.673159,44.370668],[-79.673473,44.370705],[-79.673657,44.370735],[-79.673901,44.370786],[-79.674204,44.370856],[-79.674926,44.371055],[-79.675226,44.371134],[-79.675434,44.371188],[-79.676159,44.371378],[-79.676258,44.371401],[-79.676452,44.371445],[-79.676771,44.371508],[-79.677092,44.37156],[-79.677419,44.371601],[-79.677622,44.371617],[-79.677887,44.371635],[-79.67822,44.371651],[-79.67843,44.371651],[-79.6788,44.371643],[-79.6792,44.371618],[-79.679536,44.371585],[-79.680212,44.371531],[-79.680897,44.371475],[-79.682009,44.371372],[-79.682378,44.371345],[-79.683034,44.371288],[-79.683721,44.371231],[-79.684387,44.371175],[-79.684737,44.371146],[-79.685057,44.371116],[-79.68534,44.371091],[-79.685706,44.371063],[-79.685822,44.371059],[-79.685943,44.371067],[-79.686004,44.371072],[-79.686495,44.371131],[-79.686925,44.371178],[-79.687939,44.371297],[-79.688029,44.371305],[-79.689254,44.371444],[-79.690526,44.371588],[-79.690509,44.371667],[-79.690509,44.371667],[-79.690509,44.371667],[-79.690509,44.371667],[-79.690526,44.371588],[-79.690571,44.371593],[-79.69069,44.371605],[-79.69074,44.371617],[-79.690898,44.37166],[-79.690944,44.371676],[-79.691123,44.37174],[-79.691378,44.371842],[-79.691494,44.371888],[-79.691743,44.371983],[-79.692066,44.37212],[-79.69189,44.372362],[-79.691529,44.372873],[-79.69089,44.373693],[-79.690787,44.373837],[-79.690699,44.373964],[-79.690628,44.374075],[-79.69059,44.374123],[-79.690437,44.374363],[-79.690378,44.374471],[-79.690309,44.374663],[-79.690054,44.374719],[-79.689807,44.374787],[-79.689568,44.374852],[-79.689493,44.374868],[-79.689372,44.37484],[-79.689282,44.374845],[-79.68919,44.374863],[-79.68908,44.374877],[-79.688986,44.37488],[-79.688761,44.37489],[-79.688766,44.374782],[-79.688829,44.374558],[-79.688847,44.374441],[-79.688868,44.374306],[-79.689273,44.374353],[-79.68926,44.374408],[-79.68926,44.374408]]}},{"type":"Feature","properties":{"shape_id":"GO:447341","route_id":"GO-BUS","route_short_name":"GO BUS","route_long_name":"Barrie / Newmarket","route_color":"#003767","route_text_color":"#FFFFFF","route_mode":"bus","agency_id":"go-transit","agency_name":"GO Transit","source_route_id":"09261126-68"},"geometry":{"type":"LineString","coordinates":[[-79.68926,44.374408],[-79.68926,44.374408],[-79.689273,44.374353],[-79.689707,44.374403],[-79.689787,44.374372],[-79.68985,44.374176],[-79.68979,44.37411],[-79.688914,44.374017],[-79.688871,44.374283],[-79.688868,44.374306],[-79.688847,44.374441],[-79.688829,44.374558],[-79.688766,44.374782],[-79.688761,44.37489],[-79.688657,44.374888],[-79.688708,44.374989],[-79.688812,44.374995],[-79.688971,44.374999],[-79.689225,44.374973],[-79.689317,44.374961],[-79.68936,44.374953],[-79.689381,44.374943],[-79.689397,44.374932],[-79.689493,44.374868],[-79.689568,44.374852],[-79.689807,44.374787],[-79.690054,44.374719],[-79.690309,44.374663],[-79.690378,44.374471],[-79.690437,44.374363],[-79.69059,44.374123],[-79.690628,44.374075],[-79.690699,44.373964],[-79.690787,44.373837],[-79.69089,44.373693],[-79.691529,44.372873],[-79.69189,44.372362],[-79.692066,44.37212],[-79.691743,44.371983],[-79.691494,44.371888],[-79.691378,44.371842],[-79.691123,44.37174],[-79.690944,44.371676],[-79.690898,44.37166],[-79.69074,44.371617],[-79.69069,44.371605],[-79.690571,44.371593],[-79.690526,44.371588],[-79.690534,44.371548],[-79.690534,44.371548],[-79.690534,44.371548],[-79.690534,44.371548],[-79.690526,44.371588],[-79.689254,44.371444],[-79.688029,44.371305],[-79.687939,44.371297],[-79.686925,44.371178],[-79.686495,44.371131],[-79.686004,44.371072],[-79.685943,44.371067],[-79.685822,44.371059],[-79.685706,44.371063],[-79.68534,44.371091],[-79.685057,44.371116],[-79.684737,44.371146],[-79.684387,44.371175],[-79.684376,44.371175],[-79.684373,44.371153],[-79.684373,44.371153],[-79.684373,44.371153],[-79.684373,44.371153],[-79.684376,44.371175],[-79.683721,44.371231],[-79.683034,44.371288],[-79.682378,44.371345],[-79.682009,44.371372],[-79.680897,44.371475],[-79.680212,44.371531],[-79.679536,44.371585],[-79.6792,44.371618],[-79.6788,44.371643],[-79.67843,44.371651],[-79.67822,44.371651],[-79.677887,44.371635],[-79.677622,44.371617],[-79.677419,44.371601],[-79.677092,44.37156],[-79.676771,44.371508],[-79.676452,44.371445],[-79.676258,44.371401],[-79.676159,44.371378],[-79.675434,44.371188],[-79.675226,44.371134],[-79.674926,44.371055],[-79.674204,44.370856],[-79.673901,44.370786],[-79.673657,44.370735],[-79.673473,44.370705],[-79.673159,44.370668],[-79.672991,44.370661],[-79.672773,44.370653],[-79.672358,44.370633],[-79.671858,44.370599],[-79.671483,44.370564],[-79.67115,44.370517],[-79.670677,44.370433],[-79.670442,44.370388],[-79.669986,44.370287],[-79.669718,44.370216],[-79.669655,44.370203],[-79.6695,44.37017],[-79.669248,44.370119],[-79.668757,44.370017],[-79.668389,44.369921],[-79.668183,44.369859],[-79.668102,44.369837],[-79.66802,44.369817],[-79.667995,44.369811],[-79.667945,44.369794],[-79.667881,44.36977],[-79.667751,44.36971],[-79.667629,44.369644],[-79.667556,44.369602],[-79.666611,44.369007],[-79.666477,44.368924],[-79.665483,44.36831],[-79.663988,44.367383],[-79.66358,44.36713],[-79.663451,44.367045],[-79.66336,44.36699],[-79.663247,44.366922],[-79.662941,44.366711],[-79.66283,44.366646],[-79.662508,44.366386],[-79.662611,44.36632],[-79.662611,44.36632],[-79.662611,44.36632],[-79.662611,44.36632],[-79.662508,44.366386],[-79.662496,44.366378],[-79.662224,44.366168],[-79.661944,44.365944],[-79.66137,44.365487],[-79.661237,44.365376],[-79.660256,44.364576],[-79.659059,44.363625],[-79.65821,44.362932],[-79.657454,44.36234],[-79.656863,44.361852],[-79.655677,44.36091],[-79.655554,44.360812],[-79.655448,44.360734],[-79.65532,44.360643],[-79.655199,44.360562],[-79.654955,44.360409],[-79.654856,44.36035],[-79.654658,44.360227],[-79.65426,44.359997],[-79.653771,44.359719],[-79.653653,44.359662],[-79.653447,44.359555],[-79.65326,44.359458],[-79.652391,44.359029],[-79.651695,44.358686],[-79.651508,44.358591],[-79.651034,44.35836],[-79.65069,44.35819],[-79.650554,44.358126],[-79.650366,44.358034],[-79.6503,44.358003],[-79.649763,44.357745],[-79.649383,44.357572],[-79.64909,44.357439],[-79.648793,44.35732],[-79.64857,44.357223],[-79.648153,44.357053],[-79.647509,44.356811],[-79.647278,44.356723],[-79.64717,44.356686],[-79.647033,44.356636],[-79.646963,44.356611],[-79.64702,44.356528],[-79.64702,44.356528],[-79.64702,44.356528],[-79.64702,44.356528],[-79.646963,44.356611],[-79.646877,44.35658],[-79.646495,44.356443],[-79.644856,44.35585],[-79.643801,44.355467],[-79.643037,44.355194],[-79.64289,44.355141],[-79.642148,44.35489],[-79.641979,44.354832],[-79.641816,44.354775],[-79.641865,44.354702],[-79.641865,44.354702],[-79.641865,44.354702],[-79.641865,44.354702],[-79.641816,44.354775],[-79.64178,44.354763],[-79.641488,44.354663],[-79.64101,44.354493],[-79.640303,44.354242],[-79.639401,44.353922],[-79.638601,44.353638],[-79.638246,44.353511],[-79.637935,44.353401],[-79.637298,44.353175],[-79.636521,44.352898],[-79.636576,44.352821],[-79.636576,44.352821],[-79.636576,44.352821],[-79.636576,44.352821],[-79.636521,44.352898],[-79.636211,44.352788],[-79.635986,44.352706],[-79.635826,44.352648],[-79.635561,44.352552],[-79.635416,44.3525],[-79.635265,44.352445],[-79.635062,44.352372],[-79.633735,44.351891],[-79.633464,44.351794],[-79.633515,44.351722],[-79.633515,44.351722],[-79.633515,44.351722],[-79.633515,44.351722],[-79.633464,44.351794],[-79.6331,44.351663],[-79.632729,44.35153],[-79.632443,44.351427],[-79.632294,44.351374],[-79.632153,44.351323],[-79.631385,44.351046],[-79.631072,44.350925],[-79.631043,44.350914],[-79.630835,44.350827],[-79.630617,44.35073],[-79.630559,44.350702],[-79.630297,44.350578],[-79.630077,44.350477],[-79.629942,44.350653],[-79.629529,44.351229],[-79.629496,44.351278],[-79.629464,44.351292],[-79.629427,44.351286],[-79.629118,44.351196],[-79.628901,44.351119],[-79.628706,44.351049],[-79.628651,44.35103],[-79.628509,44.350979],[-79.628452,44.350959],[-79.628314,44.350909],[-79.628029,44.3513],[-79.628026,44.351334],[-79.628044,44.351365],[-79.62806,44.351382],[-79.627851,44.351489],[-79.627851,44.351489],[-79.627851,44.351489],[-79.627851,44.351489],[-79.62806,44.351382],[-79.628077,44.351398],[-79.628179,44.351467],[-79.628342,44.351577],[-79.628515,44.351694],[-79.628678,44.351805],[-79.628764,44.35186],[-79.628795,44.351868],[-79.628847,44.351872],[-79.62888,44.351861],[-79.628915,44.351823],[-79.629137,44.351526],[-79.62921,44.35141],[-79.629205,44.351377],[-79.629184,44.351355],[-79.629044,44.351296],[-79.629118,44.351196],[-79.629427,44.351286],[-79.629464,44.351292],[-79.629496,44.351278],[-79.629529,44.351229],[-79.629942,44.350653],[-79.630077,44.350477],[-79.629954,44.350415],[-79.629758,44.350309],[-79.629506,44.350169],[-79.629307,44.350043],[-79.629017,44.349861],[-79.628782,44.349696],[-79.628518,44.349496],[-79.628374,44.34938],[-79.628234,44.349269],[-79.628092,44.34915],[-79.627982,44.349055],[-79.627867,44.348951],[-79.627703,44.3488],[-79.627588,44.348682],[-79.627715,44.348618],[-79.627715,44.348618],[-79.627715,44.348618],[-79.627715,44.348618],[-79.627588,44.348682],[-79.627381,44.348472],[-79.627071,44.348099],[-79.626984,44.347999],[-79.626751,44.347685],[-79.62664,44.347542],[-79.626536,44.347417],[-79.626383,44.347245],[-79.626,44.346803],[-79.625864,44.346637],[-79.625738,44.346473],[-79.625616,44.346322],[-79.625478,44.346142],[-79.625377,44.346015],[-79.625245,44.345812],[-79.625116,44.345598],[-79.624915,44.345227],[-79.624861,44.345108],[-79.624764,44.344923],[-79.62469,44.344754],[-79.624613,44.34456],[-79.624484,44.34419],[-79.624409,44.343905],[-79.624357,44.343672],[-79.624302,44.343457],[-79.624142,44.342748],[-79.624062,44.342413],[-79.623968,44.342074],[-79.623904,44.341847],[-79.623822,44.341555],[-79.623594,44.340503],[-79.623506,44.340158],[-79.623367,44.339542],[-79.623248,44.339035],[-79.623171,44.338696],[-79.623076,44.338236],[-79.622926,44.337599],[-79.622863,44.337279],[-79.622779,44.336948],[-79.622681,44.336584],[-79.62265,44.336481],[-79.622512,44.336027],[-79.622477,44.335912],[-79.622387,44.335587],[-79.622346,44.335419],[-79.622294,44.335209],[-79.622245,44.335029],[-79.622189,44.334825],[-79.622096,44.33451],[-79.622013,44.334184],[-79.621813,44.333483],[-79.621577,44.332571],[-79.621485,44.332238],[-79.621419,44.331987],[-79.621382,44.331862],[-79.621357,44.331788],[-79.621295,44.331559],[-79.621262,44.331448],[-79.621238,44.331351],[-79.621144,44.330982],[-79.621028,44.330543],[-79.620971,44.330318],[-79.620916,44.330112],[-79.620871,44.329937],[-79.620831,44.329817],[-79.62076,44.329563],[-79.62074,44.329476],[-79.620812,44.329467],[-79.620812,44.329467],[-79.620812,44.329467],[-79.620812,44.329467],[-79.62074,44.329476],[-79.620683,44.329228],[-79.620555,44.328803],[-79.62049,44.328588],[-79.62044,44.328411],[-79.620402,44.328279],[-79.620335,44.32804],[-79.620195,44.327546],[-79.620154,44.3274],[-79.620104,44.327244],[-79.620054,44.327085],[-79.619898,44.326497],[-79.619866,44.326371],[-79.619827,44.326227],[-79.619768,44.326006],[-79.619686,44.325699],[-79.619672,44.325627],[-79.61962,44.325371],[-79.619546,44.325115],[-79.619495,44.324921],[-79.619579,44.32491],[-79.619579,44.32491],[-79.619579,44.32491],[-79.619579,44.32491],[-79.619495,44.324921],[-79.619464,44.324802],[-79.619434,44.324684],[-79.619403,44.324576],[-79.619371,44.324474],[-79.619334,44.324369],[-79.619223,44.323934],[-79.619064,44.323303],[-79.618935,44.322833],[-79.618678,44.321906],[-79.618509,44.32126],[-79.618465,44.321093],[-79.618299,44.320465],[-79.618117,44.319845],[-79.617919,44.319092],[-79.617839,44.318806],[-79.617762,44.318557],[-79.617685,44.318258],[-79.617387,44.317113],[-79.616974,44.315579],[-79.616644,44.314281],[-79.616458,44.313592],[-79.616371,44.313254],[-79.616259,44.312876],[-79.616228,44.31272],[-79.616168,44.312481],[-79.61609,44.312129],[-79.615863,44.311051],[-79.615255,44.308186],[-79.615101,44.307355],[-79.614958,44.306731],[-79.614899,44.3064],[-79.614719,44.305575],[-79.61454,44.304852],[-79.614387,44.304089],[-79.614281,44.303537],[-79.614225,44.303288],[-79.614212,44.30323],[-79.614191,44.303128],[-79.614103,44.302677],[-79.614,44.30215],[-79.61395,44.301918],[-79.613894,44.30164],[-79.613752,44.300928],[-79.613648,44.300445],[-79.613561,44.300043],[-79.613494,44.299734],[-79.613471,44.29963],[-79.613415,44.299407],[-79.613397,44.299341],[-79.613486,44.299327],[-79.613486,44.299327],[-79.613486,44.299327],[-79.613486,44.299327],[-79.613397,44.299341],[-79.613357,44.299204],[-79.613346,44.299165],[-79.613174,44.298566],[-79.612979,44.297756],[-79.612954,44.297659],[-79.61286,44.297305],[-79.612743,44.296913],[-79.612683,44.296704],[-79.612668,44.29666],[-79.612601,44.296463],[-79.61241,44.295834],[-79.612318,44.295489],[-79.612156,44.294868],[-79.612054,44.294538],[-79.611953,44.29422],[-79.611904,44.294047],[-79.611846,44.293828],[-79.611765,44.293525],[-79.611588,44.292741],[-79.611479,44.292242],[-79.611179,44.291223],[-79.611043,44.290663],[-79.610915,44.290168],[-79.610842,44.28989],[-79.610738,44.289435],[-79.61064,44.289119],[-79.610552,44.288772],[-79.610326,44.287893],[-79.610288,44.287711],[-79.610186,44.287282],[-79.609935,44.286367],[-79.609889,44.286184],[-79.609707,44.285444],[-79.609643,44.285115],[-79.609532,44.284735],[-79.609238,44.283811],[-79.609109,44.283306],[-79.608834,44.28219],[-79.608704,44.28165],[-79.608503,44.280873],[-79.608376,44.280434],[-79.608111,44.279402],[-79.607993,44.278902],[-79.607907,44.278585],[-79.607618,44.277463],[-79.607561,44.277214],[-79.607497,44.27696],[-79.607461,44.276794],[-79.607394,44.276545],[-79.607376,44.27646],[-79.607324,44.276296],[-79.607133,44.275585],[-79.607061,44.27528],[-79.60691,44.274746],[-79.606898,44.27469],[-79.606823,44.274357],[-79.606744,44.274066],[-79.606681,44.273762],[-79.606543,44.273215],[-79.606402,44.272652],[-79.606302,44.272244],[-79.606135,44.27162],[-79.605961,44.270924],[-79.605636,44.269665],[-79.605117,44.267721],[-79.604596,44.265703],[-79.604386,44.264894],[-79.604252,44.26438],[-79.604147,44.263981],[-79.604048,44.263595],[-79.603616,44.261878],[-79.603363,44.26092],[-79.603119,44.260026],[-79.60306,44.259826],[-79.603038,44.259751],[-79.602733,44.258437],[-79.602601,44.257923],[-79.602655,44.257916],[-79.602655,44.257916],[-79.602655,44.257916],[-79.602655,44.257916],[-79.602601,44.257923],[-79.602598,44.25791],[-79.602527,44.25768],[-79.602183,44.256402],[-79.601868,44.255046],[-79.601736,44.254545],[-79.601551,44.253863],[-79.601705,44.253843],[-79.601705,44.253843],[-79.601705,44.253843],[-79.601705,44.253843],[-79.601551,44.253863],[-79.60155,44.253858],[-79.601336,44.252954],[-79.60131,44.25285],[-79.601122,44.252156],[-79.601057,44.251895],[-79.601011,44.251712],[-79.600978,44.25157],[-79.600953,44.251458],[-79.600903,44.251257],[-79.600845,44.251025],[-79.600757,44.25067],[-79.600625,44.250089],[-79.600537,44.249721],[-79.600497,44.24956],[-79.600345,44.248914],[-79.599979,44.247523],[-79.599469,44.245531],[-79.599429,44.24537],[-79.599339,44.244957],[-79.599019,44.243616],[-79.598657,44.242304],[-79.598583,44.241938],[-79.598487,44.241534],[-79.598413,44.24114],[-79.598354,44.240809],[-79.598162,44.240153],[-79.59808,44.239865],[-79.598037,44.23972],[-79.597939,44.239349],[-79.597871,44.239181],[-79.597827,44.239013],[-79.597433,44.237389],[-79.597384,44.237143],[-79.59727,44.23658],[-79.597067,44.235857],[-79.596828,44.235024],[-79.596595,44.234048],[-79.595736,44.230746],[-79.595283,44.228988],[-79.594985,44.227929],[-79.5949,44.227608],[-79.594837,44.22731],[-79.594768,44.226957],[-79.594638,44.226424],[-79.594452,44.22577],[-79.594417,44.225647],[-79.594348,44.225359],[-79.59403,44.224076],[-79.593926,44.223671],[-79.593667,44.222719],[-79.593473,44.222064],[-79.593346,44.221693],[-79.593244,44.221419],[-79.59312,44.221118],[-79.592999,44.220842],[-79.592894,44.220594],[-79.592651,44.220103],[-79.592386,44.219551],[-79.591981,44.218762],[-79.591699,44.218199],[-79.591589,44.218019],[-79.59131,44.217476],[-79.591282,44.217423],[-79.590982,44.21686],[-79.590799,44.216449],[-79.590687,44.216223],[-79.590512,44.215832],[-79.590407,44.215597],[-79.590362,44.215501],[-79.59031,44.215389],[-79.590389,44.215369],[-79.590389,44.215369],[-79.590389,44.215369],[-79.590389,44.215369],[-79.59031,44.215389],[-79.590231,44.215222],[-79.590072,44.214935],[-79.589947,44.21471],[-79.589758,44.21437],[-79.589626,44.21414],[-79.589446,44.213762],[-79.58938,44.213627],[-79.589185,44.213178],[-79.589043,44.212854],[-79.588913,44.212566],[-79.588826,44.212316],[-79.588785,44.21218],[-79.588741,44.212049],[-79.588646,44.211725],[-79.588625,44.21165],[-79.58857,44.211461],[-79.588218,44.210032],[-79.587887,44.208672],[-79.587472,44.206947],[-79.587327,44.206324],[-79.587275,44.206079],[-79.587202,44.205801],[-79.587018,44.205102],[-79.586791,44.204282],[-79.586611,44.2037],[-79.586268,44.202385],[-79.585944,44.20119],[-79.58593,44.20114],[-79.585697,44.200159],[-79.585465,44.199138],[-79.585299,44.198408],[-79.584653,44.195766],[-79.584467,44.194946],[-79.584281,44.194125],[-79.584112,44.193398],[-79.583949,44.192688],[-79.583303,44.190017],[-79.583221,44.189644],[-79.582987,44.188721],[-79.582866,44.188248],[-79.582756,44.187841],[-79.582611,44.187172],[-79.582528,44.186851],[-79.582498,44.186709],[-79.582302,44.185822],[-79.582133,44.185021],[-79.581685,44.183157],[-79.580864,44.179805],[-79.580335,44.17757],[-79.580033,44.176296],[-79.579823,44.175482],[-79.579576,44.174393],[-79.579409,44.173661],[-79.578968,44.171565],[-79.578851,44.170966],[-79.57877,44.170699],[-79.578548,44.169663],[-79.578443,44.169191],[-79.57838,44.168877],[-79.577915,44.167143],[-79.577667,44.166324],[-79.577117,44.164025],[-79.576949,44.163262],[-79.57684,44.162957],[-79.576704,44.162309],[-79.57668,44.162197],[-79.576282,44.160678],[-79.575901,44.159026],[-79.575749,44.158369],[-79.575418,44.157077],[-79.57519,44.156286],[-79.57508,44.155878],[-79.575045,44.155746],[-79.574958,44.155244],[-79.574871,44.154872],[-79.574646,44.154286],[-79.574617,44.154177],[-79.574365,44.152975],[-79.574056,44.151706],[-79.573951,44.1512],[-79.573876,44.15081],[-79.573742,44.150234],[-79.573631,44.149792],[-79.573561,44.14949],[-79.573096,44.1475],[-79.572915,44.146755],[-79.57277,44.146091],[-79.572595,44.145242],[-79.572461,44.144788],[-79.571782,44.142233],[-79.571693,44.141739],[-79.571423,44.140471],[-79.571352,44.140139],[-79.571193,44.1394],[-79.571048,44.138853],[-79.570978,44.138585],[-79.57078,44.137712],[-79.5706,44.137054],[-79.570297,44.135787],[-79.570041,44.134622],[-79.56973,44.133371],[-79.569564,44.132702],[-79.569325,44.131853],[-79.568995,44.130673],[-79.568816,44.130032],[-79.568537,44.128893],[-79.568416,44.128397],[-79.568304,44.127946],[-79.568137,44.127272],[-79.568127,44.127227],[-79.568088,44.127081],[-79.568009,44.12675],[-79.567991,44.126674],[-79.568081,44.126663],[-79.568081,44.126663],[-79.568081,44.126663],[-79.568081,44.126663],[-79.567991,44.126674],[-79.567958,44.126541],[-79.567882,44.126145],[-79.567754,44.125586],[-79.567662,44.125237],[-79.567631,44.125138],[-79.567608,44.125004],[-79.567486,44.12448],[-79.567242,44.123608],[-79.567173,44.123328],[-79.566892,44.122371],[-79.566822,44.122127],[-79.566788,44.122014],[-79.566643,44.121344],[-79.566517,44.120827],[-79.566522,44.120827],[-79.566522,44.120827],[-79.566522,44.120827],[-79.566522,44.120827],[-79.566517,44.120827],[-79.566485,44.120698],[-79.566293,44.119843],[-79.566125,44.119168],[-79.565992,44.118712],[-79.565915,44.118446],[-79.56587,44.118263],[-79.565799,44.117975],[-79.565712,44.117691],[-79.565601,44.117254],[-79.565526,44.11705],[-79.565485,44.116882],[-79.565398,44.116456],[-79.565357,44.116288],[-79.565263,44.115822],[-79.565089,44.115263],[-79.565028,44.115077],[-79.564991,44.11494],[-79.564931,44.114718],[-79.565096,44.114696],[-79.565096,44.114696],[-79.565096,44.114696],[-79.565096,44.114696],[-79.564931,44.114718],[-79.564925,44.114691],[-79.564859,44.114453],[-79.564817,44.114281],[-79.564058,44.114455],[-79.563451,44.114593],[-79.562486,44.114814],[-79.561668,44.115004],[-79.561194,44.11511],[-79.560571,44.11525],[-79.560332,44.115303],[-79.56011,44.115356],[-79.56007,44.115272],[-79.56007,44.115272],[-79.56007,44.115272],[-79.56007,44.115272],[-79.56011,44.115356],[-79.560007,44.115381],[-79.559734,44.115443],[-79.559014,44.115609],[-79.558682,44.115684],[-79.558198,44.115792],[-79.557994,44.115833],[-79.557764,44.115862],[-79.557511,44.115872],[-79.557292,44.115873],[-79.557135,44.115867],[-79.556998,44.115854],[-79.556881,44.115838],[-79.556644,44.115795],[-79.556552,44.115776],[-79.556378,44.115739],[-79.556129,44.115684],[-79.556057,44.115776],[-79.555638,44.116287],[-79.555589,44.116339],[-79.555582,44.116381],[-79.555573,44.116398],[-79.555561,44.116414],[-79.55566,44.116462],[-79.555671,44.116468],[-79.555761,44.116539],[-79.555772,44.116549],[-79.555691,44.116596],[-79.555691,44.116596],[-79.555691,44.116596],[-79.555691,44.116596],[-79.555772,44.116549],[-79.555881,44.116644],[-79.55593,44.116676],[-79.555991,44.116716],[-79.556072,44.116775],[-79.556123,44.116811],[-79.556189,44.116876],[-79.556226,44.116943],[-79.556247,44.11699],[-79.55632,44.11708],[-79.556916,44.117731],[-79.557018,44.117854],[-79.557099,44.117874],[-79.557231,44.117882],[-79.557773,44.117751],[-79.557716,44.117523],[-79.557586,44.11702],[-79.557533,44.116836],[-79.557489,44.116684],[-79.55744,44.116511],[-79.557398,44.116367],[-79.557322,44.116057],[-79.557292,44.115873],[-79.557135,44.115867],[-79.556998,44.115854],[-79.556881,44.115838],[-79.556644,44.115795],[-79.556552,44.115776],[-79.556378,44.115739],[-79.556129,44.115684],[-79.555394,44.115514],[-79.554451,44.115303],[-79.553584,44.115107],[-79.553347,44.115054],[-79.553098,44.114998],[-79.552233,44.114804],[-79.551973,44.114746],[-79.551186,44.114566],[-79.549991,44.114292],[-79.549357,44.114139],[-79.547423,44.113672],[-79.547159,44.11361],[-79.547046,44.113582],[-79.546931,44.113551],[-79.546711,44.113503],[-79.546255,44.113384],[-79.545585,44.113235],[-79.545529,44.113222],[-79.54549,44.113208],[-79.545342,44.113159],[-79.545232,44.113122],[-79.545146,44.113099],[-79.544895,44.113033],[-79.544823,44.113014],[-79.543934,44.112797],[-79.543354,44.112654],[-79.542927,44.112545],[-79.542384,44.112402],[-79.541589,44.112181],[-79.540923,44.112004],[-79.540379,44.111853],[-79.539455,44.111606],[-79.537987,44.111205],[-79.537202,44.110996],[-79.533352,44.109951],[-79.531831,44.109539],[-79.529492,44.108905],[-79.527882,44.108466],[-79.525181,44.107738],[-79.523044,44.10716],[-79.522909,44.107121],[-79.522826,44.107045],[-79.522649,44.106976],[-79.522461,44.106913],[-79.522151,44.106803],[-79.522031,44.106759],[-79.521816,44.106669],[-79.521731,44.106636],[-79.521426,44.1065],[-79.521252,44.10642],[-79.521171,44.106382],[-79.520952,44.106277],[-79.520494,44.106035],[-79.520422,44.105994],[-79.520097,44.105806],[-79.519985,44.105735],[-79.519517,44.105428],[-79.518912,44.104953],[-79.518793,44.105028],[-79.51877,44.105042],[-79.518555,44.10519],[-79.518409,44.105321],[-79.5183,44.10544],[-79.518149,44.105607],[-79.517953,44.105827],[-79.517458,44.105694],[-79.516685,44.105485],[-79.515428,44.105145],[-79.514904,44.105008],[-79.514877,44.105034],[-79.51485,44.105053],[-79.514775,44.105094],[-79.514658,44.105143],[-79.51461,44.10516],[-79.514391,44.105208],[-79.513983,44.105308],[-79.513616,44.10539],[-79.513599,44.105362],[-79.513582,44.105345],[-79.513557,44.105334],[-79.513246,44.105256],[-79.513272,44.105201],[-79.513272,44.105201],[-79.513272,44.105201],[-79.513272,44.105201],[-79.513246,44.105256],[-79.512714,44.105122],[-79.512209,44.104991],[-79.511505,44.104809],[-79.510624,44.104575],[-79.510489,44.104538],[-79.510374,44.104508],[-79.51026,44.104478],[-79.508999,44.104166],[-79.50773,44.103831],[-79.506443,44.103502],[-79.505327,44.103213],[-79.50517,44.103172],[-79.50519,44.103133],[-79.50519,44.103133],[-79.50519,44.103133],[-79.50519,44.103133],[-79.50517,44.103172],[-79.504496,44.102998],[-79.504434,44.102982],[-79.503816,44.102825],[-79.502796,44.10256],[-79.502481,44.102479],[-79.501567,44.10224],[-79.501303,44.102162],[-79.501194,44.102124],[-79.501068,44.102069],[-79.500655,44.10188],[-79.499999,44.101568],[-79.499774,44.101478],[-79.499124,44.101163],[-79.497723,44.100484],[-79.497787,44.100416],[-79.497787,44.100416],[-79.497787,44.100416],[-79.497787,44.100416],[-79.497723,44.100484],[-79.497487,44.100371],[-79.497384,44.100316],[-79.497339,44.100289],[-79.497303,44.100264],[-79.49727,44.100233],[-79.497234,44.100196],[-79.496853,44.100264],[-79.496346,44.100379],[-79.496219,44.100407],[-79.496052,44.100447],[-79.494996,44.100683],[-79.494244,44.100856],[-79.493029,44.101136],[-79.492779,44.101189],[-79.492605,44.101228],[-79.492072,44.101337],[-79.491989,44.101353],[-79.491944,44.10123],[-79.491944,44.10123],[-79.491944,44.10123],[-79.491944,44.10123],[-79.491989,44.101353],[-79.491552,44.101435],[-79.491531,44.101306],[-79.491481,44.101092],[-79.491461,44.101026],[-79.491429,44.100911],[-79.491278,44.100326],[-79.491219,44.100097],[-79.491163,44.099887],[-79.490902,44.098807],[-79.490806,44.098419],[-79.490689,44.097897],[-79.490677,44.09785],[-79.490706,44.097847],[-79.490706,44.097847],[-79.490706,44.097847],[-79.490706,44.097847],[-79.490677,44.09785],[-79.490676,44.097844],[-79.490611,44.097551],[-79.490571,44.097396],[-79.490459,44.096969],[-79.49032,44.096456],[-79.490204,44.095966],[-79.49012,44.095588],[-79.490182,44.095581],[-79.490182,44.095581],[-79.490182,44.095581],[-79.490182,44.095581],[-79.49012,44.095588],[-79.490103,44.095514],[-79.490026,44.09515],[-79.489997,44.095014],[-79.489866,44.094483],[-79.489728,44.093982],[-79.489615,44.093512],[-79.489596,44.093422],[-79.489558,44.093265],[-79.48948,44.092952],[-79.489462,44.092895],[-79.489444,44.092823],[-79.489419,44.092647],[-79.489415,44.092581],[-79.489417,44.092407],[-79.489426,44.092286],[-79.489464,44.092101],[-79.489489,44.092012],[-79.489519,44.091937],[-79.489559,44.091819],[-79.489617,44.091709],[-79.489685,44.09157],[-79.489744,44.091461],[-79.489814,44.091356],[-79.48995,44.091173],[-79.490116,44.090952],[-79.490157,44.0909],[-79.490272,44.09075],[-79.490579,44.090332],[-79.490741,44.09011],[-79.490999,44.089772],[-79.492269,44.088104],[-79.492381,44.087918],[-79.492441,44.08778],[-79.492464,44.087658],[-79.492471,44.087483],[-79.49246,44.087364],[-79.492435,44.087245],[-79.492426,44.087211],[-79.492382,44.087102],[-79.492326,44.086999],[-79.492258,44.086906],[-79.492178,44.086821],[-79.492127,44.086777],[-79.492018,44.086694],[-79.491875,44.086607],[-79.491698,44.086488],[-79.491353,44.086269],[-79.491122,44.086112],[-79.491078,44.086074],[-79.490945,44.08596],[-79.490783,44.085801],[-79.490631,44.085633],[-79.490466,44.085438],[-79.490254,44.085193],[-79.49012,44.085045],[-79.489944,44.084871],[-79.48975,44.084709],[-79.4884,44.0837],[-79.488247,44.083589],[-79.488007,44.083422],[-79.487817,44.083298],[-79.487414,44.083097],[-79.487304,44.083018],[-79.487284,44.082999],[-79.487269,44.082977],[-79.487252,44.082943],[-79.487236,44.082877],[-79.487229,44.082813],[-79.487235,44.082759],[-79.487258,44.082712],[-79.4873,44.082667],[-79.487394,44.082603],[-79.487581,44.082519],[-79.487689,44.082474],[-79.487822,44.082414],[-79.487588,44.082093],[-79.487542,44.082032],[-79.487415,44.08185],[-79.487257,44.081603],[-79.487182,44.081475],[-79.487114,44.08135],[-79.486986,44.081093],[-79.486871,44.080834],[-79.486777,44.08059],[-79.486673,44.080309],[-79.486551,44.07987],[-79.486249,44.0786],[-79.486141,44.078166],[-79.486094,44.077963],[-79.485949,44.077359],[-79.485817,44.076804],[-79.48581,44.076779],[-79.485561,44.07565],[-79.485539,44.075556],[-79.485481,44.075292],[-79.485366,44.074772],[-79.485331,44.074619],[-79.485219,44.074118],[-79.485173,44.073918],[-79.485067,44.073461],[-79.484985,44.073123],[-79.484936,44.072935],[-79.484905,44.072824],[-79.484818,44.072844],[-79.484721,44.072864],[-79.484175,44.072989],[-79.484125,44.072999],[-79.482657,44.073344],[-79.482392,44.073406],[-79.481796,44.073545],[-79.48148,44.073618],[-79.481434,44.073514],[-79.481434,44.073514],[-79.481434,44.073514],[-79.481434,44.073514],[-79.48148,44.073618],[-79.481269,44.073667],[-79.480819,44.07378],[-79.480587,44.073843],[-79.480516,44.073904],[-79.479721,44.074111],[-79.479264,44.07423],[-79.478997,44.074291],[-79.477729,44.07458],[-79.475853,44.075001],[-79.474651,44.075279],[-79.473768,44.075482],[-79.473275,44.075572],[-79.472265,44.075779],[-79.472076,44.075817],[-79.47187,44.075875],[-79.471168,44.076023],[-79.470767,44.076116],[-79.47011,44.076284],[-79.469385,44.076448],[-79.468664,44.076616],[-79.467917,44.076788],[-79.466841,44.077009],[-79.465857,44.077201],[-79.465044,44.077369],[-79.462932,44.077783],[-79.461616,44.07803],[-79.461322,44.078096],[-79.461065,44.078149],[-79.460877,44.078124],[-79.460383,44.078214],[-79.460334,44.078224],[-79.459603,44.078368],[-79.459325,44.078423],[-79.457921,44.078697],[-79.457859,44.078711],[-79.457667,44.07818],[-79.457481,44.078227],[-79.457408,44.078219],[-79.457328,44.078202],[-79.457258,44.078192],[-79.457193,44.078186],[-79.457117,44.07819],[-79.456778,44.07827],[-79.456698,44.078288],[-79.456672,44.078233],[-79.456672,44.078233],[-79.456672,44.078233],[-79.456672,44.078233],[-79.456698,44.078288],[-79.456247,44.078396],[-79.456145,44.078431],[-79.456126,44.078438],[-79.456073,44.078476],[-79.456034,44.078516],[-79.45601,44.078548],[-79.455992,44.078593],[-79.455988,44.078637],[-79.455997,44.078671],[-79.456024,44.078728],[-79.456057,44.078762],[-79.456095,44.078792],[-79.45613,44.078808],[-79.456163,44.078819],[-79.456237,44.078829],[-79.456283,44.07883],[-79.456296,44.078828],[-79.456372,44.07882],[-79.457133,44.078625],[-79.457211,44.078595],[-79.457268,44.078564],[-79.457317,44.078524],[-79.457343,44.07848],[-79.457373,44.078378],[-79.457411,44.078307],[-79.457481,44.078227],[-79.457667,44.07818],[-79.457859,44.078711],[-79.457911,44.078857],[-79.458493,44.078742],[-79.458712,44.078698],[-79.459227,44.078596],[-79.459783,44.078486],[-79.460177,44.078407],[-79.460366,44.078367],[-79.460334,44.078224],[-79.460241,44.077816],[-79.460118,44.07727],[-79.459945,44.076625],[-79.459869,44.076341],[-79.459753,44.075892],[-79.459628,44.075406],[-79.459623,44.075372],[-79.459379,44.074421],[-79.459207,44.073707],[-79.45914,44.073433],[-79.459046,44.073008],[-79.459007,44.072849],[-79.45897,44.072715],[-79.458924,44.072534],[-79.458835,44.072244],[-79.458787,44.072077],[-79.458716,44.07184],[-79.458708,44.071808],[-79.458683,44.071699],[-79.458664,44.071575],[-79.458646,44.071405],[-79.458646,44.071263],[-79.458653,44.071111],[-79.458686,44.070927],[-79.458723,44.070753],[-79.458728,44.070732],[-79.458771,44.070585],[-79.458843,44.070403],[-79.458913,44.070247],[-79.459096,44.069917],[-79.459104,44.0699],[-79.45914,44.069842],[-79.459342,44.069481],[-79.459496,44.069209],[-79.459564,44.06909],[-79.459639,44.068946],[-79.459663,44.068899],[-79.459675,44.068871],[-79.459712,44.068792],[-79.459764,44.068672],[-79.459788,44.068573],[-79.459827,44.068428],[-79.459842,44.068293],[-79.45985,44.068162],[-79.45985,44.068096],[-79.45985,44.06806],[-79.459838,44.067957],[-79.459812,44.067791],[-79.459803,44.067741],[-79.459732,44.067362],[-79.459709,44.067192],[-79.459687,44.067063],[-79.45968,44.066959],[-79.459677,44.066877],[-79.45968,44.066824],[-79.459696,44.066683],[-79.459725,44.066541],[-79.459788,44.066375],[-79.45987,44.06623],[-79.459962,44.066085],[-79.460058,44.065964],[-79.460143,44.065876],[-79.460287,44.065751],[-79.460402,44.065667],[-79.460531,44.065582],[-79.460658,44.065508],[-79.460813,44.065433],[-79.46107,44.065329],[-79.461239,44.065267],[-79.46128,44.065256],[-79.46142,44.065217],[-79.461661,44.065139],[-79.461896,44.065058],[-79.462095,44.064987],[-79.462282,44.064906],[-79.462441,44.064817],[-79.462551,44.064739],[-79.462686,44.06464],[-79.462771,44.064559],[-79.462921,44.064385],[-79.463048,44.064184],[-79.463102,44.064056],[-79.463173,44.063847],[-79.463194,44.063727],[-79.463199,44.063617],[-79.463199,44.063532],[-79.463177,44.063398],[-79.463148,44.063284],[-79.463104,44.06318],[-79.463063,44.063092],[-79.462998,44.06296],[-79.462983,44.062931],[-79.462613,44.06229],[-79.462585,44.062242],[-79.462457,44.061998],[-79.462422,44.061941],[-79.462331,44.061734],[-79.462193,44.061409],[-79.461664,44.060218],[-79.46149,44.059821],[-79.461426,44.059664],[-79.461329,44.059447],[-79.461248,44.059261],[-79.461222,44.059207],[-79.461154,44.05907],[-79.460886,44.05912],[-79.460516,44.059194],[-79.460233,44.059253],[-79.459748,44.059343],[-79.459512,44.059384],[-79.459356,44.059411],[-79.459252,44.059437],[-79.459025,44.059488],[-79.459008,44.059453],[-79.459008,44.059453],[-79.459008,44.059453],[-79.459008,44.059453],[-79.459025,44.059488],[-79.458874,44.059522],[-79.458402,44.059638],[-79.458297,44.059668],[-79.458191,44.059692],[-79.458056,44.059727],[-79.457914,44.059766],[-79.457632,44.059841],[-79.4575,44.059877],[-79.456781,44.060066],[-79.456414,44.060153],[-79.456012,44.060256],[-79.455861,44.060292],[-79.455669,44.060336],[-79.455235,44.06043],[-79.45506,44.060463],[-79.454806,44.060515],[-79.454526,44.060569],[-79.454405,44.060594],[-79.454395,44.060566],[-79.454395,44.060566],[-79.454395,44.060566],[-79.454395,44.060566],[-79.454405,44.060594],[-79.454228,44.060629],[-79.454196,44.060486],[-79.454143,44.060297],[-79.454103,44.060128],[-79.454067,44.059982],[-79.453854,44.059116],[-79.453829,44.059019],[-79.453674,44.058364],[-79.453555,44.057811],[-79.453536,44.057711],[-79.45351,44.057546],[-79.453455,44.057227],[-79.453418,44.056987],[-79.453407,44.056877],[-79.453405,44.056794],[-79.45338666842106,44.05647]]}},{"type":"Feature","properties":{"shape_id":"GO:447342","route_id":"GO-BUS","route_short_name":"GO BUS","route_long_name":"Barrie / Newmarket","route_color":"#003767","route_text_color":"#FFFFFF","route_mode":"bus","agency_id":"go-transit","agency_name":"GO Transit","source_route_id":"09261126-68"},"geometry":{"type":"LineString","coordinates":[[-79.45338666842106,44.05647],[-79.453405,44.056794],[-79.453407,44.056877],[-79.453418,44.056987],[-79.453455,44.057227],[-79.45351,44.057546],[-79.453536,44.057711],[-79.453555,44.057811],[-79.453674,44.058364],[-79.453829,44.059019],[-79.453854,44.059116],[-79.453999,44.059707],[-79.453897,44.05972],[-79.453897,44.05972],[-79.453897,44.05972],[-79.453897,44.05972],[-79.453999,44.059707],[-79.454067,44.059982],[-79.454103,44.060128],[-79.454143,44.060297],[-79.454196,44.060486],[-79.454228,44.060629],[-79.454261,44.060775],[-79.455102,44.060588],[-79.455736,44.060453],[-79.455993,44.060405],[-79.456471,44.060295],[-79.456836,44.060199],[-79.457545,44.060014],[-79.457967,44.059891],[-79.458287,44.059818],[-79.458461,44.059772],[-79.458939,44.059666],[-79.459234,44.059602],[-79.459244,44.059623],[-79.459244,44.059623],[-79.459244,44.059623],[-79.459244,44.059623],[-79.459234,44.059602],[-79.459376,44.059571],[-79.459468,44.059548],[-79.459796,44.059488],[-79.460323,44.059392],[-79.460677,44.059328],[-79.461222,44.059207],[-79.461248,44.059261],[-79.461329,44.059447],[-79.461426,44.059664],[-79.46149,44.059821],[-79.461664,44.060218],[-79.462193,44.061409],[-79.462331,44.061734],[-79.462422,44.061941],[-79.462457,44.061998],[-79.462585,44.062242],[-79.462613,44.06229],[-79.462983,44.062931],[-79.462998,44.06296],[-79.463063,44.063092],[-79.463104,44.06318],[-79.463148,44.063284],[-79.463177,44.063398],[-79.463199,44.063532],[-79.463199,44.063617],[-79.463194,44.063727],[-79.463173,44.063847],[-79.463102,44.064056],[-79.463048,44.064184],[-79.462921,44.064385],[-79.462771,44.064559],[-79.462686,44.06464],[-79.462551,44.064739],[-79.462441,44.064817],[-79.462282,44.064906],[-79.462095,44.064987],[-79.461896,44.065058],[-79.461661,44.065139],[-79.46142,44.065217],[-79.46128,44.065256],[-79.461239,44.065267],[-79.46107,44.065329],[-79.460813,44.065433],[-79.460658,44.065508],[-79.460531,44.065582],[-79.460402,44.065667],[-79.460287,44.065751],[-79.460143,44.065876],[-79.460058,44.065964],[-79.459962,44.066085],[-79.45987,44.06623],[-79.459788,44.066375],[-79.459725,44.066541],[-79.459696,44.066683],[-79.45968,44.066824],[-79.459677,44.066877],[-79.45968,44.066959],[-79.459687,44.067063],[-79.459709,44.067192],[-79.459732,44.067362],[-79.459803,44.067741],[-79.459812,44.067791],[-79.459838,44.067957],[-79.45985,44.06806],[-79.45985,44.068096],[-79.45985,44.068162],[-79.459842,44.068293],[-79.459827,44.068428],[-79.459788,44.068573],[-79.459764,44.068672],[-79.459712,44.068792],[-79.459675,44.068871],[-79.459663,44.068899],[-79.459639,44.068946],[-79.459564,44.06909],[-79.459496,44.069209],[-79.459342,44.069481],[-79.45914,44.069842],[-79.459104,44.0699],[-79.459096,44.069917],[-79.458913,44.070247],[-79.458843,44.070403],[-79.458771,44.070585],[-79.458728,44.070732],[-79.458723,44.070753],[-79.458686,44.070927],[-79.458653,44.071111],[-79.458646,44.071263],[-79.458646,44.071405],[-79.458664,44.071575],[-79.458683,44.071699],[-79.458708,44.071808],[-79.458716,44.07184],[-79.458787,44.072077],[-79.458835,44.072244],[-79.458924,44.072534],[-79.45897,44.072715],[-79.459007,44.072849],[-79.459046,44.073008],[-79.45914,44.073433],[-79.459207,44.073707],[-79.459379,44.074421],[-79.459623,44.075372],[-79.459628,44.075406],[-79.459753,44.075892],[-79.459869,44.076341],[-79.459945,44.076625],[-79.460118,44.07727],[-79.460241,44.077816],[-79.460334,44.078224],[-79.459603,44.078368],[-79.459325,44.078423],[-79.457921,44.078697],[-79.457859,44.078711],[-79.457667,44.07818],[-79.457481,44.078227],[-79.457408,44.078219],[-79.457328,44.078202],[-79.457258,44.078192],[-79.457193,44.078186],[-79.457117,44.07819],[-79.456778,44.07827],[-79.456698,44.078288],[-79.456672,44.078233],[-79.456672,44.078233],[-79.456672,44.078233],[-79.456672,44.078233],[-79.456698,44.078288],[-79.456247,44.078396],[-79.456145,44.078431],[-79.456126,44.078438],[-79.456073,44.078476],[-79.456034,44.078516],[-79.45601,44.078548],[-79.455992,44.078593],[-79.455988,44.078637],[-79.455997,44.078671],[-79.456024,44.078728],[-79.456057,44.078762],[-79.456095,44.078792],[-79.45613,44.078808],[-79.456163,44.078819],[-79.456237,44.078829],[-79.456283,44.07883],[-79.456296,44.078828],[-79.456372,44.07882],[-79.457133,44.078625],[-79.457211,44.078595],[-79.457268,44.078564],[-79.457317,44.078524],[-79.457343,44.07848],[-79.457373,44.078378],[-79.457411,44.078307],[-79.457481,44.078227],[-79.457667,44.07818],[-79.457859,44.078711],[-79.457911,44.078857],[-79.458493,44.078742],[-79.458712,44.078698],[-79.459227,44.078596],[-79.459783,44.078486],[-79.460177,44.078407],[-79.460366,44.078367],[-79.460669,44.078309],[-79.460943,44.078256],[-79.461065,44.078149],[-79.461322,44.078096],[-79.461616,44.07803],[-79.462932,44.077783],[-79.465044,44.077369],[-79.465857,44.077201],[-79.466841,44.077009],[-79.467917,44.076788],[-79.468664,44.076616],[-79.469385,44.076448],[-79.47011,44.076284],[-79.470767,44.076116],[-79.471168,44.076023],[-79.47187,44.075875],[-79.472076,44.075817],[-79.472265,44.075779],[-79.473275,44.075572],[-79.473768,44.075482],[-79.474651,44.075279],[-79.475853,44.075001],[-79.477729,44.07458],[-79.478997,44.074291],[-79.479264,44.07423],[-79.479721,44.074111],[-79.480516,44.073904],[-79.480626,44.073918],[-79.480726,44.073895],[-79.481091,44.07381],[-79.481138,44.073913],[-79.481138,44.073913],[-79.481138,44.073913],[-79.481138,44.073913],[-79.481091,44.07381],[-79.481312,44.073758],[-79.48149,44.073715],[-79.481685,44.073671],[-79.482435,44.073502],[-79.482705,44.073441],[-79.484208,44.073103],[-79.484751,44.072981],[-79.484794,44.073155],[-79.484877,44.073489],[-79.485041,44.074151],[-79.485194,44.074721],[-79.485212,44.074793],[-79.485344,44.075317],[-79.485393,44.075509],[-79.485467,44.075834],[-79.485599,44.076383],[-79.485672,44.076687],[-79.485703,44.076828],[-79.485772,44.077143],[-79.485926,44.0778],[-79.48597,44.077996],[-79.486145,44.078678],[-79.486217,44.078976],[-79.486316,44.07943],[-79.486364,44.079639],[-79.486449,44.079981],[-79.486512,44.080211],[-79.486588,44.080456],[-79.48665,44.080621],[-79.486767,44.080914],[-79.486865,44.081139],[-79.486943,44.081298],[-79.487054,44.081512],[-79.487166,44.081715],[-79.487222,44.081808],[-79.487396,44.08208],[-79.487431,44.082132],[-79.487431,44.082221],[-79.48745,44.082258],[-79.487487,44.082314],[-79.487508,44.082364],[-79.487513,44.082416],[-79.487495,44.082469],[-79.48746,44.082522],[-79.487434,44.08255],[-79.487394,44.082603],[-79.4873,44.082667],[-79.487258,44.082712],[-79.487235,44.082759],[-79.487229,44.082813],[-79.487236,44.082877],[-79.487247,44.082922],[-79.487158,44.082934],[-79.487158,44.082934],[-79.487158,44.082934],[-79.487158,44.082934],[-79.487247,44.082922],[-79.487252,44.082943],[-79.487269,44.082977],[-79.487284,44.082999],[-79.487304,44.083018],[-79.487414,44.083097],[-79.487817,44.083298],[-79.488007,44.083422],[-79.488247,44.083589],[-79.4884,44.0837],[-79.48975,44.084709],[-79.489944,44.084871],[-79.49012,44.085045],[-79.490254,44.085193],[-79.490466,44.085438],[-79.490631,44.085633],[-79.490783,44.085801],[-79.490945,44.08596],[-79.491078,44.086074],[-79.491122,44.086112],[-79.491353,44.086269],[-79.491698,44.086488],[-79.491875,44.086607],[-79.492018,44.086694],[-79.492127,44.086777],[-79.492178,44.086821],[-79.492258,44.086906],[-79.492326,44.086999],[-79.492382,44.087102],[-79.492426,44.087211],[-79.492435,44.087245],[-79.49246,44.087364],[-79.492471,44.087483],[-79.492464,44.087658],[-79.492441,44.08778],[-79.492381,44.087918],[-79.492269,44.088104],[-79.490999,44.089772],[-79.490741,44.09011],[-79.490579,44.090332],[-79.490272,44.09075],[-79.490157,44.0909],[-79.490116,44.090952],[-79.48995,44.091173],[-79.489814,44.091356],[-79.489744,44.091461],[-79.489685,44.09157],[-79.489617,44.091709],[-79.489559,44.091819],[-79.489519,44.091937],[-79.489489,44.092012],[-79.489464,44.092101],[-79.489426,44.092286],[-79.489417,44.092407],[-79.489415,44.092581],[-79.489419,44.092647],[-79.489444,44.092823],[-79.489462,44.092895],[-79.48948,44.092952],[-79.489558,44.093265],[-79.489596,44.093422],[-79.489615,44.093512],[-79.489728,44.093982],[-79.489866,44.094483],[-79.489997,44.095014],[-79.490026,44.09515],[-79.490052,44.095271],[-79.489972,44.09528],[-79.489972,44.09528],[-79.489972,44.09528],[-79.489972,44.09528],[-79.490052,44.095271],[-79.490103,44.095514],[-79.490204,44.095966],[-79.49032,44.096456],[-79.490459,44.096969],[-79.490571,44.097396],[-79.490611,44.097551],[-79.490625,44.097613],[-79.490574,44.09762],[-79.490574,44.09762],[-79.490574,44.09762],[-79.490574,44.09762],[-79.490625,44.097613],[-79.490676,44.097844],[-79.490689,44.097897],[-79.490806,44.098419],[-79.490902,44.098807],[-79.491163,44.099887],[-79.491219,44.100097],[-79.491278,44.100326],[-79.491282,44.100343],[-79.491179,44.100356],[-79.491179,44.100356],[-79.491179,44.100356],[-79.491179,44.100356],[-79.491282,44.100343],[-79.491429,44.100911],[-79.491461,44.101026],[-79.491481,44.101092],[-79.491531,44.101306],[-79.491552,44.101435],[-79.492072,44.101337],[-79.4926,44.101229],[-79.49263,44.101302],[-79.49263,44.101302],[-79.49263,44.101302],[-79.49263,44.101302],[-79.4926,44.101229],[-79.492605,44.101228],[-79.492779,44.101189],[-79.493029,44.101136],[-79.494244,44.100856],[-79.494996,44.100683],[-79.496052,44.100447],[-79.496219,44.100407],[-79.496346,44.100379],[-79.496853,44.100264],[-79.497234,44.100196],[-79.49727,44.100233],[-79.497303,44.100264],[-79.497339,44.100289],[-79.497384,44.100316],[-79.497487,44.100371],[-79.49756,44.100406],[-79.497537,44.100431],[-79.497537,44.100431],[-79.497537,44.100431],[-79.497537,44.100431],[-79.49756,44.100406],[-79.499124,44.101163],[-79.499774,44.101478],[-79.499999,44.101568],[-79.500655,44.10188],[-79.501068,44.102069],[-79.501194,44.102124],[-79.501303,44.102162],[-79.501567,44.10224],[-79.502481,44.102479],[-79.502796,44.10256],[-79.503816,44.102825],[-79.504434,44.102982],[-79.504496,44.102998],[-79.50504,44.103139],[-79.505027,44.103167],[-79.505027,44.103167],[-79.505027,44.103167],[-79.505027,44.103167],[-79.50504,44.103139],[-79.505327,44.103213],[-79.506443,44.103502],[-79.50773,44.103831],[-79.508999,44.104166],[-79.51026,44.104478],[-79.510374,44.104508],[-79.510489,44.104538],[-79.510624,44.104575],[-79.511505,44.104809],[-79.512209,44.104991],[-79.512714,44.105122],[-79.513246,44.105256],[-79.513232,44.105282],[-79.513232,44.105282],[-79.513232,44.105282],[-79.513232,44.105282],[-79.513246,44.105256],[-79.513557,44.105334],[-79.513582,44.105345],[-79.513599,44.105362],[-79.513616,44.10539],[-79.513983,44.105308],[-79.514391,44.105208],[-79.51461,44.10516],[-79.514658,44.105143],[-79.514775,44.105094],[-79.51485,44.105053],[-79.514877,44.105034],[-79.514904,44.105008],[-79.515428,44.105145],[-79.516685,44.105485],[-79.517458,44.105694],[-79.517953,44.105827],[-79.518149,44.105607],[-79.5183,44.10544],[-79.518409,44.105321],[-79.518555,44.10519],[-79.51877,44.105042],[-79.518793,44.105028],[-79.51926,44.105393],[-79.519406,44.105507],[-79.51977,44.105731],[-79.520127,44.105972],[-79.520363,44.106107],[-79.520569,44.106218],[-79.520887,44.106383],[-79.52125,44.106561],[-79.521444,44.106649],[-79.521588,44.106712],[-79.521727,44.106769],[-79.521917,44.106844],[-79.522073,44.106902],[-79.522153,44.106932],[-79.522284,44.106976],[-79.52268,44.107116],[-79.522759,44.107136],[-79.522909,44.107121],[-79.523044,44.10716],[-79.525181,44.107738],[-79.527882,44.108466],[-79.529492,44.108905],[-79.531831,44.109539],[-79.533352,44.109951],[-79.537202,44.110996],[-79.537987,44.111205],[-79.539455,44.111606],[-79.540379,44.111853],[-79.540923,44.112004],[-79.541589,44.112181],[-79.542384,44.112402],[-79.542927,44.112545],[-79.543354,44.112654],[-79.543934,44.112797],[-79.544823,44.113014],[-79.544895,44.113033],[-79.545146,44.113099],[-79.545232,44.113122],[-79.545342,44.113159],[-79.54549,44.113208],[-79.545529,44.113222],[-79.545585,44.113235],[-79.546255,44.113384],[-79.546711,44.113503],[-79.546931,44.113551],[-79.547046,44.113582],[-79.547159,44.11361],[-79.547423,44.113672],[-79.549357,44.114139],[-79.549991,44.114292],[-79.551186,44.114566],[-79.551973,44.114746],[-79.552233,44.114804],[-79.553098,44.114998],[-79.553347,44.115054],[-79.553584,44.115107],[-79.554451,44.115303],[-79.555394,44.115514],[-79.556129,44.115684],[-79.556057,44.115776],[-79.555638,44.116287],[-79.555589,44.116339],[-79.555582,44.116381],[-79.555573,44.116398],[-79.555561,44.116414],[-79.55566,44.116462],[-79.555671,44.116468],[-79.555761,44.116539],[-79.555772,44.116549],[-79.555691,44.116596],[-79.555691,44.116596],[-79.555691,44.116596],[-79.555691,44.116596],[-79.555772,44.116549],[-79.555881,44.116644],[-79.55593,44.116676],[-79.555991,44.116716],[-79.556072,44.116775],[-79.556123,44.116811],[-79.556189,44.116876],[-79.556226,44.116943],[-79.556247,44.11699],[-79.55632,44.11708],[-79.556916,44.117731],[-79.557018,44.117854],[-79.557099,44.117874],[-79.557231,44.117882],[-79.557773,44.117751],[-79.557716,44.117523],[-79.557586,44.11702],[-79.557533,44.116836],[-79.557489,44.116684],[-79.55744,44.116511],[-79.557398,44.116367],[-79.557322,44.116057],[-79.557292,44.115873],[-79.557511,44.115872],[-79.557764,44.115862],[-79.557994,44.115833],[-79.558198,44.115792],[-79.558682,44.115684],[-79.559014,44.115609],[-79.559734,44.115443],[-79.559901,44.115405],[-79.55994,44.115496],[-79.55994,44.115496],[-79.55994,44.115496],[-79.55994,44.115496],[-79.559901,44.115405],[-79.560007,44.115381],[-79.560332,44.115303],[-79.560571,44.11525],[-79.561194,44.11511],[-79.561668,44.115004],[-79.562486,44.114814],[-79.563451,44.114593],[-79.564058,44.114455],[-79.564817,44.114281],[-79.564859,44.114453],[-79.564925,44.114691],[-79.564991,44.11494],[-79.565028,44.115077],[-79.565089,44.115263],[-79.565201,44.115619],[-79.565004,44.115651],[-79.565004,44.115651],[-79.565004,44.115651],[-79.565004,44.115651],[-79.565201,44.115619],[-79.565263,44.115822],[-79.565357,44.116288],[-79.565398,44.116456],[-79.565485,44.116882],[-79.565526,44.11705],[-79.565601,44.117254],[-79.565712,44.117691],[-79.565799,44.117975],[-79.56587,44.118263],[-79.565915,44.118446],[-79.565992,44.118712],[-79.566125,44.119168],[-79.566293,44.119843],[-79.56645,44.120542],[-79.566266,44.120563],[-79.566266,44.120563],[-79.566266,44.120563],[-79.566266,44.120563],[-79.56645,44.120542],[-79.567911,44.126297],[-79.567877,44.1263],[-79.567877,44.1263],[-79.567877,44.1263],[-79.567877,44.1263],[-79.567911,44.126297],[-79.567958,44.126541],[-79.568009,44.12675],[-79.568088,44.127081],[-79.568127,44.127227],[-79.568137,44.127272],[-79.568304,44.127946],[-79.568416,44.128397],[-79.568537,44.128893],[-79.568816,44.130032],[-79.568995,44.130673],[-79.569325,44.131853],[-79.569564,44.132702],[-79.56973,44.133371],[-79.570041,44.134622],[-79.570297,44.135787],[-79.5706,44.137054],[-79.57078,44.137712],[-79.570978,44.138585],[-79.571048,44.138853],[-79.571193,44.1394],[-79.571352,44.140139],[-79.571423,44.140471],[-79.571693,44.141739],[-79.571782,44.142233],[-79.572461,44.144788],[-79.572595,44.145242],[-79.57277,44.146091],[-79.572915,44.146755],[-79.573096,44.1475],[-79.573561,44.14949],[-79.573631,44.149792],[-79.573742,44.150234],[-79.573876,44.15081],[-79.573951,44.1512],[-79.574056,44.151706],[-79.574365,44.152975],[-79.574617,44.154177],[-79.574646,44.154286],[-79.574871,44.154872],[-79.574958,44.155244],[-79.575045,44.155746],[-79.57508,44.155878],[-79.57519,44.156286],[-79.575418,44.157077],[-79.575749,44.158369],[-79.575901,44.159026],[-79.576282,44.160678],[-79.57668,44.162197],[-79.576704,44.162309],[-79.57684,44.162957],[-79.576949,44.163262],[-79.577117,44.164025],[-79.577667,44.166324],[-79.577915,44.167143],[-79.57838,44.168877],[-79.578443,44.169191],[-79.578548,44.169663],[-79.57877,44.170699],[-79.578851,44.170966],[-79.578968,44.171565],[-79.579409,44.173661],[-79.579576,44.174393],[-79.579823,44.175482],[-79.580033,44.176296],[-79.580335,44.17757],[-79.580864,44.179805],[-79.581685,44.183157],[-79.582133,44.185021],[-79.582302,44.185822],[-79.582498,44.186709],[-79.582528,44.186851],[-79.582611,44.187172],[-79.582756,44.187841],[-79.582866,44.188248],[-79.582987,44.188721],[-79.583221,44.189644],[-79.583303,44.190017],[-79.583949,44.192688],[-79.584112,44.193398],[-79.584281,44.194125],[-79.584467,44.194946],[-79.584653,44.195766],[-79.585299,44.198408],[-79.585465,44.199138],[-79.585697,44.200159],[-79.58593,44.20114],[-79.585944,44.20119],[-79.586268,44.202385],[-79.586611,44.2037],[-79.586791,44.204282],[-79.587018,44.205102],[-79.587202,44.205801],[-79.587275,44.206079],[-79.587327,44.206324],[-79.587472,44.206947],[-79.587887,44.208672],[-79.588218,44.210032],[-79.58857,44.211461],[-79.588625,44.21165],[-79.588646,44.211725],[-79.588741,44.212049],[-79.588785,44.21218],[-79.588826,44.212316],[-79.588913,44.212566],[-79.589043,44.212854],[-79.589185,44.213178],[-79.58938,44.213627],[-79.589446,44.213762],[-79.589626,44.21414],[-79.589758,44.21437],[-79.589947,44.21471],[-79.590072,44.214935],[-79.590231,44.215222],[-79.590362,44.215501],[-79.590394,44.21557],[-79.590207,44.215616],[-79.590207,44.215616],[-79.590207,44.215616],[-79.590207,44.215616],[-79.590394,44.21557],[-79.590407,44.215597],[-79.590512,44.215832],[-79.590687,44.216223],[-79.590799,44.216449],[-79.590982,44.21686],[-79.591282,44.217423],[-79.59131,44.217476],[-79.591589,44.218019],[-79.591699,44.218199],[-79.591981,44.218762],[-79.592386,44.219551],[-79.592651,44.220103],[-79.592894,44.220594],[-79.592999,44.220842],[-79.59312,44.221118],[-79.593244,44.221419],[-79.593346,44.221693],[-79.593473,44.222064],[-79.593667,44.222719],[-79.593926,44.223671],[-79.59403,44.224076],[-79.594348,44.225359],[-79.594417,44.225647],[-79.594452,44.22577],[-79.594638,44.226424],[-79.594768,44.226957],[-79.594837,44.22731],[-79.5949,44.227608],[-79.594985,44.227929],[-79.595283,44.228988],[-79.595736,44.230746],[-79.596595,44.234048],[-79.596828,44.235024],[-79.597067,44.235857],[-79.59727,44.23658],[-79.597384,44.237143],[-79.597433,44.237389],[-79.597827,44.239013],[-79.597871,44.239181],[-79.597939,44.239349],[-79.598037,44.23972],[-79.59808,44.239865],[-79.598162,44.240153],[-79.598354,44.240809],[-79.598413,44.24114],[-79.598487,44.241534],[-79.598583,44.241938],[-79.598657,44.242304],[-79.599019,44.243616],[-79.599339,44.244957],[-79.599429,44.24537],[-79.599469,44.245531],[-79.599979,44.247523],[-79.600345,44.248914],[-79.600497,44.24956],[-79.600537,44.249721],[-79.600625,44.250089],[-79.600757,44.25067],[-79.600845,44.251025],[-79.600903,44.251257],[-79.600943,44.251419],[-79.600792,44.251438],[-79.600792,44.251438],[-79.600792,44.251438],[-79.600792,44.251438],[-79.600943,44.251419],[-79.600953,44.251458],[-79.600978,44.25157],[-79.601011,44.251712],[-79.601057,44.251895],[-79.601122,44.252156],[-79.60131,44.25285],[-79.601336,44.252954],[-79.60155,44.253858],[-79.601736,44.254545],[-79.601868,44.255046],[-79.602183,44.256402],[-79.602491,44.257547],[-79.602388,44.257561],[-79.602388,44.257561],[-79.602388,44.257561],[-79.602388,44.257561],[-79.602491,44.257547],[-79.602527,44.25768],[-79.602598,44.25791],[-79.602733,44.258437],[-79.603038,44.259751],[-79.60306,44.259826],[-79.603119,44.260026],[-79.603363,44.26092],[-79.603616,44.261878],[-79.604048,44.263595],[-79.604147,44.263981],[-79.604252,44.26438],[-79.604386,44.264894],[-79.604596,44.265703],[-79.605117,44.267721],[-79.605636,44.269665],[-79.605961,44.270924],[-79.606135,44.27162],[-79.606302,44.272244],[-79.606402,44.272652],[-79.606543,44.273215],[-79.606681,44.273762],[-79.606744,44.274066],[-79.606823,44.274357],[-79.606898,44.27469],[-79.60691,44.274746],[-79.607061,44.27528],[-79.607133,44.275585],[-79.607324,44.276296],[-79.607376,44.27646],[-79.607394,44.276545],[-79.607461,44.276794],[-79.607497,44.27696],[-79.607561,44.277214],[-79.607618,44.277463],[-79.607907,44.278585],[-79.607993,44.278902],[-79.608111,44.279402],[-79.608376,44.280434],[-79.608503,44.280873],[-79.608704,44.28165],[-79.608834,44.28219],[-79.609109,44.283306],[-79.609238,44.283811],[-79.609532,44.284735],[-79.609643,44.285115],[-79.609707,44.285444],[-79.609889,44.286184],[-79.609935,44.286367],[-79.610186,44.287282],[-79.610288,44.287711],[-79.610326,44.287893],[-79.610552,44.288772],[-79.61064,44.289119],[-79.610738,44.289435],[-79.610842,44.28989],[-79.610915,44.290168],[-79.611043,44.290663],[-79.611179,44.291223],[-79.611479,44.292242],[-79.611588,44.292741],[-79.611765,44.293525],[-79.611846,44.293828],[-79.611904,44.294047],[-79.611953,44.29422],[-79.612054,44.294538],[-79.612156,44.294868],[-79.612318,44.295489],[-79.61241,44.295834],[-79.612601,44.296463],[-79.612668,44.29666],[-79.612683,44.296704],[-79.612743,44.296913],[-79.61286,44.297305],[-79.612954,44.297659],[-79.612979,44.297756],[-79.613174,44.298566],[-79.613346,44.299165],[-79.613357,44.299204],[-79.613415,44.299407],[-79.613447,44.299534],[-79.613264,44.299558],[-79.613264,44.299558],[-79.613264,44.299558],[-79.613264,44.299558],[-79.613447,44.299534],[-79.613471,44.29963],[-79.613494,44.299734],[-79.613561,44.300043],[-79.613648,44.300445],[-79.613752,44.300928],[-79.613894,44.30164],[-79.61395,44.301918],[-79.614,44.30215],[-79.614103,44.302677],[-79.614191,44.303128],[-79.614212,44.30323],[-79.614225,44.303288],[-79.614281,44.303537],[-79.614387,44.304089],[-79.61454,44.304852],[-79.614719,44.305575],[-79.614899,44.3064],[-79.614958,44.306731],[-79.615101,44.307355],[-79.615255,44.308186],[-79.615863,44.311051],[-79.61609,44.312129],[-79.616168,44.312481],[-79.616228,44.31272],[-79.616259,44.312876],[-79.616371,44.313254],[-79.616458,44.313592],[-79.616644,44.314281],[-79.616974,44.315579],[-79.617387,44.317113],[-79.617685,44.318258],[-79.617762,44.318557],[-79.617839,44.318806],[-79.617919,44.319092],[-79.618117,44.319845],[-79.618299,44.320465],[-79.618465,44.321093],[-79.618509,44.32126],[-79.618678,44.321906],[-79.618935,44.322833],[-79.619064,44.323303],[-79.619223,44.323934],[-79.619284,44.324173],[-79.619155,44.324189],[-79.619155,44.324189],[-79.619155,44.324189],[-79.619155,44.324189],[-79.619284,44.324173],[-79.619334,44.324369],[-79.619371,44.324474],[-79.619403,44.324576],[-79.619434,44.324684],[-79.619464,44.324802],[-79.619546,44.325115],[-79.61962,44.325371],[-79.619672,44.325627],[-79.619686,44.325699],[-79.619768,44.326006],[-79.619827,44.326227],[-79.619866,44.326371],[-79.619898,44.326497],[-79.620054,44.327085],[-79.620104,44.327244],[-79.620154,44.3274],[-79.620195,44.327546],[-79.620331,44.328028],[-79.620206,44.328046],[-79.620206,44.328046],[-79.620206,44.328046],[-79.620206,44.328046],[-79.620331,44.328028],[-79.620335,44.32804],[-79.620402,44.328279],[-79.62044,44.328411],[-79.62049,44.328588],[-79.620555,44.328803],[-79.620683,44.329228],[-79.62076,44.329563],[-79.620831,44.329817],[-79.620871,44.329937],[-79.620899,44.330046],[-79.620723,44.330069],[-79.620723,44.330069],[-79.620723,44.330069],[-79.620723,44.330069],[-79.620899,44.330046],[-79.620916,44.330112],[-79.620971,44.330318],[-79.621028,44.330543],[-79.621144,44.330982],[-79.621238,44.331351],[-79.621262,44.331448],[-79.621295,44.331559],[-79.621357,44.331788],[-79.621382,44.331862],[-79.621419,44.331987],[-79.621485,44.332238],[-79.621577,44.332571],[-79.621813,44.333483],[-79.622013,44.334184],[-79.622096,44.33451],[-79.622189,44.334825],[-79.622245,44.335029],[-79.622294,44.335209],[-79.622346,44.335419],[-79.622387,44.335587],[-79.622477,44.335912],[-79.622512,44.336027],[-79.62265,44.336481],[-79.622681,44.336584],[-79.622779,44.336948],[-79.622863,44.337279],[-79.622926,44.337599],[-79.623076,44.338236],[-79.623171,44.338696],[-79.623248,44.339035],[-79.623367,44.339542],[-79.623506,44.340158],[-79.623594,44.340503],[-79.623822,44.341555],[-79.623904,44.341847],[-79.623968,44.342074],[-79.624062,44.342413],[-79.624142,44.342748],[-79.624302,44.343457],[-79.624357,44.343672],[-79.624409,44.343905],[-79.624484,44.34419],[-79.624613,44.34456],[-79.62469,44.344754],[-79.624764,44.344923],[-79.624861,44.345108],[-79.624915,44.345227],[-79.625116,44.345598],[-79.625245,44.345812],[-79.625377,44.346015],[-79.625478,44.346142],[-79.625616,44.346322],[-79.625738,44.346473],[-79.625864,44.346637],[-79.626,44.346803],[-79.626383,44.347245],[-79.626536,44.347417],[-79.62664,44.347542],[-79.626751,44.347685],[-79.626984,44.347999],[-79.627071,44.348099],[-79.627102,44.348135],[-79.627023,44.348169],[-79.627023,44.348169],[-79.627023,44.348169],[-79.627023,44.348169],[-79.627102,44.348135],[-79.627381,44.348472],[-79.627703,44.3488],[-79.627867,44.348951],[-79.627982,44.349055],[-79.628092,44.34915],[-79.628234,44.349269],[-79.628374,44.34938],[-79.628518,44.349496],[-79.628782,44.349696],[-79.629017,44.349861],[-79.629307,44.350043],[-79.629506,44.350169],[-79.629758,44.350309],[-79.629954,44.350415],[-79.630077,44.350477],[-79.629942,44.350653],[-79.629529,44.351229],[-79.629496,44.351278],[-79.629464,44.351292],[-79.629427,44.351286],[-79.629118,44.351196],[-79.628901,44.351119],[-79.628706,44.351049],[-79.628651,44.35103],[-79.628509,44.350979],[-79.628452,44.350959],[-79.628314,44.350909],[-79.628029,44.3513],[-79.628026,44.351334],[-79.628044,44.351365],[-79.62806,44.351382],[-79.627851,44.351489],[-79.627851,44.351489],[-79.627851,44.351489],[-79.627851,44.351489],[-79.62806,44.351382],[-79.628077,44.351398],[-79.628179,44.351467],[-79.628342,44.351577],[-79.628515,44.351694],[-79.628678,44.351805],[-79.628764,44.35186],[-79.628795,44.351868],[-79.628847,44.351872],[-79.62888,44.351861],[-79.628915,44.351823],[-79.629137,44.351526],[-79.62921,44.35141],[-79.629205,44.351377],[-79.629184,44.351355],[-79.629044,44.351296],[-79.629118,44.351196],[-79.629427,44.351286],[-79.629464,44.351292],[-79.629496,44.351278],[-79.629529,44.351229],[-79.629942,44.350653],[-79.630077,44.350477],[-79.630297,44.350578],[-79.630559,44.350702],[-79.630617,44.35073],[-79.630835,44.350827],[-79.631043,44.350914],[-79.631072,44.350925],[-79.631385,44.351046],[-79.632153,44.351323],[-79.632294,44.351374],[-79.632443,44.351427],[-79.632729,44.35153],[-79.632903,44.351593],[-79.632838,44.351687],[-79.632838,44.351687],[-79.632838,44.351687],[-79.632838,44.351687],[-79.632903,44.351593],[-79.6331,44.351663],[-79.633735,44.351891],[-79.635062,44.352372],[-79.635265,44.352445],[-79.635416,44.3525],[-79.635561,44.352552],[-79.635826,44.352648],[-79.635892,44.352672],[-79.635837,44.352749],[-79.635837,44.352749],[-79.635837,44.352749],[-79.635837,44.352749],[-79.635892,44.352672],[-79.635986,44.352706],[-79.636211,44.352788],[-79.637298,44.353175],[-79.637935,44.353401],[-79.638246,44.353511],[-79.638601,44.353638],[-79.639401,44.353922],[-79.640303,44.354242],[-79.64101,44.354493],[-79.641124,44.354533],[-79.641064,44.354621],[-79.641064,44.354621],[-79.641064,44.354621],[-79.641064,44.354621],[-79.641124,44.354533],[-79.641488,44.354663],[-79.64178,44.354763],[-79.641979,44.354832],[-79.642148,44.35489],[-79.64289,44.355141],[-79.643037,44.355194],[-79.643801,44.355467],[-79.644856,44.35585],[-79.646495,44.356443],[-79.646826,44.356562],[-79.646738,44.356687],[-79.646738,44.356687],[-79.646738,44.356687],[-79.646738,44.356687],[-79.646826,44.356562],[-79.646877,44.35658],[-79.647033,44.356636],[-79.64717,44.356686],[-79.647278,44.356723],[-79.647509,44.356811],[-79.648153,44.357053],[-79.64857,44.357223],[-79.648793,44.35732],[-79.64909,44.357439],[-79.649383,44.357572],[-79.649763,44.357745],[-79.6503,44.358003],[-79.650366,44.358034],[-79.650554,44.358126],[-79.65069,44.35819],[-79.651034,44.35836],[-79.651508,44.358591],[-79.651695,44.358686],[-79.652391,44.359029],[-79.65326,44.359458],[-79.653447,44.359555],[-79.653653,44.359662],[-79.653771,44.359719],[-79.65426,44.359997],[-79.654658,44.360227],[-79.654856,44.36035],[-79.654955,44.360409],[-79.655199,44.360562],[-79.65532,44.360643],[-79.655448,44.360734],[-79.655554,44.360812],[-79.655677,44.36091],[-79.656863,44.361852],[-79.657454,44.36234],[-79.65821,44.362932],[-79.659059,44.363625],[-79.660256,44.364576],[-79.661237,44.365376],[-79.66137,44.365487],[-79.661944,44.365944],[-79.662224,44.366168],[-79.662496,44.366378],[-79.662546,44.366417],[-79.662464,44.366469],[-79.662464,44.366469],[-79.662464,44.366469],[-79.662464,44.366469],[-79.662546,44.366417],[-79.66283,44.366646],[-79.662941,44.366711],[-79.663247,44.366922],[-79.66336,44.36699],[-79.663451,44.367045],[-79.66358,44.36713],[-79.663988,44.367383],[-79.665483,44.36831],[-79.666477,44.368924],[-79.666611,44.369007],[-79.667556,44.369602],[-79.667629,44.369644],[-79.667751,44.36971],[-79.667881,44.36977],[-79.667945,44.369794],[-79.667995,44.369811],[-79.66802,44.369817],[-79.668102,44.369837],[-79.668183,44.369859],[-79.668389,44.369921],[-79.668757,44.370017],[-79.669248,44.370119],[-79.6695,44.37017],[-79.669655,44.370203],[-79.669718,44.370216],[-79.669986,44.370287],[-79.670442,44.370388],[-79.670677,44.370433],[-79.67115,44.370517],[-79.671483,44.370564],[-79.671858,44.370599],[-79.672358,44.370633],[-79.672773,44.370653],[-79.672991,44.370661],[-79.673159,44.370668],[-79.673473,44.370705],[-79.673657,44.370735],[-79.673901,44.370786],[-79.674204,44.370856],[-79.674926,44.371055],[-79.675226,44.371134],[-79.675434,44.371188],[-79.676159,44.371378],[-79.676258,44.371401],[-79.676452,44.371445],[-79.676771,44.371508],[-79.677092,44.37156],[-79.677419,44.371601],[-79.677622,44.371617],[-79.677887,44.371635],[-79.67822,44.371651],[-79.67843,44.371651],[-79.6788,44.371643],[-79.6792,44.371618],[-79.679536,44.371585],[-79.680212,44.371531],[-79.680897,44.371475],[-79.682009,44.371372],[-79.682378,44.371345],[-79.683034,44.371288],[-79.683721,44.371231],[-79.684387,44.371175],[-79.684737,44.371146],[-79.685057,44.371116],[-79.68534,44.371091],[-79.685706,44.371063],[-79.685822,44.371059],[-79.685943,44.371067],[-79.686004,44.371072],[-79.686495,44.371131],[-79.686925,44.371178],[-79.687939,44.371297],[-79.688029,44.371305],[-79.689254,44.371444],[-79.690526,44.371588],[-79.690509,44.371667],[-79.690509,44.371667],[-79.690509,44.371667],[-79.690509,44.371667],[-79.690526,44.371588],[-79.690571,44.371593],[-79.69069,44.371605],[-79.69074,44.371617],[-79.690898,44.37166],[-79.690944,44.371676],[-79.691123,44.37174],[-79.691378,44.371842],[-79.691494,44.371888],[-79.691743,44.371983],[-79.692066,44.37212],[-79.69189,44.372362],[-79.691529,44.372873],[-79.69089,44.373693],[-79.690787,44.373837],[-79.690699,44.373964],[-79.690628,44.374075],[-79.69059,44.374123],[-79.690437,44.374363],[-79.690378,44.374471],[-79.690309,44.374663],[-79.690054,44.374719],[-79.689807,44.374787],[-79.689568,44.374852],[-79.689493,44.374868],[-79.689372,44.37484],[-79.689282,44.374845],[-79.68919,44.374863],[-79.68908,44.374877],[-79.688986,44.37488],[-79.688761,44.37489],[-79.688766,44.374782],[-79.688829,44.374558],[-79.688847,44.374441],[-79.688868,44.374306],[-79.689273,44.374353],[-79.68926,44.374408],[-79.68926,44.374408]]}},{"type":"Feature","properties":{"shape_id":"GO:447343","route_id":"GO-BUS","route_short_name":"GO BUS","route_long_name":"Barrie / Newmarket","route_color":"#003767","route_text_color":"#FFFFFF","route_mode":"bus","agency_id":"go-transit","agency_name":"GO Transit","source_route_id":"09261126-68"},"geometry":{"type":"LineString","coordinates":[[-79.41779015570934,44.05647],[-79.417851,44.056784],[-79.418424,44.059558],[-79.418539,44.060109],[-79.418631,44.060598],[-79.418815,44.061454],[-79.418925,44.062028],[-79.419011,44.062431],[-79.41909,44.062858],[-79.419211,44.063465],[-79.419326,44.064027],[-79.419437,44.064564],[-79.420141,44.067998],[-79.420224,44.06838],[-79.420248,44.068468],[-79.420379,44.069137],[-79.420615,44.07032],[-79.420744,44.070947],[-79.42087,44.071575],[-79.420993,44.072204],[-79.421056,44.072558],[-79.4211,44.072835],[-79.421171,44.073439],[-79.421191,44.073642],[-79.421212,44.073993],[-79.421219,44.074224],[-79.421216,44.074286],[-79.421214,44.074861],[-79.421211,44.075145],[-79.421195,44.075881],[-79.421189,44.076254],[-79.421177,44.077108],[-79.421182,44.077443],[-79.421191,44.077693],[-79.421225,44.078139],[-79.421272,44.078592],[-79.421393,44.079401],[-79.421416,44.079523],[-79.421489,44.079888],[-79.421743,44.080898],[-79.421907,44.08155],[-79.421943,44.081684],[-79.422034,44.08207],[-79.42211,44.08236],[-79.422283,44.083091],[-79.422289,44.083339],[-79.422299,44.083466],[-79.422398,44.08399],[-79.422425,44.084148],[-79.422456,44.084354],[-79.422482,44.084595],[-79.422489,44.084695],[-79.422489,44.084802],[-79.422477,44.084925],[-79.422455,44.085045],[-79.422427,44.08516],[-79.422398,44.085248],[-79.422351,44.085376],[-79.422298,44.085489],[-79.422248,44.085588],[-79.422202,44.085661],[-79.422139,44.085756],[-79.422065,44.085855],[-79.421882,44.086069],[-79.421702,44.086262],[-79.421607,44.086359],[-79.421451,44.086522],[-79.421334,44.086653],[-79.421285,44.086718],[-79.421248,44.086775],[-79.421223,44.086826],[-79.421204,44.086886],[-79.421195,44.086945],[-79.42119,44.087007],[-79.421191,44.087072],[-79.421199,44.087141],[-79.421211,44.087203],[-79.421246,44.087328],[-79.421269,44.087394],[-79.421308,44.087487],[-79.421341,44.08757],[-79.421764,44.087478],[-79.422701,44.087265],[-79.423015,44.087192],[-79.423931,44.086994],[-79.424463,44.08686],[-79.425863,44.086532],[-79.426633,44.086352],[-79.427747,44.086093],[-79.428648,44.085892],[-79.429998,44.085588],[-79.430566,44.085457],[-79.431245,44.085315],[-79.431272,44.085295],[-79.431373,44.085219],[-79.431983,44.085091],[-79.432405,44.085004],[-79.433281,44.08483],[-79.434201,44.084659],[-79.434938,44.084511],[-79.435114,44.084472],[-79.435185,44.084487],[-79.435666,44.084391],[-79.436017,44.084316],[-79.436326,44.08425],[-79.43655,44.0842],[-79.436618,44.084185],[-79.436696,44.084167],[-79.437182,44.084059],[-79.437232,44.08402],[-79.437366,44.083991],[-79.437503,44.083962],[-79.437793,44.083898],[-79.438189,44.083816],[-79.438308,44.083792],[-79.438505,44.083752],[-79.439022,44.083636],[-79.439824,44.083452],[-79.440251,44.083348],[-79.440395,44.083302],[-79.440679,44.083225],[-79.440991,44.08314],[-79.441371,44.083021],[-79.441832,44.082877],[-79.444178,44.082139],[-79.444773,44.081948],[-79.445557,44.081718],[-79.446823,44.081313],[-79.447712,44.081039],[-79.448182,44.080902],[-79.44849,44.080813],[-79.449274,44.080609],[-79.450062,44.080414],[-79.450857,44.08023],[-79.451655,44.080056],[-79.452459,44.079886],[-79.452756,44.079827],[-79.453342,44.079714],[-79.45423,44.079543],[-79.454784,44.079437],[-79.454944,44.079398],[-79.455555,44.07927],[-79.456165,44.079141],[-79.457023,44.078958],[-79.457205,44.078987],[-79.457286,44.078975],[-79.457358,44.078961],[-79.457567,44.078926],[-79.457911,44.078857],[-79.457859,44.078711],[-79.457667,44.07818],[-79.457481,44.078227],[-79.457408,44.078219],[-79.457328,44.078202],[-79.457258,44.078192],[-79.457193,44.078186],[-79.457117,44.07819],[-79.456778,44.07827],[-79.456698,44.078288],[-79.456672,44.078233],[-79.456672,44.078233],[-79.456672,44.078233],[-79.456672,44.078233],[-79.456698,44.078288],[-79.456247,44.078396],[-79.456145,44.078431],[-79.456126,44.078438],[-79.456073,44.078476],[-79.456034,44.078516],[-79.45601,44.078548],[-79.455992,44.078593],[-79.455988,44.078637],[-79.455997,44.078671],[-79.456024,44.078728],[-79.456057,44.078762],[-79.456095,44.078792],[-79.45613,44.078808],[-79.456163,44.078819],[-79.456237,44.078829],[-79.456283,44.07883],[-79.456296,44.078828],[-79.456372,44.07882],[-79.457133,44.078625],[-79.457211,44.078595],[-79.457268,44.078564],[-79.457317,44.078524],[-79.457343,44.07848],[-79.457373,44.078378],[-79.457411,44.078307],[-79.457481,44.078227],[-79.457667,44.07818],[-79.457859,44.078711],[-79.457911,44.078857],[-79.458493,44.078742],[-79.458712,44.078698],[-79.459227,44.078596],[-79.459783,44.078486],[-79.460177,44.078407],[-79.460366,44.078367],[-79.460669,44.078309],[-79.460943,44.078256],[-79.461065,44.078149],[-79.461322,44.078096],[-79.461616,44.07803],[-79.462932,44.077783],[-79.465044,44.077369],[-79.465857,44.077201],[-79.466841,44.077009],[-79.467917,44.076788],[-79.468664,44.076616],[-79.469385,44.076448],[-79.47011,44.076284],[-79.470767,44.076116],[-79.471168,44.076023],[-79.47187,44.075875],[-79.472076,44.075817],[-79.472265,44.075779],[-79.473275,44.075572],[-79.473768,44.075482],[-79.474651,44.075279],[-79.475853,44.075001],[-79.477729,44.07458],[-79.478997,44.074291],[-79.479264,44.07423],[-79.479721,44.074111],[-79.480516,44.073904],[-79.480626,44.073918],[-79.480726,44.073895],[-79.481091,44.07381],[-79.481138,44.073913],[-79.481138,44.073913],[-79.481138,44.073913],[-79.481138,44.073913],[-79.481091,44.07381],[-79.481312,44.073758],[-79.48149,44.073715],[-79.481685,44.073671],[-79.482435,44.073502],[-79.482705,44.073441],[-79.484208,44.073103],[-79.484751,44.072981],[-79.484794,44.073155],[-79.484877,44.073489],[-79.485041,44.074151],[-79.485194,44.074721],[-79.485212,44.074793],[-79.485344,44.075317],[-79.485393,44.075509],[-79.485467,44.075834],[-79.485599,44.076383],[-79.485672,44.076687],[-79.485703,44.076828],[-79.485772,44.077143],[-79.485926,44.0778],[-79.48597,44.077996],[-79.486145,44.078678],[-79.486217,44.078976],[-79.486316,44.07943],[-79.486364,44.079639],[-79.486449,44.079981],[-79.486512,44.080211],[-79.486588,44.080456],[-79.48665,44.080621],[-79.486767,44.080914],[-79.486865,44.081139],[-79.486943,44.081298],[-79.487054,44.081512],[-79.487166,44.081715],[-79.487222,44.081808],[-79.487396,44.08208],[-79.487431,44.082132],[-79.487431,44.082221],[-79.48745,44.082258],[-79.487487,44.082314],[-79.487508,44.082364],[-79.487513,44.082416],[-79.487495,44.082469],[-79.48746,44.082522],[-79.487434,44.08255],[-79.487394,44.082603],[-79.4873,44.082667],[-79.487258,44.082712],[-79.487235,44.082759],[-79.487229,44.082813],[-79.487236,44.082877],[-79.487247,44.082922],[-79.487158,44.082934],[-79.487158,44.082934],[-79.487158,44.082934],[-79.487158,44.082934],[-79.487247,44.082922],[-79.487252,44.082943],[-79.487269,44.082977],[-79.487284,44.082999],[-79.487304,44.083018],[-79.487414,44.083097],[-79.487817,44.083298],[-79.488007,44.083422],[-79.488247,44.083589],[-79.4884,44.0837],[-79.48975,44.084709],[-79.489944,44.084871],[-79.49012,44.085045],[-79.490254,44.085193],[-79.490466,44.085438],[-79.490631,44.085633],[-79.490783,44.085801],[-79.490945,44.08596],[-79.491078,44.086074],[-79.491122,44.086112],[-79.491353,44.086269],[-79.491698,44.086488],[-79.491875,44.086607],[-79.492018,44.086694],[-79.492127,44.086777],[-79.492178,44.086821],[-79.492258,44.086906],[-79.492326,44.086999],[-79.492382,44.087102],[-79.492426,44.087211],[-79.492435,44.087245],[-79.49246,44.087364],[-79.492471,44.087483],[-79.492464,44.087658],[-79.492441,44.08778],[-79.492381,44.087918],[-79.492269,44.088104],[-79.490999,44.089772],[-79.490741,44.09011],[-79.490579,44.090332],[-79.490272,44.09075],[-79.490157,44.0909],[-79.490116,44.090952],[-79.48995,44.091173],[-79.489814,44.091356],[-79.489744,44.091461],[-79.489685,44.09157],[-79.489617,44.091709],[-79.489559,44.091819],[-79.489519,44.091937],[-79.489489,44.092012],[-79.489464,44.092101],[-79.489426,44.092286],[-79.489417,44.092407],[-79.489415,44.092581],[-79.489419,44.092647],[-79.489444,44.092823],[-79.489462,44.092895],[-79.48948,44.092952],[-79.489558,44.093265],[-79.489596,44.093422],[-79.489615,44.093512],[-79.489728,44.093982],[-79.489866,44.094483],[-79.489997,44.095014],[-79.490026,44.09515],[-79.490052,44.095271],[-79.489972,44.09528],[-79.489972,44.09528],[-79.489972,44.09528],[-79.489972,44.09528],[-79.490052,44.095271],[-79.490103,44.095514],[-79.490204,44.095966],[-79.49032,44.096456],[-79.490459,44.096969],[-79.490571,44.097396],[-79.490611,44.097551],[-79.490625,44.097613],[-79.490574,44.09762],[-79.490574,44.09762],[-79.490574,44.09762],[-79.490574,44.09762],[-79.490625,44.097613],[-79.490676,44.097844],[-79.490689,44.097897],[-79.490806,44.098419],[-79.490902,44.098807],[-79.491163,44.099887],[-79.491219,44.100097],[-79.491278,44.100326],[-79.491282,44.100343],[-79.491179,44.100356],[-79.491179,44.100356],[-79.491179,44.100356],[-79.491179,44.100356],[-79.491282,44.100343],[-79.491429,44.100911],[-79.491461,44.101026],[-79.491481,44.101092],[-79.491531,44.101306],[-79.491552,44.101435],[-79.492072,44.101337],[-79.4926,44.101229],[-79.49263,44.101302],[-79.49263,44.101302],[-79.49263,44.101302],[-79.49263,44.101302],[-79.4926,44.101229],[-79.492605,44.101228],[-79.492779,44.101189],[-79.493029,44.101136],[-79.494244,44.100856],[-79.494996,44.100683],[-79.496052,44.100447],[-79.496219,44.100407],[-79.496346,44.100379],[-79.496853,44.100264],[-79.497234,44.100196],[-79.49727,44.100233],[-79.497303,44.100264],[-79.497339,44.100289],[-79.497384,44.100316],[-79.497487,44.100371],[-79.49756,44.100406],[-79.497537,44.100431],[-79.497537,44.100431],[-79.497537,44.100431],[-79.497537,44.100431],[-79.49756,44.100406],[-79.499124,44.101163],[-79.499774,44.101478],[-79.499999,44.101568],[-79.500655,44.10188],[-79.501068,44.102069],[-79.501194,44.102124],[-79.501303,44.102162],[-79.501567,44.10224],[-79.502481,44.102479],[-79.502796,44.10256],[-79.503816,44.102825],[-79.504434,44.102982],[-79.504496,44.102998],[-79.50504,44.103139],[-79.505027,44.103167],[-79.505027,44.103167],[-79.505027,44.103167],[-79.505027,44.103167],[-79.50504,44.103139],[-79.505327,44.103213],[-79.506443,44.103502],[-79.50773,44.103831],[-79.508999,44.104166],[-79.51026,44.104478],[-79.510374,44.104508],[-79.510489,44.104538],[-79.510624,44.104575],[-79.511505,44.104809],[-79.512209,44.104991],[-79.512714,44.105122],[-79.513246,44.105256],[-79.513232,44.105282],[-79.513232,44.105282],[-79.513232,44.105282],[-79.513232,44.105282],[-79.513246,44.105256],[-79.513557,44.105334],[-79.513582,44.105345],[-79.513599,44.105362],[-79.513616,44.10539],[-79.513983,44.105308],[-79.514391,44.105208],[-79.51461,44.10516],[-79.514658,44.105143],[-79.514775,44.105094],[-79.51485,44.105053],[-79.514877,44.105034],[-79.514904,44.105008],[-79.515428,44.105145],[-79.516685,44.105485],[-79.517458,44.105694],[-79.517953,44.105827],[-79.518149,44.105607],[-79.5183,44.10544],[-79.518409,44.105321],[-79.518555,44.10519],[-79.51877,44.105042],[-79.518793,44.105028],[-79.51926,44.105393],[-79.519406,44.105507],[-79.51977,44.105731],[-79.520127,44.105972],[-79.520363,44.106107],[-79.520569,44.106218],[-79.520887,44.106383],[-79.52125,44.106561],[-79.521444,44.106649],[-79.521588,44.106712],[-79.521727,44.106769],[-79.521917,44.106844],[-79.522073,44.106902],[-79.522153,44.106932],[-79.522284,44.106976],[-79.52268,44.107116],[-79.522759,44.107136],[-79.522909,44.107121],[-79.523044,44.10716],[-79.525181,44.107738],[-79.527882,44.108466],[-79.529492,44.108905],[-79.531831,44.109539],[-79.533352,44.109951],[-79.537202,44.110996],[-79.537987,44.111205],[-79.539455,44.111606],[-79.540379,44.111853],[-79.540923,44.112004],[-79.541589,44.112181],[-79.542384,44.112402],[-79.542927,44.112545],[-79.543354,44.112654],[-79.543934,44.112797],[-79.544823,44.113014],[-79.544895,44.113033],[-79.545146,44.113099],[-79.545232,44.113122],[-79.545342,44.113159],[-79.54549,44.113208],[-79.545529,44.113222],[-79.545585,44.113235],[-79.546255,44.113384],[-79.546711,44.113503],[-79.546931,44.113551],[-79.547046,44.113582],[-79.547159,44.11361],[-79.547423,44.113672],[-79.549357,44.114139],[-79.549991,44.114292],[-79.551186,44.114566],[-79.551973,44.114746],[-79.552233,44.114804],[-79.553098,44.114998],[-79.553347,44.115054],[-79.553584,44.115107],[-79.554451,44.115303],[-79.555394,44.115514],[-79.556129,44.115684],[-79.556057,44.115776],[-79.555638,44.116287],[-79.555589,44.116339],[-79.555582,44.116381],[-79.555573,44.116398],[-79.555561,44.116414],[-79.55566,44.116462],[-79.555671,44.116468],[-79.555761,44.116539],[-79.555772,44.116549],[-79.555691,44.116596],[-79.555691,44.116596],[-79.555691,44.116596],[-79.555691,44.116596],[-79.555772,44.116549],[-79.555881,44.116644],[-79.55593,44.116676],[-79.555991,44.116716],[-79.556072,44.116775],[-79.556123,44.116811],[-79.556189,44.116876],[-79.556226,44.116943],[-79.556247,44.11699],[-79.55632,44.11708],[-79.556916,44.117731],[-79.557018,44.117854],[-79.557099,44.117874],[-79.557231,44.117882],[-79.557773,44.117751],[-79.557716,44.117523],[-79.557586,44.11702],[-79.557533,44.116836],[-79.557489,44.116684],[-79.55744,44.116511],[-79.557398,44.116367],[-79.557322,44.116057],[-79.557292,44.115873],[-79.557511,44.115872],[-79.557764,44.115862],[-79.557994,44.115833],[-79.558198,44.115792],[-79.558682,44.115684],[-79.559014,44.115609],[-79.559734,44.115443],[-79.559901,44.115405],[-79.55994,44.115496],[-79.55994,44.115496],[-79.55994,44.115496],[-79.55994,44.115496],[-79.559901,44.115405],[-79.560007,44.115381],[-79.560332,44.115303],[-79.560571,44.11525],[-79.561194,44.11511],[-79.561668,44.115004],[-79.562486,44.114814],[-79.563451,44.114593],[-79.564058,44.114455],[-79.564817,44.114281],[-79.564859,44.114453],[-79.564925,44.114691],[-79.564991,44.11494],[-79.565028,44.115077],[-79.565089,44.115263],[-79.565201,44.115619],[-79.565004,44.115651],[-79.565004,44.115651],[-79.565004,44.115651],[-79.565004,44.115651],[-79.565201,44.115619],[-79.565263,44.115822],[-79.565357,44.116288],[-79.565398,44.116456],[-79.565485,44.116882],[-79.565526,44.11705],[-79.565601,44.117254],[-79.565712,44.117691],[-79.565799,44.117975],[-79.56587,44.118263],[-79.565915,44.118446],[-79.565992,44.118712],[-79.566125,44.119168],[-79.566293,44.119843],[-79.56645,44.120542],[-79.566266,44.120563],[-79.566266,44.120563],[-79.566266,44.120563],[-79.566266,44.120563],[-79.56645,44.120542],[-79.567911,44.126297],[-79.567877,44.1263],[-79.567877,44.1263],[-79.567877,44.1263],[-79.567877,44.1263],[-79.567911,44.126297],[-79.567958,44.126541],[-79.568009,44.12675],[-79.568088,44.127081],[-79.568127,44.127227],[-79.568137,44.127272],[-79.568304,44.127946],[-79.568416,44.128397],[-79.568537,44.128893],[-79.568816,44.130032],[-79.568995,44.130673],[-79.569325,44.131853],[-79.569564,44.132702],[-79.56973,44.133371],[-79.570041,44.134622],[-79.570297,44.135787],[-79.5706,44.137054],[-79.57078,44.137712],[-79.570978,44.138585],[-79.571048,44.138853],[-79.571193,44.1394],[-79.571352,44.140139],[-79.571423,44.140471],[-79.571693,44.141739],[-79.571782,44.142233],[-79.572461,44.144788],[-79.572595,44.145242],[-79.57277,44.146091],[-79.572915,44.146755],[-79.573096,44.1475],[-79.573561,44.14949],[-79.573631,44.149792],[-79.573742,44.150234],[-79.573876,44.15081],[-79.573951,44.1512],[-79.574056,44.151706],[-79.574365,44.152975],[-79.574617,44.154177],[-79.574646,44.154286],[-79.574871,44.154872],[-79.574958,44.155244],[-79.575045,44.155746],[-79.57508,44.155878],[-79.57519,44.156286],[-79.575418,44.157077],[-79.575749,44.158369],[-79.575901,44.159026],[-79.576282,44.160678],[-79.57668,44.162197],[-79.576704,44.162309],[-79.57684,44.162957],[-79.576949,44.163262],[-79.577117,44.164025],[-79.577667,44.166324],[-79.577915,44.167143],[-79.57838,44.168877],[-79.578443,44.169191],[-79.578548,44.169663],[-79.57877,44.170699],[-79.578851,44.170966],[-79.578968,44.171565],[-79.579409,44.173661],[-79.579576,44.174393],[-79.579823,44.175482],[-79.580033,44.176296],[-79.580335,44.17757],[-79.580864,44.179805],[-79.581685,44.183157],[-79.582133,44.185021],[-79.582302,44.185822],[-79.582498,44.186709],[-79.582528,44.186851],[-79.582611,44.187172],[-79.582756,44.187841],[-79.582866,44.188248],[-79.582987,44.188721],[-79.583221,44.189644],[-79.583303,44.190017],[-79.583949,44.192688],[-79.584112,44.193398],[-79.584281,44.194125],[-79.584467,44.194946],[-79.584653,44.195766],[-79.585299,44.198408],[-79.585465,44.199138],[-79.585697,44.200159],[-79.58593,44.20114],[-79.585944,44.20119],[-79.586268,44.202385],[-79.586611,44.2037],[-79.586791,44.204282],[-79.587018,44.205102],[-79.587202,44.205801],[-79.587275,44.206079],[-79.587327,44.206324],[-79.587472,44.206947],[-79.587887,44.208672],[-79.588218,44.210032],[-79.58857,44.211461],[-79.588625,44.21165],[-79.588646,44.211725],[-79.588741,44.212049],[-79.588785,44.21218],[-79.588826,44.212316],[-79.588913,44.212566],[-79.589043,44.212854],[-79.589185,44.213178],[-79.58938,44.213627],[-79.589446,44.213762],[-79.589626,44.21414],[-79.589758,44.21437],[-79.589947,44.21471],[-79.590072,44.214935],[-79.590231,44.215222],[-79.590362,44.215501],[-79.590394,44.21557],[-79.590207,44.215616],[-79.590207,44.215616],[-79.590207,44.215616],[-79.590207,44.215616],[-79.590394,44.21557],[-79.590407,44.215597],[-79.590512,44.215832],[-79.590687,44.216223],[-79.590799,44.216449],[-79.590982,44.21686],[-79.591282,44.217423],[-79.59131,44.217476],[-79.591589,44.218019],[-79.591699,44.218199],[-79.591981,44.218762],[-79.592386,44.219551],[-79.592651,44.220103],[-79.592894,44.220594],[-79.592999,44.220842],[-79.59312,44.221118],[-79.593244,44.221419],[-79.593346,44.221693],[-79.593473,44.222064],[-79.593667,44.222719],[-79.593926,44.223671],[-79.59403,44.224076],[-79.594348,44.225359],[-79.594417,44.225647],[-79.594452,44.22577],[-79.594638,44.226424],[-79.594768,44.226957],[-79.594837,44.22731],[-79.5949,44.227608],[-79.594985,44.227929],[-79.595283,44.228988],[-79.595736,44.230746],[-79.596595,44.234048],[-79.596828,44.235024],[-79.597067,44.235857],[-79.59727,44.23658],[-79.597384,44.237143],[-79.597433,44.237389],[-79.597827,44.239013],[-79.597871,44.239181],[-79.597939,44.239349],[-79.598037,44.23972],[-79.59808,44.239865],[-79.598162,44.240153],[-79.598354,44.240809],[-79.598413,44.24114],[-79.598487,44.241534],[-79.598583,44.241938],[-79.598657,44.242304],[-79.599019,44.243616],[-79.599339,44.244957],[-79.599429,44.24537],[-79.599469,44.245531],[-79.599979,44.247523],[-79.600345,44.248914],[-79.600497,44.24956],[-79.600537,44.249721],[-79.600625,44.250089],[-79.600757,44.25067],[-79.600845,44.251025],[-79.600903,44.251257],[-79.600943,44.251419],[-79.600792,44.251438],[-79.600792,44.251438],[-79.600792,44.251438],[-79.600792,44.251438],[-79.600943,44.251419],[-79.600953,44.251458],[-79.600978,44.25157],[-79.601011,44.251712],[-79.601057,44.251895],[-79.601122,44.252156],[-79.60131,44.25285],[-79.601336,44.252954],[-79.60155,44.253858],[-79.601736,44.254545],[-79.601868,44.255046],[-79.602183,44.256402],[-79.602491,44.257547],[-79.602388,44.257561],[-79.602388,44.257561],[-79.602388,44.257561],[-79.602388,44.257561],[-79.602491,44.257547],[-79.602527,44.25768],[-79.602598,44.25791],[-79.602733,44.258437],[-79.603038,44.259751],[-79.60306,44.259826],[-79.603119,44.260026],[-79.603363,44.26092],[-79.603616,44.261878],[-79.604048,44.263595],[-79.604147,44.263981],[-79.604252,44.26438],[-79.604386,44.264894],[-79.604596,44.265703],[-79.605117,44.267721],[-79.605636,44.269665],[-79.605961,44.270924],[-79.606135,44.27162],[-79.606302,44.272244],[-79.606402,44.272652],[-79.606543,44.273215],[-79.606681,44.273762],[-79.606744,44.274066],[-79.606823,44.274357],[-79.606898,44.27469],[-79.60691,44.274746],[-79.607061,44.27528],[-79.607133,44.275585],[-79.607324,44.276296],[-79.607376,44.27646],[-79.607394,44.276545],[-79.607461,44.276794],[-79.607497,44.27696],[-79.607561,44.277214],[-79.607618,44.277463],[-79.607907,44.278585],[-79.607993,44.278902],[-79.608111,44.279402],[-79.608376,44.280434],[-79.608503,44.280873],[-79.608704,44.28165],[-79.608834,44.28219],[-79.609109,44.283306],[-79.609238,44.283811],[-79.609532,44.284735],[-79.609643,44.285115],[-79.609707,44.285444],[-79.609889,44.286184],[-79.609935,44.286367],[-79.610186,44.287282],[-79.610288,44.287711],[-79.610326,44.287893],[-79.610552,44.288772],[-79.61064,44.289119],[-79.610738,44.289435],[-79.610842,44.28989],[-79.610915,44.290168],[-79.611043,44.290663],[-79.611179,44.291223],[-79.611479,44.292242],[-79.611588,44.292741],[-79.611765,44.293525],[-79.611846,44.293828],[-79.611904,44.294047],[-79.611953,44.29422],[-79.612054,44.294538],[-79.612156,44.294868],[-79.612318,44.295489],[-79.61241,44.295834],[-79.612601,44.296463],[-79.612668,44.29666],[-79.612683,44.296704],[-79.612743,44.296913],[-79.61286,44.297305],[-79.612954,44.297659],[-79.612979,44.297756],[-79.613174,44.298566],[-79.613346,44.299165],[-79.613357,44.299204],[-79.613415,44.299407],[-79.613447,44.299534],[-79.613264,44.299558],[-79.613264,44.299558],[-79.613264,44.299558],[-79.613264,44.299558],[-79.613447,44.299534],[-79.613471,44.29963],[-79.613494,44.299734],[-79.613561,44.300043],[-79.613648,44.300445],[-79.613752,44.300928],[-79.613894,44.30164],[-79.61395,44.301918],[-79.614,44.30215],[-79.614103,44.302677],[-79.614191,44.303128],[-79.614212,44.30323],[-79.614225,44.303288],[-79.614281,44.303537],[-79.614387,44.304089],[-79.61454,44.304852],[-79.614719,44.305575],[-79.614899,44.3064],[-79.614958,44.306731],[-79.615101,44.307355],[-79.615255,44.308186],[-79.615863,44.311051],[-79.61609,44.312129],[-79.616168,44.312481],[-79.616228,44.31272],[-79.616259,44.312876],[-79.616371,44.313254],[-79.616458,44.313592],[-79.616644,44.314281],[-79.616974,44.315579],[-79.617387,44.317113],[-79.617685,44.318258],[-79.617762,44.318557],[-79.617839,44.318806],[-79.617919,44.319092],[-79.618117,44.319845],[-79.618299,44.320465],[-79.618465,44.321093],[-79.618509,44.32126],[-79.618678,44.321906],[-79.618935,44.322833],[-79.619064,44.323303],[-79.619223,44.323934],[-79.619284,44.324173],[-79.619155,44.324189],[-79.619155,44.324189],[-79.619155,44.324189],[-79.619155,44.324189],[-79.619284,44.324173],[-79.619334,44.324369],[-79.619371,44.324474],[-79.619403,44.324576],[-79.619434,44.324684],[-79.619464,44.324802],[-79.619546,44.325115],[-79.61962,44.325371],[-79.619672,44.325627],[-79.619686,44.325699],[-79.619768,44.326006],[-79.619827,44.326227],[-79.619866,44.326371],[-79.619898,44.326497],[-79.620054,44.327085],[-79.620104,44.327244],[-79.620154,44.3274],[-79.620195,44.327546],[-79.620331,44.328028],[-79.620206,44.328046],[-79.620206,44.328046],[-79.620206,44.328046],[-79.620206,44.328046],[-79.620331,44.328028],[-79.620335,44.32804],[-79.620402,44.328279],[-79.62044,44.328411],[-79.62049,44.328588],[-79.620555,44.328803],[-79.620683,44.329228],[-79.62076,44.329563],[-79.620831,44.329817],[-79.620871,44.329937],[-79.620899,44.330046],[-79.620723,44.330069],[-79.620723,44.330069],[-79.620723,44.330069],[-79.620723,44.330069],[-79.620899,44.330046],[-79.620916,44.330112],[-79.620971,44.330318],[-79.621028,44.330543],[-79.621144,44.330982],[-79.621238,44.331351],[-79.621262,44.331448],[-79.621295,44.331559],[-79.621357,44.331788],[-79.621382,44.331862],[-79.621419,44.331987],[-79.621485,44.332238],[-79.621577,44.332571],[-79.621813,44.333483],[-79.622013,44.334184],[-79.622096,44.33451],[-79.622189,44.334825],[-79.622245,44.335029],[-79.622294,44.335209],[-79.622346,44.335419],[-79.622387,44.335587],[-79.622477,44.335912],[-79.622512,44.336027],[-79.62265,44.336481],[-79.622681,44.336584],[-79.622779,44.336948],[-79.622863,44.337279],[-79.622926,44.337599],[-79.623076,44.338236],[-79.623171,44.338696],[-79.623248,44.339035],[-79.623367,44.339542],[-79.623506,44.340158],[-79.623594,44.340503],[-79.623822,44.341555],[-79.623904,44.341847],[-79.623968,44.342074],[-79.624062,44.342413],[-79.624142,44.342748],[-79.624302,44.343457],[-79.624357,44.343672],[-79.624409,44.343905],[-79.624484,44.34419],[-79.624613,44.34456],[-79.62469,44.344754],[-79.624764,44.344923],[-79.624861,44.345108],[-79.624915,44.345227],[-79.625116,44.345598],[-79.625245,44.345812],[-79.625377,44.346015],[-79.625478,44.346142],[-79.625616,44.346322],[-79.625738,44.346473],[-79.625864,44.346637],[-79.626,44.346803],[-79.626383,44.347245],[-79.626536,44.347417],[-79.62664,44.347542],[-79.626751,44.347685],[-79.626984,44.347999],[-79.627071,44.348099],[-79.627102,44.348135],[-79.627023,44.348169],[-79.627023,44.348169],[-79.627023,44.348169],[-79.627023,44.348169],[-79.627102,44.348135],[-79.627381,44.348472],[-79.627703,44.3488],[-79.627867,44.348951],[-79.627982,44.349055],[-79.628092,44.34915],[-79.628234,44.349269],[-79.628374,44.34938],[-79.628518,44.349496],[-79.628782,44.349696],[-79.629017,44.349861],[-79.629307,44.350043],[-79.629506,44.350169],[-79.629758,44.350309],[-79.629954,44.350415],[-79.630077,44.350477],[-79.629942,44.350653],[-79.629529,44.351229],[-79.629496,44.351278],[-79.629464,44.351292],[-79.629427,44.351286],[-79.629118,44.351196],[-79.628901,44.351119],[-79.628706,44.351049],[-79.628651,44.35103],[-79.628509,44.350979],[-79.628452,44.350959],[-79.628314,44.350909],[-79.628029,44.3513],[-79.628026,44.351334],[-79.628044,44.351365],[-79.62806,44.351382],[-79.627851,44.351489],[-79.627851,44.351489],[-79.627851,44.351489],[-79.627851,44.351489],[-79.62806,44.351382],[-79.628077,44.351398],[-79.628179,44.351467],[-79.628342,44.351577],[-79.628515,44.351694],[-79.628678,44.351805],[-79.628764,44.35186],[-79.628795,44.351868],[-79.628847,44.351872],[-79.62888,44.351861],[-79.628915,44.351823],[-79.629137,44.351526],[-79.62921,44.35141],[-79.629205,44.351377],[-79.629184,44.351355],[-79.629044,44.351296],[-79.629118,44.351196],[-79.629427,44.351286],[-79.629464,44.351292],[-79.629496,44.351278],[-79.629529,44.351229],[-79.629942,44.350653],[-79.630077,44.350477],[-79.630297,44.350578],[-79.630559,44.350702],[-79.630617,44.35073],[-79.630835,44.350827],[-79.631043,44.350914],[-79.631072,44.350925],[-79.631385,44.351046],[-79.632153,44.351323],[-79.632294,44.351374],[-79.632443,44.351427],[-79.632729,44.35153],[-79.632903,44.351593],[-79.632838,44.351687],[-79.632838,44.351687],[-79.632838,44.351687],[-79.632838,44.351687],[-79.632903,44.351593],[-79.6331,44.351663],[-79.633735,44.351891],[-79.635062,44.352372],[-79.635265,44.352445],[-79.635416,44.3525],[-79.635561,44.352552],[-79.635826,44.352648],[-79.635892,44.352672],[-79.635837,44.352749],[-79.635837,44.352749],[-79.635837,44.352749],[-79.635837,44.352749],[-79.635892,44.352672],[-79.635986,44.352706],[-79.636211,44.352788],[-79.637298,44.353175],[-79.637935,44.353401],[-79.638246,44.353511],[-79.638601,44.353638],[-79.639401,44.353922],[-79.640303,44.354242],[-79.64101,44.354493],[-79.641124,44.354533],[-79.641064,44.354621],[-79.641064,44.354621],[-79.641064,44.354621],[-79.641064,44.354621],[-79.641124,44.354533],[-79.641488,44.354663],[-79.64178,44.354763],[-79.641979,44.354832],[-79.642148,44.35489],[-79.64289,44.355141],[-79.643037,44.355194],[-79.643801,44.355467],[-79.644856,44.35585],[-79.646495,44.356443],[-79.646826,44.356562],[-79.646738,44.356687],[-79.646738,44.356687],[-79.646738,44.356687],[-79.646738,44.356687],[-79.646826,44.356562],[-79.646877,44.35658],[-79.647033,44.356636],[-79.64717,44.356686],[-79.647278,44.356723],[-79.647509,44.356811],[-79.648153,44.357053],[-79.64857,44.357223],[-79.648793,44.35732],[-79.64909,44.357439],[-79.649383,44.357572],[-79.649763,44.357745],[-79.6503,44.358003],[-79.650366,44.358034],[-79.650554,44.358126],[-79.65069,44.35819],[-79.651034,44.35836],[-79.651508,44.358591],[-79.651695,44.358686],[-79.652391,44.359029],[-79.65326,44.359458],[-79.653447,44.359555],[-79.653653,44.359662],[-79.653771,44.359719],[-79.65426,44.359997],[-79.654658,44.360227],[-79.654856,44.36035],[-79.654955,44.360409],[-79.655199,44.360562],[-79.65532,44.360643],[-79.655448,44.360734],[-79.655554,44.360812],[-79.655677,44.36091],[-79.656863,44.361852],[-79.657454,44.36234],[-79.65821,44.362932],[-79.659059,44.363625],[-79.660256,44.364576],[-79.661237,44.365376],[-79.66137,44.365487],[-79.661944,44.365944],[-79.662224,44.366168],[-79.662496,44.366378],[-79.662546,44.366417],[-79.662464,44.366469],[-79.662464,44.366469],[-79.662464,44.366469],[-79.662464,44.366469],[-79.662546,44.366417],[-79.66283,44.366646],[-79.662941,44.366711],[-79.663247,44.366922],[-79.66336,44.36699],[-79.663451,44.367045],[-79.66358,44.36713],[-79.663988,44.367383],[-79.665483,44.36831],[-79.666477,44.368924],[-79.666611,44.369007],[-79.667556,44.369602],[-79.667629,44.369644],[-79.667751,44.36971],[-79.667881,44.36977],[-79.667945,44.369794],[-79.667995,44.369811],[-79.66802,44.369817],[-79.668102,44.369837],[-79.668183,44.369859],[-79.668389,44.369921],[-79.668757,44.370017],[-79.669248,44.370119],[-79.6695,44.37017],[-79.669655,44.370203],[-79.669718,44.370216],[-79.669986,44.370287],[-79.670442,44.370388],[-79.670677,44.370433],[-79.67115,44.370517],[-79.671483,44.370564],[-79.671858,44.370599],[-79.672358,44.370633],[-79.672773,44.370653],[-79.672991,44.370661],[-79.673159,44.370668],[-79.673473,44.370705],[-79.673657,44.370735],[-79.673901,44.370786],[-79.674204,44.370856],[-79.674926,44.371055],[-79.675226,44.371134],[-79.675434,44.371188],[-79.676159,44.371378],[-79.676258,44.371401],[-79.676452,44.371445],[-79.676771,44.371508],[-79.677092,44.37156],[-79.677419,44.371601],[-79.677622,44.371617],[-79.677887,44.371635],[-79.67822,44.371651],[-79.67843,44.371651],[-79.6788,44.371643],[-79.6792,44.371618],[-79.679536,44.371585],[-79.680212,44.371531],[-79.680897,44.371475],[-79.682009,44.371372],[-79.682378,44.371345],[-79.683034,44.371288],[-79.683721,44.371231],[-79.684387,44.371175],[-79.684737,44.371146],[-79.685057,44.371116],[-79.68534,44.371091],[-79.685706,44.371063],[-79.685822,44.371059],[-79.685943,44.371067],[-79.686004,44.371072],[-79.686495,44.371131],[-79.686925,44.371178],[-79.687939,44.371297],[-79.688029,44.371305],[-79.689254,44.371444],[-79.690526,44.371588],[-79.690509,44.371667],[-79.690509,44.371667],[-79.690509,44.371667],[-79.690509,44.371667],[-79.690526,44.371588],[-79.690571,44.371593],[-79.69069,44.371605],[-79.69074,44.371617],[-79.690898,44.37166],[-79.690944,44.371676],[-79.691123,44.37174],[-79.691378,44.371842],[-79.691494,44.371888],[-79.691743,44.371983],[-79.692066,44.37212],[-79.69189,44.372362],[-79.691529,44.372873],[-79.69089,44.373693],[-79.690787,44.373837],[-79.690699,44.373964],[-79.690628,44.374075],[-79.69059,44.374123],[-79.690437,44.374363],[-79.690378,44.374471],[-79.690309,44.374663],[-79.690054,44.374719],[-79.689807,44.374787],[-79.689568,44.374852],[-79.689493,44.374868],[-79.689372,44.37484],[-79.689282,44.374845],[-79.68919,44.374863],[-79.68908,44.374877],[-79.688986,44.37488],[-79.688761,44.37489],[-79.688766,44.374782],[-79.688829,44.374558],[-79.688847,44.374441],[-79.688868,44.374306],[-79.689273,44.374353],[-79.68926,44.374408],[-79.68926,44.374408]]}},{"type":"Feature","properties":{"shape_id":"GO:UNAD","route_id":"GO-TRAIN","route_short_name":"GO TRAIN","route_long_name":"Barrie","route_color":"#003767","route_text_color":"#FFFFFF","route_mode":"train","agency_id":"go-transit","agency_name":"GO Transit","source_route_id":"09261126-BR"},"geometry":{"type":"LineString","coordinates":[[-79.45714349668587,44.05647],[-79.45772356,44.05745115],[-79.45825572,44.05818008],[-79.45859908,44.05856405],[-79.45933305,44.05941352],[-79.45972045,44.05982849],[-79.46018192,44.06036134],[-79.46046536,44.06076369],[-79.46062998,44.06106439],[-79.46074005,44.06136216],[-79.46083389,44.06168551],[-79.46089841,44.06219949],[-79.46088691,44.06278031],[-79.46079138,44.06318565],[-79.46040138,44.06409014],[-79.45987919,44.06523579],[-79.459368,44.0662951],[-79.45899668,44.06710617],[-79.45825354,44.068728],[-79.45750614,44.07024998],[-79.45714974,44.07075031],[-79.45671234,44.07123777],[-79.455534,44.07248345],[-79.45507748,44.07305121],[-79.4548274,44.073495],[-79.45466623,44.07395248],[-79.45456488,44.07441214],[-79.45457054,44.07487286],[-79.45463403,44.07534637],[-79.45470554,44.07570038],[-79.45489886,44.07644122],[-79.45509218,44.0772367],[-79.45538159,44.07852841],[-79.45571081,44.07988968],[-79.45608709,44.08149742],[-79.45646475,44.08310769],[-79.45668869,44.0840546],[-79.45682543,44.08462119],[-79.45698686,44.08504832],[-79.45723346,44.0855011],[-79.45749055,44.08583098],[-79.45773364,44.08610247],[-79.45804181,44.08638942],[-79.45835524,44.08664457],[-79.45878213,44.08689858],[-79.45940491,44.08721495],[-79.45987508,44.08741353],[-79.4608188,44.08764664],[-79.46147581,44.08773469],[-79.46268409,44.08783821],[-79.46310078,44.08787235],[-79.46530024,44.0880484],[-79.46768843,44.08825405],[-79.47068694,44.08850585],[-79.4712338,44.08855879],[-79.47174815,44.08862463],[-79.4723706,44.08873683],[-79.47286432,44.08885323],[-79.47343641,44.08903265],[-79.47406688,44.08928637],[-79.47554821,44.08988984],[-79.47802794,44.09090023],[-79.47847601,44.09107012],[-79.47911969,44.09127279],[-79.47991155,44.09145227],[-79.48139839,44.09172816],[-79.48428293,44.09227383],[-79.48703582,44.09278522],[-79.48891568,44.09314322],[-79.48976609,44.09330465],[-79.49044441,44.09343494],[-79.49128753,44.09366956],[-79.49176396,44.09384141],[-79.49225572,44.09404605],[-79.49280664,44.09434016],[-79.49342986,44.09474546],[-79.49393715,44.0951686],[-79.49421646,44.0954449],[-79.49488118,44.09619606],[-79.49582465,44.09740262],[-79.49674057,44.09849761],[-79.49758872,44.09949771],[-79.4980114,44.09991369],[-79.49822413,44.10009641],[-79.49866139,44.10043429],[-79.49936905,44.10084002],[-79.49988965,44.10108169],[-79.5004038,44.10129466],[-79.50093251,44.10146723],[-79.5015373,44.10164532],[-79.50331618,44.10213091],[-79.5050807,44.10259468],[-79.50715096,44.10314824],[-79.50961587,44.10380941],[-79.51141998,44.10429021],[-79.51979941,44.10655026],[-79.52696371,44.10846847],[-79.53239118,44.10995203],[-79.54384524,44.11306709],[-79.54755886,44.11407394],[-79.54998104,44.11476395],[-79.55364484,44.11574382],[-79.55457967,44.11615168],[-79.55523961,44.11654084],[-79.555715,44.11688156],[-79.5560105,44.11713179],[-79.55664241,44.11777601],[-79.55691315,44.11813445],[-79.55739626,44.11893007],[-79.55750147,44.1192778],[-79.55761976,44.11992],[-79.55768201,44.12028701],[-79.55768588,44.12058127],[-79.55762723,44.12115702],[-79.55741714,44.12184927],[-79.55653678,44.12335759],[-79.55560875,44.12491661],[-79.55463697,44.12661031],[-79.55428425,44.12719252],[-79.55357989,44.12843233],[-79.55322928,44.1293159],[-79.5530331,44.13016666],[-79.55297376,44.13099709],[-79.55302251,44.13171783],[-79.55325255,44.13421491],[-79.55339217,44.13560612],[-79.55385508,44.14049715],[-79.5540146,44.14254451],[-79.55402995,44.14292636],[-79.55396379,44.14386105],[-79.55377639,44.14462961],[-79.55351879,44.14562477],[-79.55305994,44.14761795],[-79.55230874,44.15068933],[-79.55095659,44.15608051],[-79.55082027,44.1565907],[-79.55037676,44.15831293],[-79.55000263,44.15940851],[-79.54959968,44.16021342],[-79.54882784,44.16167603],[-79.54706935,44.16505951],[-79.54647983,44.16623171],[-79.545298,44.17018425],[-79.54510076,44.17089977],[-79.54488671,44.17159792],[-79.54469489,44.17225029],[-79.54443662,44.17305308],[-79.54423657,44.1737687],[-79.54393955,44.17476439],[-79.54364288,44.17572397],[-79.54348531,44.17635511],[-79.54340969,44.17788617],[-79.54343548,44.1794583],[-79.54338315,44.18190971],[-79.54339531,44.1832666],[-79.54343079,44.18494781],[-79.54345089,44.19257461],[-79.54343798,44.19402581],[-79.54333965,44.19458752],[-79.5430768,44.19541781],[-79.54243632,44.19680918],[-79.54228603,44.19721921],[-79.54144221,44.1993735],[-79.54052919,44.20159993],[-79.53979867,44.20361286],[-79.53953293,44.20473348],[-79.53938686,44.20672139],[-79.53932949,44.20787269],[-79.53929896,44.20890147],[-79.53918912,44.21050441],[-79.53913491,44.21196537],[-79.53924048,44.21287763],[-79.53940453,44.2136122],[-79.53968467,44.21431952],[-79.54008326,44.21499551],[-79.54480598,44.22205891],[-79.54651418,44.22475806],[-79.54687659,44.2253149],[-79.55373636,44.23574589],[-79.55399676,44.23623986],[-79.55423143,44.23681904],[-79.55649706,44.24489469],[-79.55683478,44.24643938],[-79.55685577,44.24719798],[-79.55668518,44.24843444],[-79.55656815,44.24922307],[-79.55532882,44.25733785],[-79.5553009,44.25796756],[-79.5553812,44.25877716],[-79.55553952,44.25946376],[-79.55595471,44.26053197],[-79.5563314,44.26154424],[-79.55672957,44.26252488],[-79.55706134,44.26337562],[-79.55747359,44.26438188],[-79.55767738,44.26483004],[-79.55796489,44.26564651],[-79.55815017,44.26611712],[-79.5583846,44.26692452],[-79.55852379,44.26775402],[-79.55848126,44.26887828],[-79.55827009,44.26981912],[-79.5579441,44.27071334],[-79.55762761,44.27158078],[-79.55716826,44.27260471],[-79.55676701,44.27358341],[-79.55636778,44.27461365],[-79.55598372,44.27551346],[-79.55578201,44.27649266],[-79.5557842,44.27711299],[-79.55607872,44.278341],[-79.55631222,44.27934872],[-79.55826109,44.28699047],[-79.55853688,44.28801405],[-79.55978316,44.29314414],[-79.56006388,44.29408353],[-79.56029907,44.2945732],[-79.56084248,44.29530174],[-79.56156733,44.29597532],[-79.56208874,44.29635532],[-79.56286027,44.29682122],[-79.5634151,44.29705958],[-79.56421947,44.29734898],[-79.5649854,44.29759886],[-79.56602938,44.29796166],[-79.56852367,44.29880542],[-79.57065369,44.29959659],[-79.57170874,44.30004944],[-79.57268946,44.30071867],[-79.57338611,44.3014106],[-79.57394119,44.30219184],[-79.57436353,44.30316669],[-79.57475097,44.30473943],[-79.57510625,44.30571118],[-79.57531545,44.3061031],[-79.57566206,44.30656239],[-79.57611306,44.30705036],[-79.57675406,44.30759874],[-79.57803639,44.30836468],[-79.57976043,44.30929262],[-79.58887753,44.31432401],[-79.59012666,44.31514499],[-79.60498693,44.32705225],[-79.60669031,44.32841081],[-79.61813074,44.33754188],[-79.61893097,44.33819702],[-79.61979139,44.33887281],[-79.62059037,44.3395587],[-79.62143362,44.34066907],[-79.62193559,44.34201531],[-79.62251607,44.34371139],[-79.62323999,44.34582225],[-79.62405015,44.34810591],[-79.62428895,44.34855299],[-79.62450736,44.34892336],[-79.62521049,44.34974325],[-79.62595814,44.35032238],[-79.62716725,44.35115526],[-79.63158232,44.35417397],[-79.63956069,44.35871678],[-79.64028393,44.35910579],[-79.65273129,44.3662906],[-79.65352922,44.36674725],[-79.65585807,44.36811221],[-79.65673638,44.3685768],[-79.65929455,44.36981913],[-79.66001925,44.37010823],[-79.6607595,44.37043121],[-79.66211711,44.37083775],[-79.66373094,44.37112692],[-79.66525841,44.37134545],[-79.66707688,44.37156295],[-79.66820877,44.37169445],[-79.66952819,44.37185285],[-79.68001567,44.37304683],[-79.68284003,44.37336016],[-79.68334298,44.37337457],[-79.68469825,44.37325315],[-79.68499015,44.37322874],[-79.6854016,44.37326306],[-79.68642137,44.37338589]]}},{"type":"Feature","properties":{"shape_id":"GO:ADUN","route_id":"GO-TRAIN","route_short_name":"GO TRAIN","route_long_name":"Barrie","route_color":"#003767","route_text_color":"#FFFFFF","route_mode":"train","agency_id":"go-transit","agency_name":"GO Transit","source_route_id":"09261126-BR"},"geometry":{"type":"LineString","coordinates":[[-79.68642137,44.37338589],[-79.6854016,44.37326306],[-79.68499015,44.37322874],[-79.68469825,44.37325315],[-79.68334298,44.37337457],[-79.68284003,44.37336016],[-79.68001567,44.37304683],[-79.66952819,44.37185285],[-79.66820877,44.37169445],[-79.66707688,44.37156295],[-79.66525841,44.37134545],[-79.66373094,44.37112692],[-79.66211711,44.37083775],[-79.6607595,44.37043121],[-79.66001925,44.37010823],[-79.65929455,44.36981913],[-79.65673638,44.3685768],[-79.65585807,44.36811221],[-79.65352922,44.36674725],[-79.65273129,44.3662906],[-79.64028393,44.35910579],[-79.63956069,44.35871678],[-79.63158232,44.35417397],[-79.62716725,44.35115526],[-79.62595814,44.35032238],[-79.62521049,44.34974325],[-79.62450736,44.34892336],[-79.62428895,44.34855299],[-79.62405015,44.34810591],[-79.62323999,44.34582225],[-79.62251607,44.34371139],[-79.62193559,44.34201531],[-79.62143362,44.34066907],[-79.62059037,44.3395587],[-79.61979139,44.33887281],[-79.61893097,44.33819702],[-79.61813074,44.33754188],[-79.60669031,44.32841081],[-79.60498693,44.32705225],[-79.59012666,44.31514499],[-79.58887753,44.31432401],[-79.57976043,44.30929262],[-79.57803639,44.30836468],[-79.57675406,44.30759874],[-79.57611306,44.30705036],[-79.57566206,44.30656239],[-79.57531545,44.3061031],[-79.57510625,44.30571118],[-79.57475097,44.30473943],[-79.57436353,44.30316669],[-79.57394119,44.30219184],[-79.57338611,44.3014106],[-79.57268946,44.30071867],[-79.57170874,44.30004944],[-79.57065369,44.29959659],[-79.56852367,44.29880542],[-79.56602938,44.29796166],[-79.5649854,44.29759886],[-79.56421947,44.29734898],[-79.5634151,44.29705958],[-79.56286027,44.29682122],[-79.56208874,44.29635532],[-79.56156733,44.29597532],[-79.56084248,44.29530174],[-79.56029907,44.2945732],[-79.56006388,44.29408353],[-79.55978316,44.29314414],[-79.55853688,44.28801405],[-79.55826109,44.28699047],[-79.55631222,44.27934872],[-79.55607872,44.278341],[-79.5557842,44.27711299],[-79.55578201,44.27649266],[-79.55598372,44.27551346],[-79.55636778,44.27461365],[-79.55676701,44.27358341],[-79.55716826,44.27260471],[-79.55762761,44.27158078],[-79.5579441,44.27071334],[-79.55827009,44.26981912],[-79.55848126,44.26887828],[-79.55852379,44.26775402],[-79.5583846,44.26692452],[-79.55815017,44.26611712],[-79.55796489,44.26564651],[-79.55767738,44.26483004],[-79.55747359,44.26438188],[-79.55706134,44.26337562],[-79.55672957,44.26252488],[-79.5563314,44.26154424],[-79.55595471,44.26053197],[-79.55553952,44.25946376],[-79.5553812,44.25877716],[-79.5553009,44.25796756],[-79.55532882,44.25733785],[-79.55656815,44.24922307],[-79.55668518,44.24843444],[-79.55685577,44.24719798],[-79.55683478,44.24643938],[-79.55649706,44.24489469],[-79.55423143,44.23681904],[-79.55399676,44.23623986],[-79.55373636,44.23574589],[-79.54687659,44.2253149],[-79.54651418,44.22475806],[-79.54480598,44.22205891],[-79.54008326,44.21499551],[-79.53968467,44.21431952],[-79.53940453,44.2136122],[-79.53924048,44.21287763],[-79.53913491,44.21196537],[-79.53918912,44.21050441],[-79.53929896,44.20890147],[-79.53932949,44.20787269],[-79.53938686,44.20672139],[-79.53953293,44.20473348],[-79.53979867,44.20361286],[-79.54052919,44.20159993],[-79.54144221,44.1993735],[-79.54228603,44.19721921],[-79.54243632,44.19680918],[-79.5430768,44.19541781],[-79.54333965,44.19458752],[-79.54343798,44.19402581],[-79.54345089,44.19257461],[-79.54343079,44.18494781],[-79.54339531,44.1832666],[-79.54338315,44.18190971],[-79.54343548,44.1794583],[-79.54340969,44.17788617],[-79.54348531,44.17635511],[-79.54364288,44.17572397],[-79.54393955,44.17476439],[-79.54423657,44.1737687],[-79.54443662,44.17305308],[-79.54469489,44.17225029],[-79.54488671,44.17159792],[-79.54510076,44.17089977],[-79.545298,44.17018425],[-79.54647983,44.16623171],[-79.54706935,44.16505951],[-79.54882784,44.16167603],[-79.54959968,44.16021342],[-79.55000263,44.15940851],[-79.55037676,44.15831293],[-79.55082027,44.1565907],[-79.55095659,44.15608051],[-79.55230874,44.15068933],[-79.55305994,44.14761795],[-79.55351879,44.14562477],[-79.55377639,44.14462961],[-79.55396379,44.14386105],[-79.55402995,44.14292636],[-79.5540146,44.14254451],[-79.55385508,44.14049715],[-79.55339217,44.13560612],[-79.55325255,44.13421491],[-79.55302251,44.13171783],[-79.55297376,44.13099709],[-79.5530331,44.13016666],[-79.55322928,44.1293159],[-79.55357989,44.12843233],[-79.55428425,44.12719252],[-79.55463697,44.12661031],[-79.55560875,44.12491661],[-79.55653678,44.12335759],[-79.55741714,44.12184927],[-79.55762723,44.12115702],[-79.55768588,44.12058127],[-79.55768201,44.12028701],[-79.55761976,44.11992],[-79.55750147,44.1192778],[-79.55739626,44.11893007],[-79.55691315,44.11813445],[-79.55664241,44.11777601],[-79.5560105,44.11713179],[-79.555715,44.11688156],[-79.55523961,44.11654084],[-79.55457967,44.11615168],[-79.55364484,44.11574382],[-79.54998104,44.11476395],[-79.54755886,44.11407394],[-79.54384524,44.11306709],[-79.53239118,44.10995203],[-79.52696371,44.10846847],[-79.51979941,44.10655026],[-79.51141998,44.10429021],[-79.50961587,44.10380941],[-79.50715096,44.10314824],[-79.5050807,44.10259468],[-79.50331618,44.10213091],[-79.5015373,44.10164532],[-79.50093251,44.10146723],[-79.5004038,44.10129466],[-79.49988965,44.10108169],[-79.49936905,44.10084002],[-79.49866139,44.10043429],[-79.49822413,44.10009641],[-79.4980114,44.09991369],[-79.49758872,44.09949771],[-79.49674057,44.09849761],[-79.49582465,44.09740262],[-79.49488118,44.09619606],[-79.49421646,44.0954449],[-79.49393715,44.0951686],[-79.49342986,44.09474546],[-79.49280664,44.09434016],[-79.49225572,44.09404605],[-79.49176396,44.09384141],[-79.49128753,44.09366956],[-79.49044441,44.09343494],[-79.48976609,44.09330465],[-79.48891568,44.09314322],[-79.48703582,44.09278522],[-79.48428293,44.09227383],[-79.48139839,44.09172816],[-79.47991155,44.09145227],[-79.47911969,44.09127279],[-79.47847601,44.09107012],[-79.47802794,44.09090023],[-79.47554821,44.08988984],[-79.47406688,44.08928637],[-79.47343641,44.08903265],[-79.47286432,44.08885323],[-79.4723706,44.08873683],[-79.47174815,44.08862463],[-79.4712338,44.08855879],[-79.47068694,44.08850585],[-79.46768843,44.08825405],[-79.46530024,44.0880484],[-79.46310078,44.08787235],[-79.46268409,44.08783821],[-79.46147581,44.08773469],[-79.4608188,44.08764664],[-79.45987508,44.08741353],[-79.45940491,44.08721495],[-79.45878213,44.08689858],[-79.45835524,44.08664457],[-79.45804181,44.08638942],[-79.45773364,44.08610247],[-79.45749055,44.08583098],[-79.45723346,44.0855011],[-79.45698686,44.08504832],[-79.45682543,44.08462119],[-79.45668869,44.0840546],[-79.45646475,44.08310769],[-79.45608709,44.08149742],[-79.45571081,44.07988968],[-79.45538159,44.07852841],[-79.45509218,44.0772367],[-79.45489886,44.07644122],[-79.45470554,44.07570038],[-79.45463403,44.07534637],[-79.45457054,44.07487286],[-79.45456488,44.07441214],[-79.45466623,44.07395248],[-79.4548274,44.073495],[-79.45507748,44.07305121],[-79.455534,44.07248345],[-79.45671234,44.07123777],[-79.45714974,44.07075031],[-79.45750614,44.07024998],[-79.45825354,44.068728],[-79.45899668,44.06710617],[-79.459368,44.0662951],[-79.45987919,44.06523579],[-79.46040138,44.06409014],[-79.46079138,44.06318565],[-79.46088691,44.06278031],[-79.46089841,44.06219949],[-79.46083389,44.06168551],[-79.46074005,44.06136216],[-79.46062998,44.06106439],[-79.46046536,44.06076369],[-79.46018192,44.06036134],[-79.45972045,44.05982849],[-79.45933305,44.05941352],[-79.45859908,44.05856405],[-79.45825572,44.05818008],[-79.45772356,44.05745115],[-79.45714349668587,44.05647]]}},{"type":"Feature","properties":{"shape_id":"ONTC:1084","route_id":"ONTC","route_short_name":"ON","route_long_name":"North Bay - Toronto","route_color":"#00214D","route_text_color":"#E6B012","agency_id":"ontario-northland","agency_name":"Ontario Northland","source_route_id":"102"},"geometry":{"type":"MultiLineString","coordinates":[[[-79.409419,44.67403668368704],[-79.41116,44.66999],[-79.41497,44.66086],[-79.4166399,44.65539],[-79.41783,44.6512299],[-79.41891,44.6474199],[-79.41974,44.64596],[-79.4230699,44.6420699],[-79.4270699,44.6376],[-79.43031,44.63379],[-79.4338399,44.6296999],[-79.4377399,44.6251399],[-79.4410199,44.6214199],[-79.4427299,44.61889],[-79.44451,44.61366],[-79.44485,44.6127299],[-79.4455799,44.6121699],[-79.44656,44.61157],[-79.4468299,44.6109499],[-79.4400399,44.60983],[-79.43378,44.6092499],[-79.43139,44.6091],[-79.42479,44.6093099],[-79.42101,44.6094399],[-79.42042,44.60914],[-79.420321,44.608925],[-79.41721,44.60529],[-79.41373,44.60113],[-79.4104899,44.5971999],[-79.409419,44.595883102913874]],[[-79.409419,44.59384442103988],[-79.4138399,44.5932899],[-79.42029,44.5925999],[-79.4237899,44.59226],[-79.4244799,44.59174],[-79.4247099,44.5876],[-79.4247799,44.5867299],[-79.4264099,44.58333],[-79.4269,44.5826199],[-79.4277299,44.5819399],[-79.429608,44.5811919],[-79.4358399,44.57851],[-79.43944,44.577],[-79.44396,44.57397],[-79.4464099,44.5720899],[-79.44692,44.5711699],[-79.44698,44.5703799],[-79.44662,44.56948],[-79.44409,44.5665799],[-79.4433,44.5668399],[-79.4429299,44.5663799],[-79.4430599,44.5646999],[-79.44363,44.5630299],[-79.44597,44.55844],[-79.44855,44.5533799],[-79.45095,44.54873],[-79.45388,44.5437299],[-79.45666,44.53896],[-79.4591,44.5347699],[-79.4615399,44.53049],[-79.4639299,44.5253799],[-79.46622,44.52048],[-79.46826,44.5160499],[-79.47075,44.51082],[-79.4712499,44.5101199],[-79.47251,44.50885],[-79.4735499,44.50812],[-79.47469,44.5074899],[-79.4808699,44.5048599],[-79.4860899,44.5026599],[-79.4925599,44.4999099],[-79.4977799,44.49763],[-79.5032299,44.49427],[-79.50902,44.49067],[-79.51345,44.4879199],[-79.5178699,44.48525],[-79.5240099,44.48262],[-79.53035,44.47997],[-79.53662,44.4773],[-79.54292,44.4746599],[-79.5474099,44.47369],[-79.54972,44.47291],[-79.55593,44.4701999],[-79.56209,44.46742],[-79.56863,44.4645499],[-79.57457,44.46204],[-79.5811899,44.45932],[-79.58656,44.4569999],[-79.5930299,44.45414],[-79.59928,44.4514899],[-79.60569,44.44902],[-79.6112,44.44685],[-79.61684,44.44459],[-79.62262,44.44241],[-79.62906,44.4396999],[-79.63253,44.43841],[-79.63936,44.43699],[-79.64153,44.43612],[-79.64563,44.43405],[-79.64642,44.43355],[-79.6480099,44.43214],[-79.65109,44.4274899],[-79.6542199,44.42253],[-79.65581,44.4202799],[-79.65651,44.4196],[-79.6585,44.41825],[-79.65948,44.4178],[-79.66051,44.4174199],[-79.6676799,44.4155799],[-79.6734899,44.41415],[-79.68026,44.4121599],[-79.6827099,44.4113799],[-79.68372,44.41096],[-79.68559,44.4099399],[-79.6911199,44.40594],[-79.69613,44.4020899],[-79.69979,44.3976899],[-79.70299,44.3936799],[-79.70662,44.3888599],[-79.70925,44.38378],[-79.71138,44.3795399],[-79.71191,44.37792],[-79.7118899,44.37631],[-79.71151,44.37499],[-79.7106499,44.37355],[-79.7057199,44.36914],[-79.70186,44.3657499],[-79.69973,44.3635799],[-79.69928,44.3617099],[-79.69851,44.36113],[-79.6973499,44.36108],[-79.6972499,44.36386],[-79.6970899,44.3646999],[-79.6937799,44.36957],[-79.69054,44.3741599],[-79.6901939,44.374099],[-79.68988,44.37417],[-79.6893699,44.37391],[-79.68876,44.37449],[-79.6888199,44.37496],[-79.6892799,44.3749099],[-79.69038,44.3746099],[-79.69342,44.37023],[-79.69625,44.3662],[-79.69733,44.3645399],[-79.6976,44.36187],[-79.69293,44.35792],[-79.6919299,44.3569599],[-79.6907599,44.3555],[-79.68979,44.35386],[-79.6880899,44.3484799],[-79.6869799,44.3440499],[-79.6856699,44.33868],[-79.6843199,44.33333],[-79.68305,44.32818],[-79.68279,44.32618],[-79.68303,44.3207],[-79.6832999,44.31607],[-79.6835299,44.3108299],[-79.6838599,44.3061799],[-79.684,44.30157],[-79.68299,44.29703],[-79.68188,44.29195],[-79.68069,44.28751],[-79.67947,44.28304],[-79.6777899,44.2777799],[-79.67636,44.27248],[-79.6751899,44.2680599],[-79.6737499,44.26273],[-79.67249,44.25797],[-79.67128,44.25351],[-79.6700699,44.24895],[-79.6686999,44.24382],[-79.66724,44.23848],[-79.6658699,44.23319],[-79.6643999,44.2277],[-79.66314,44.2231299],[-79.66178,44.2180099],[-79.66057,44.2135],[-79.6589199,44.2082299],[-79.6563,44.2031699],[-79.654,44.1989299],[-79.6515299,44.1943999],[-79.64898,44.1895799],[-79.6467299,44.18529],[-79.64514,44.1808499],[-79.64435,44.1757599],[-79.64397,44.17121],[-79.6435899,44.16576],[-79.6432199,44.16068],[-79.64295,44.1561999],[-79.64258,44.15092],[-79.64222,44.14624],[-79.6411,44.14096],[-79.6398,44.13566],[-79.63854,44.1306299],[-79.63723,44.12533],[-79.6360999,44.1207799],[-79.63481,44.1156299],[-79.63372,44.11114],[-79.6326199,44.10669],[-79.63149,44.1021699],[-79.6303,44.09733],[-79.62919,44.09282],[-79.6281599,44.08859],[-79.62703,44.0841099],[-79.6259599,44.0795899],[-79.62469,44.07448],[-79.62358,44.0699999],[-79.62286,44.06837],[-79.6215199,44.0662899],[-79.6181499,44.06241],[-79.6143699,44.05807],[-79.61298222111425,44.05647]]]}},{"type":"Feature","properties":{"shape_id":"ONTC:1085","route_id":"ONTC","route_short_name":"ON","route_long_name":"Sudbury - Toronto","route_color":"#00214D","route_text_color":"#E6B012","agency_id":"ontario-northland","agency_name":"Ontario Northland","source_route_id":"202"},"geometry":{"type":"MultiLineString","coordinates":[[[-79.69852008563846,44.78376],[-79.69763,44.7827299],[-79.6942399,44.7788],[-79.69235,44.77653],[-79.69183,44.77572],[-79.69137,44.7745899],[-79.69117,44.77346],[-79.6911799,44.77259],[-79.6913799,44.77145],[-79.69168,44.7706099],[-79.69439,44.76642],[-79.69717,44.76226],[-79.70016,44.7578499],[-79.7028999,44.75375],[-79.7035,44.75209],[-79.70367,44.75063],[-79.7035499,44.7491799],[-79.7028699,44.7472399],[-79.70239,44.7464599],[-79.7011599,44.7450399],[-79.6993599,44.74364],[-79.69815,44.7429799],[-79.69096,44.7401899],[-79.68729,44.73856],[-79.6858999,44.73755],[-79.68414,44.7356499],[-79.68115,44.73153],[-79.67722,44.7261399],[-79.6738199,44.7215],[-79.6698799,44.71617],[-79.66612,44.7109699],[-79.66444,44.7085399],[-79.66408,44.70761],[-79.66411,44.7064099],[-79.6638399,44.7061499],[-79.6626199,44.70587],[-79.6616699,44.7058],[-79.66044,44.7059199],[-79.6592399,44.7063099],[-79.65886,44.70652],[-79.6572999,44.70781],[-79.64973,44.70875],[-79.6441699,44.7095599],[-79.643037,44.70786],[-79.64282,44.70304],[-79.6426599,44.70213],[-79.6422999,44.70131],[-79.64036,44.69898],[-79.64032,44.6982699],[-79.64009,44.6977],[-79.63835,44.69651],[-79.6348499,44.6927499],[-79.6308199,44.6882499],[-79.62742,44.6844499],[-79.6251099,44.6800099],[-79.6245399,44.6791899],[-79.62374,44.67852],[-79.62174,44.6776199],[-79.6148999,44.6751199],[-79.6047899,44.6731899],[-79.5987,44.67308],[-79.59112,44.67288],[-79.58475,44.67255],[-79.58373,44.67238],[-79.58149,44.6716099],[-79.57641,44.6686599],[-79.5704799,44.66519],[-79.5687099,44.6638999],[-79.56462,44.65948],[-79.5606699,44.6548999],[-79.55744,44.6511699],[-79.5537799,44.64704],[-79.55038,44.64317],[-79.5486199,44.6417799],[-79.54358,44.63911],[-79.53754,44.63634],[-79.5316499,44.6331],[-79.5257,44.62971],[-79.52116,44.6270699],[-79.52034,44.6267],[-79.51676,44.6253999],[-79.51502,44.6244799],[-79.51418,44.62384],[-79.51326,44.62298],[-79.51126,44.6206299],[-79.5105799,44.62],[-79.5095899,44.61927],[-79.5075299,44.61833],[-79.5032199,44.61695],[-79.50029,44.61576],[-79.4980099,44.61518],[-79.4890799,44.6144599],[-79.48165,44.61369],[-79.47432,44.61293],[-79.46803,44.6126899],[-79.46053,44.6123599],[-79.45413,44.6118399],[-79.44747,44.6109199],[-79.4400699,44.60983],[-79.43371,44.60926],[-79.4310499,44.6091199],[-79.4248,44.60933],[-79.4207399,44.60945],[-79.420321,44.608925],[-79.41721,44.60529],[-79.41373,44.60113],[-79.4104899,44.5971999],[-79.409419,44.595883102913874]],[[-79.409419,44.59384442103988],[-79.4138399,44.5932899],[-79.42029,44.5925999],[-79.4237899,44.59226],[-79.4244799,44.59174],[-79.4247099,44.5876],[-79.4247799,44.5867299],[-79.4264099,44.58333],[-79.4269,44.5826199],[-79.4277299,44.5819399],[-79.429608,44.5811919],[-79.4358399,44.57851],[-79.43944,44.577],[-79.44396,44.57397],[-79.4464099,44.5720899],[-79.44692,44.5711699],[-79.44698,44.5703799],[-79.44662,44.56948],[-79.44409,44.5665799],[-79.4433,44.5668399],[-79.4429299,44.5663799],[-79.4430599,44.5646999],[-79.44363,44.5630299],[-79.44597,44.55844],[-79.44855,44.5533799],[-79.45095,44.54873],[-79.45388,44.5437299],[-79.45666,44.53896],[-79.4591,44.5347699],[-79.4615399,44.53049],[-79.4639299,44.5253799],[-79.46622,44.52048],[-79.46826,44.5160499],[-79.47075,44.51082],[-79.4712499,44.5101199],[-79.47251,44.50885],[-79.4735499,44.50812],[-79.47469,44.5074899],[-79.4808699,44.5048599],[-79.4860899,44.5026599],[-79.4925599,44.4999099],[-79.4977799,44.49763],[-79.5032299,44.49427],[-79.50902,44.49067],[-79.51345,44.4879199],[-79.5178699,44.48525],[-79.5240099,44.48262],[-79.53035,44.47997],[-79.53662,44.4773],[-79.54292,44.4746599],[-79.5474099,44.47369],[-79.54972,44.47291],[-79.55593,44.4701999],[-79.56209,44.46742],[-79.56863,44.4645499],[-79.57457,44.46204],[-79.5811899,44.45932],[-79.58656,44.4569999],[-79.5930299,44.45414],[-79.59928,44.4514899],[-79.60569,44.44902],[-79.6112,44.44685],[-79.61684,44.44459],[-79.62262,44.44241],[-79.62906,44.4396999],[-79.63253,44.43841],[-79.63936,44.43699],[-79.64153,44.43612],[-79.64563,44.43405],[-79.64642,44.43355],[-79.6480099,44.43214],[-79.65109,44.4274899],[-79.6542199,44.42253],[-79.65581,44.4202799],[-79.65651,44.4196],[-79.6585,44.41825],[-79.65948,44.4178],[-79.66051,44.4174199],[-79.6676799,44.4155799],[-79.6734899,44.41415],[-79.68026,44.4121599],[-79.6827099,44.4113799],[-79.68372,44.41096],[-79.68559,44.4099399],[-79.6911199,44.40594],[-79.69613,44.4020899],[-79.69979,44.3976899],[-79.70299,44.3936799],[-79.70662,44.3888599],[-79.70925,44.38378],[-79.71138,44.3795399],[-79.71191,44.37792],[-79.7118899,44.37631],[-79.71151,44.37499],[-79.7106499,44.37355],[-79.7057199,44.36914],[-79.70186,44.3657499],[-79.69973,44.3635799],[-79.69928,44.3617099],[-79.69851,44.36113],[-79.6973499,44.36108],[-79.6972499,44.36386],[-79.6970899,44.3646999],[-79.6937799,44.36957],[-79.69054,44.3741599],[-79.6901939,44.374099],[-79.68986,44.37421],[-79.68972,44.374],[-79.6889199,44.3740199],[-79.6887799,44.37463],[-79.6891099,44.3749699],[-79.69021,44.37467],[-79.69343,44.37023],[-79.69622,44.36632],[-79.69731,44.36466],[-79.6976099,44.36225],[-79.69743,44.3617199],[-79.69293,44.35792],[-79.69182,44.3568199],[-79.6901899,44.35451],[-79.6883599,44.3493699],[-79.68706,44.34413],[-79.6857699,44.3388999],[-79.68446,44.33366],[-79.68332,44.32936],[-79.68277,44.3260299],[-79.68303,44.3209399],[-79.68338,44.31565],[-79.68361,44.31092],[-79.68397,44.3056099],[-79.6840899,44.3020999],[-79.68299,44.29696],[-79.68185,44.2917999],[-79.6806799,44.28738],[-79.6793899,44.2827399],[-79.6779799,44.2783699],[-79.67656,44.2731499],[-79.6753199,44.26848],[-79.67406,44.26381],[-79.67275,44.25883],[-79.6713499,44.2536199],[-79.6699699,44.24838],[-79.6685699,44.2431499],[-79.6671799,44.2379299],[-79.6657799,44.2327],[-79.66441,44.2276599],[-79.66329,44.2234199],[-79.66189,44.21818],[-79.6604199,44.2126599],[-79.6591399,44.20856],[-79.65647,44.20331],[-79.65391,44.1986],[-79.65164,44.19443],[-79.6489399,44.1894799],[-79.6464,44.1844899],[-79.64482,44.1793099],[-79.6443099,44.1748399],[-79.6439,44.16925],[-79.6435499,44.16425],[-79.6431599,44.1589599],[-79.64282,44.15394],[-79.6423699,44.1483499],[-79.6416099,44.1429999],[-79.6403299,44.1377799],[-79.6389899,44.13244],[-79.63793,44.12812],[-79.63683,44.12371],[-79.63555,44.11853],[-79.6342999,44.11334],[-79.6331799,44.10874],[-79.63188,44.1034799],[-79.63053,44.0979599],[-79.62922,44.0927],[-79.62791,44.08744],[-79.6266199,44.08222],[-79.62529,44.0769599],[-79.62423,44.07255],[-79.62348,44.06981],[-79.6223199,44.06742],[-79.61859,44.06286],[-79.61469,44.05836],[-79.61304565295919,44.05647]]]}},{"type":"Feature","properties":{"shape_id":"ONTC:1086","route_id":"ONTC","route_short_name":"ON","route_long_name":"Toronto - North Bay","route_color":"#00214D","route_text_color":"#E6B012","agency_id":"ontario-northland","agency_name":"Ontario Northland","source_route_id":"101"},"geometry":{"type":"LineString","coordinates":[[-79.61281453019323,44.05647],[-79.61597,44.0601499],[-79.61997,44.0647799],[-79.6217899,44.06699],[-79.62321,44.0696099],[-79.62444,44.07409],[-79.62574,44.07941],[-79.6268799,44.0839],[-79.6279899,44.08837],[-79.62923,44.09352],[-79.63054,44.0986899],[-79.63185,44.1040099],[-79.6331,44.10908],[-79.63447,44.11453],[-79.63575,44.11982],[-79.6368499,44.12428],[-79.6381399,44.1295399],[-79.6391799,44.1337499],[-79.6402999,44.1382699],[-79.64141,44.14275],[-79.6421699,44.14725],[-79.6423999,44.15044],[-79.64443,44.1785799],[-79.6456799,44.1833],[-79.6481499,44.18835],[-79.6508699,44.19333],[-79.6535299,44.1983],[-79.65627,44.20332],[-79.65854,44.20758],[-79.66007,44.2119299],[-79.6614799,44.21723],[-79.66284,44.22229],[-79.6642299,44.2274899],[-79.6656099,44.2325],[-79.6669,44.23766],[-79.6682699,44.2427299],[-79.66947,44.24723],[-79.67088,44.25255],[-79.67203,44.2567999],[-79.67331,44.2615699],[-79.6744999,44.2660999],[-79.67594,44.2714499],[-79.67714,44.27595],[-79.6785799,44.2812599],[-79.6799899,44.28662],[-79.68118,44.2911],[-79.6825,44.2958999],[-79.68378,44.30127],[-79.68372,44.30668],[-79.6833699,44.3118899],[-79.68306,44.3174699],[-79.68272,44.3229],[-79.6826099,44.32628],[-79.68348,44.3305299],[-79.68483,44.33586],[-79.68584,44.3402099],[-79.68696,44.3448399],[-79.6883,44.3501899],[-79.6889,44.35261],[-79.69015,44.3551499],[-79.6913499,44.35687],[-79.6951799,44.3607899],[-79.6955499,44.3616199],[-79.69556,44.36259],[-79.69642,44.3631899],[-79.69724,44.36356],[-79.69718,44.3644399],[-79.6945299,44.36846],[-79.6910499,44.37335],[-79.6901939,44.374099],[-79.6899299,44.3740199],[-79.6891099,44.3738899],[-79.6888199,44.37433],[-79.68912,44.37496],[-79.68994,44.37472],[-79.69068,44.3741199],[-79.6937099,44.3698199],[-79.6970499,44.36514],[-79.69724,44.36485],[-79.6975099,44.3641099],[-79.6986999,44.36415],[-79.69977,44.3646299],[-79.7039199,44.36803],[-79.70852,44.372],[-79.7101499,44.3734999],[-79.7107499,44.37426],[-79.7115699,44.376],[-79.71171,44.37669],[-79.71165,44.3783],[-79.71119,44.37959],[-79.7086099,44.3845299],[-79.7064499,44.3886899],[-79.7029999,44.39338],[-79.6994899,44.3978899],[-79.6961399,44.4018899],[-79.6909899,44.40585],[-79.68579,44.4096399],[-79.6839899,44.41071],[-79.68263,44.41129],[-79.6764699,44.41303],[-79.6694799,44.41491],[-79.66208,44.41687],[-79.65984,44.4175199],[-79.6584599,44.41812],[-79.65666,44.4193],[-79.65591,44.41999],[-79.65262,44.42473],[-79.6495899,44.42954],[-79.6478799,44.43204],[-79.6461399,44.43355],[-79.64137,44.43602],[-79.63897,44.43699],[-79.63228,44.43837],[-79.62572,44.4410199],[-79.62049,44.4432199],[-79.6138799,44.4456499],[-79.60752,44.4482399],[-79.60192,44.45039],[-79.5954999,44.45301],[-79.5891899,44.4557599],[-79.5828199,44.4585],[-79.57709,44.46092],[-79.57066,44.4635699],[-79.5644099,44.46631],[-79.5588899,44.4687599],[-79.55363,44.4711],[-79.54937,44.47298],[-79.5468799,44.47373],[-79.5446199,44.4740999],[-79.5435399,44.47436],[-79.53761,44.47675],[-79.5313,44.4794299],[-79.52484,44.48216],[-79.5187799,44.4846699],[-79.51674,44.4857199],[-79.51126,44.48916],[-79.50534,44.49284],[-79.4995799,44.4963899],[-79.4978799,44.49742],[-79.4920599,44.4999699],[-79.48643,44.50236],[-79.48112,44.50462],[-79.47442,44.50747],[-79.47295,44.50833],[-79.47219,44.5089299],[-79.4707599,44.51052],[-79.46877,44.51463],[-79.46638,44.5197699],[-79.4639699,44.52491],[-79.4619599,44.5292199],[-79.45926,44.53423],[-79.4564,44.53914],[-79.45371,44.5437299],[-79.45095,44.5484899],[-79.4488299,44.55254],[-79.4463,44.55747],[-79.4438399,44.56226],[-79.4429299,44.5642],[-79.44274,44.56491],[-79.4426899,44.56663],[-79.4433799,44.57152],[-79.4441399,44.5768799],[-79.4449999,44.5819299],[-79.44574,44.58701],[-79.4464999,44.59222],[-79.44724,44.59754],[-79.4473299,44.6000199],[-79.44622,44.60519],[-79.4455199,44.6077099],[-79.4448999,44.60867],[-79.4439099,44.60923],[-79.4432599,44.60988],[-79.44241,44.61018],[-79.43604,44.6094699],[-79.43184,44.60913],[-79.4251299,44.6093499],[-79.4205699,44.6094799],[-79.420321,44.608925],[-79.41974,44.60834],[-79.4215299,44.6074799],[-79.42229,44.6073],[-79.42289,44.6080999],[-79.4229999,44.6094],[-79.42932,44.6092399],[-79.43179,44.60916],[-79.43861,44.60979],[-79.4398399,44.60989],[-79.4423399,44.61028],[-79.4433499,44.61055],[-79.44409,44.61129],[-79.44415,44.61218],[-79.4433499,44.6167999],[-79.44268,44.61852],[-79.44123,44.6208299],[-79.43739,44.6252599],[-79.43385,44.62938],[-79.42988,44.63401],[-79.42614,44.6383299],[-79.42219,44.6429199],[-79.41973,44.64576],[-79.41882,44.64725],[-79.41748,44.65187],[-79.41592,44.65728],[-79.4148999,44.66063],[-79.41267,44.66532],[-79.4108599,44.6703999],[-79.409419,44.67345314805727]]}},{"type":"Feature","properties":{"shape_id":"ONTC:1087","route_id":"ONTC","route_short_name":"ON","route_long_name":"North Bay - Toronto","route_color":"#00214D","route_text_color":"#E6B012","agency_id":"ontario-northland","agency_name":"Ontario Northland","source_route_id":"102"},"geometry":{"type":"MultiLineString","coordinates":[[[-79.409419,44.67415830168672],[-79.41123,44.66986],[-79.41324,44.6645499],[-79.4151899,44.66038],[-79.4166399,44.65539],[-79.4181399,44.65003],[-79.4188299,44.64766],[-79.4193,44.6466599],[-79.4230299,44.64213],[-79.42662,44.63812],[-79.4298599,44.63434],[-79.43375,44.6298299],[-79.4375699,44.62542],[-79.4415199,44.6208299],[-79.44304,44.6183399],[-79.44474,44.61297],[-79.4454499,44.61228],[-79.4463999,44.6117],[-79.44685,44.61087],[-79.44003,44.60982],[-79.4335699,44.60923],[-79.4322,44.6091199],[-79.42469,44.60932],[-79.4209599,44.60942],[-79.420321,44.608925],[-79.41721,44.60529],[-79.41373,44.60113],[-79.4104899,44.5971999],[-79.409419,44.595883102913874]],[[-79.409419,44.59384442103988],[-79.4138399,44.5932899],[-79.42029,44.5925999],[-79.4237899,44.59226],[-79.4244799,44.59174],[-79.4247099,44.5876],[-79.4247799,44.5867299],[-79.4264099,44.58333],[-79.4269,44.5826199],[-79.4277299,44.5819399],[-79.429608,44.5811919],[-79.4358399,44.57851],[-79.43944,44.577],[-79.44396,44.57397],[-79.4464099,44.5720899],[-79.44692,44.5711699],[-79.44698,44.5703799],[-79.44662,44.56948],[-79.44409,44.5665799],[-79.4433,44.5668399],[-79.4429299,44.5663799],[-79.4430599,44.5646999],[-79.44363,44.5630299],[-79.44597,44.55844],[-79.44855,44.5533799],[-79.45095,44.54873],[-79.45388,44.5437299],[-79.45666,44.53896],[-79.4591,44.5347699],[-79.4615399,44.53049],[-79.4639299,44.5253799],[-79.46622,44.52048],[-79.46826,44.5160499],[-79.47075,44.51082],[-79.4712499,44.5101199],[-79.47251,44.50885],[-79.4735499,44.50812],[-79.47469,44.5074899],[-79.4808699,44.5048599],[-79.4860899,44.5026599],[-79.4925599,44.4999099],[-79.4977799,44.49763],[-79.5032299,44.49427],[-79.50902,44.49067],[-79.51345,44.4879199],[-79.5178699,44.48525],[-79.5240099,44.48262],[-79.53035,44.47997],[-79.53662,44.4773],[-79.54292,44.4746599],[-79.5474099,44.47369],[-79.54972,44.47291],[-79.55593,44.4701999],[-79.56209,44.46742],[-79.56863,44.4645499],[-79.57457,44.46204],[-79.5811899,44.45932],[-79.58656,44.4569999],[-79.5930299,44.45414],[-79.59928,44.4514899],[-79.60569,44.44902],[-79.6112,44.44685],[-79.61684,44.44459],[-79.62262,44.44241],[-79.62906,44.4396999],[-79.63253,44.43841],[-79.63936,44.43699],[-79.64153,44.43612],[-79.64563,44.43405],[-79.64642,44.43355],[-79.6480099,44.43214],[-79.65109,44.4274899],[-79.6542199,44.42253],[-79.65581,44.4202799],[-79.65651,44.4196],[-79.6585,44.41825],[-79.65948,44.4178],[-79.66051,44.4174199],[-79.6676799,44.4155799],[-79.6734899,44.41415],[-79.68026,44.4121599],[-79.6827099,44.4113799],[-79.68372,44.41096],[-79.68559,44.4099399],[-79.6911199,44.40594],[-79.69613,44.4020899],[-79.69979,44.3976899],[-79.70299,44.3936799],[-79.70662,44.3888599],[-79.70925,44.38378],[-79.71138,44.3795399],[-79.71191,44.37792],[-79.7118899,44.37631],[-79.71151,44.37499],[-79.7106499,44.37355],[-79.7057199,44.36914],[-79.70186,44.3657499],[-79.69973,44.3635799],[-79.69928,44.3617099],[-79.69851,44.36113],[-79.6973499,44.36108],[-79.6972499,44.36386],[-79.6970899,44.3646999],[-79.6937799,44.36957],[-79.69054,44.3741599],[-79.6901939,44.374099],[-79.68986,44.37421],[-79.68972,44.374],[-79.6889199,44.3740199],[-79.6887799,44.37463],[-79.6891099,44.3749699],[-79.69021,44.37467],[-79.69343,44.37023],[-79.69622,44.36632],[-79.69731,44.36466],[-79.6976099,44.36225],[-79.69743,44.3617199],[-79.69293,44.35792],[-79.69182,44.3568199],[-79.6901899,44.35451],[-79.6883599,44.3493699],[-79.68706,44.34413],[-79.6857699,44.3388999],[-79.68446,44.33366],[-79.68332,44.32936],[-79.68277,44.3260299],[-79.68303,44.3209399],[-79.68338,44.31565],[-79.68361,44.31092],[-79.68397,44.3056099],[-79.6840899,44.3020999],[-79.68299,44.29696],[-79.68185,44.2917999],[-79.6806799,44.28738],[-79.6793899,44.2827399],[-79.6779799,44.2783699],[-79.67656,44.2731499],[-79.6753199,44.26848],[-79.67406,44.26381],[-79.67275,44.25883],[-79.6713499,44.2536199],[-79.6699699,44.24838],[-79.6685699,44.2431499],[-79.6671799,44.2379299],[-79.6657799,44.2327],[-79.66441,44.2276599],[-79.66329,44.2234199],[-79.66189,44.21818],[-79.6604199,44.2126599],[-79.6591399,44.20856],[-79.65647,44.20331],[-79.65391,44.1986],[-79.65164,44.19443],[-79.6489399,44.1894799],[-79.6464,44.1844899],[-79.64482,44.1793099],[-79.6443099,44.1748399],[-79.6439,44.16925],[-79.6435499,44.16425],[-79.6431599,44.1589599],[-79.64282,44.15394],[-79.6423699,44.1483499],[-79.6416099,44.1429999],[-79.6403299,44.1377799],[-79.6389899,44.13244],[-79.63793,44.12812],[-79.63683,44.12371],[-79.63555,44.11853],[-79.6342999,44.11334],[-79.6331799,44.10874],[-79.63188,44.1034799],[-79.63053,44.0979599],[-79.62922,44.0927],[-79.62791,44.08744],[-79.6266199,44.08222],[-79.62529,44.0769599],[-79.62423,44.07255],[-79.62348,44.06981],[-79.6223199,44.06742],[-79.61859,44.06286],[-79.61469,44.05836],[-79.61304565295919,44.05647]]]}},{"type":"Feature","properties":{"shape_id":"ONTC:1089","route_id":"ONTC","route_short_name":"ON","route_long_name":"North Bay - Toronto","route_color":"#00214D","route_text_color":"#E6B012","agency_id":"ontario-northland","agency_name":"Ontario Northland","source_route_id":"102"},"geometry":{"type":"MultiLineString","coordinates":[[[-79.409419,44.67403668368704],[-79.41116,44.66999],[-79.41497,44.66086],[-79.4166399,44.65539],[-79.41783,44.6512299],[-79.41891,44.6474199],[-79.41974,44.64596],[-79.4230699,44.6420699],[-79.4270699,44.6376],[-79.43031,44.63379],[-79.4338399,44.6296999],[-79.4377399,44.6251399],[-79.4410199,44.6214199],[-79.4427299,44.61889],[-79.44451,44.61366],[-79.44485,44.6127299],[-79.4455799,44.6121699],[-79.44656,44.61157],[-79.4468299,44.6109499],[-79.4400399,44.60983],[-79.43378,44.6092499],[-79.43139,44.6091],[-79.42479,44.6093099],[-79.42101,44.6094399],[-79.42042,44.60914],[-79.420321,44.608925],[-79.41721,44.60529],[-79.41373,44.60113],[-79.4104899,44.5971999],[-79.409419,44.595883102913874]],[[-79.409419,44.59384442103988],[-79.4138399,44.5932899],[-79.42029,44.5925999],[-79.4237899,44.59226],[-79.4244799,44.59174],[-79.4247099,44.5876],[-79.4247799,44.5867299],[-79.4264099,44.58333],[-79.4269,44.5826199],[-79.4277299,44.5819399],[-79.429608,44.5811919],[-79.4358399,44.57851],[-79.43944,44.577],[-79.44396,44.57397],[-79.4464099,44.5720899],[-79.44692,44.5711699],[-79.44698,44.5703799],[-79.44662,44.56948],[-79.44409,44.5665799],[-79.4433,44.5668399],[-79.4429299,44.5663799],[-79.4430599,44.5646999],[-79.44363,44.5630299],[-79.44597,44.55844],[-79.44855,44.5533799],[-79.45095,44.54873],[-79.45388,44.5437299],[-79.45666,44.53896],[-79.4591,44.5347699],[-79.4615399,44.53049],[-79.4639299,44.5253799],[-79.46622,44.52048],[-79.46826,44.5160499],[-79.47075,44.51082],[-79.4712499,44.5101199],[-79.47251,44.50885],[-79.4735499,44.50812],[-79.47469,44.5074899],[-79.4808699,44.5048599],[-79.4860899,44.5026599],[-79.4925599,44.4999099],[-79.4977799,44.49763],[-79.5032299,44.49427],[-79.50902,44.49067],[-79.51345,44.4879199],[-79.5178699,44.48525],[-79.5240099,44.48262],[-79.53035,44.47997],[-79.53662,44.4773],[-79.54292,44.4746599],[-79.5474099,44.47369],[-79.54972,44.47291],[-79.55593,44.4701999],[-79.56209,44.46742],[-79.56863,44.4645499],[-79.57457,44.46204],[-79.5811899,44.45932],[-79.58656,44.4569999],[-79.5930299,44.45414],[-79.59928,44.4514899],[-79.60569,44.44902],[-79.6112,44.44685],[-79.61684,44.44459],[-79.62262,44.44241],[-79.62906,44.4396999],[-79.63253,44.43841],[-79.63936,44.43699],[-79.64153,44.43612],[-79.64563,44.43405],[-79.64642,44.43355],[-79.6480099,44.43214],[-79.65109,44.4274899],[-79.6542199,44.42253],[-79.65581,44.4202799],[-79.65651,44.4196],[-79.6585,44.41825],[-79.65948,44.4178],[-79.66051,44.4174199],[-79.6676799,44.4155799],[-79.6734899,44.41415],[-79.68026,44.4121599],[-79.6827099,44.4113799],[-79.68372,44.41096],[-79.68559,44.4099399],[-79.6911199,44.40594],[-79.69613,44.4020899],[-79.69979,44.3976899],[-79.70299,44.3936799],[-79.70662,44.3888599],[-79.70925,44.38378],[-79.71138,44.3795399],[-79.71191,44.37792],[-79.7118899,44.37631],[-79.71151,44.37499],[-79.7106499,44.37355],[-79.7057199,44.36914],[-79.70186,44.3657499],[-79.69973,44.3635799],[-79.69928,44.3617099],[-79.69851,44.36113],[-79.6973499,44.36108],[-79.6972499,44.36386],[-79.6970899,44.3646999],[-79.6937799,44.36957],[-79.69054,44.3741599],[-79.6901939,44.374099],[-79.68988,44.37417],[-79.6893699,44.37391],[-79.68876,44.37449],[-79.6888199,44.37496],[-79.6892799,44.3749099],[-79.69038,44.3746099],[-79.69342,44.37023],[-79.69625,44.3662],[-79.69733,44.3645399],[-79.6976,44.36187],[-79.69293,44.35792],[-79.6919299,44.3569599],[-79.6907599,44.3555],[-79.68979,44.35386],[-79.6880899,44.3484799],[-79.6869799,44.3440499],[-79.6856699,44.33868],[-79.6843199,44.33333],[-79.68305,44.32818],[-79.68279,44.32618],[-79.68303,44.3207],[-79.6832999,44.31607],[-79.6835299,44.3108299],[-79.6838599,44.3061799],[-79.684,44.30157],[-79.68299,44.29703],[-79.68188,44.29195],[-79.68069,44.28751],[-79.67947,44.28304],[-79.6777899,44.2777799],[-79.67636,44.27248],[-79.6751899,44.2680599],[-79.6737499,44.26273],[-79.67249,44.25797],[-79.67128,44.25351],[-79.6700699,44.24895],[-79.6686999,44.24382],[-79.66724,44.23848],[-79.6658699,44.23319],[-79.6643999,44.2277],[-79.66314,44.2231299],[-79.66178,44.2180099],[-79.66057,44.2135],[-79.6589199,44.2082299],[-79.6563,44.2031699],[-79.654,44.1989299],[-79.6515299,44.1943999],[-79.64898,44.1895799],[-79.6467299,44.18529],[-79.64514,44.1808499],[-79.64435,44.1757599],[-79.64397,44.17121],[-79.6435899,44.16576],[-79.6432199,44.16068],[-79.64295,44.1561999],[-79.64258,44.15092],[-79.64222,44.14624],[-79.6411,44.14096],[-79.6398,44.13566],[-79.63854,44.1306299],[-79.63723,44.12533],[-79.6360999,44.1207799],[-79.63481,44.1156299],[-79.63372,44.11114],[-79.6326199,44.10669],[-79.63149,44.1021699],[-79.6303,44.09733],[-79.62919,44.09282],[-79.6281599,44.08859],[-79.62703,44.0841099],[-79.6259599,44.0795899],[-79.62469,44.07448],[-79.62358,44.0699999],[-79.62286,44.06837],[-79.6215199,44.0662899],[-79.6181499,44.06241],[-79.6143699,44.05807],[-79.61298222111425,44.05647]]]}},{"type":"Feature","properties":{"shape_id":"ONTC:1090","route_id":"ONTC","route_short_name":"ON","route_long_name":"Toronto - Sudbury","route_color":"#00214D","route_text_color":"#E6B012","agency_id":"ontario-northland","agency_name":"Ontario Northland","source_route_id":"201"},"geometry":{"type":"LineString","coordinates":[[-79.61281453019323,44.05647],[-79.61597,44.0601499],[-79.61997,44.0647799],[-79.6217899,44.06699],[-79.62321,44.0696099],[-79.62444,44.07409],[-79.62574,44.07941],[-79.6268799,44.0839],[-79.6279899,44.08837],[-79.62923,44.09352],[-79.63054,44.0986899],[-79.63185,44.1040099],[-79.6331,44.10908],[-79.63447,44.11453],[-79.63575,44.11982],[-79.6368499,44.12428],[-79.6381399,44.1295399],[-79.6391799,44.1337499],[-79.6402999,44.1382699],[-79.64141,44.14275],[-79.6421699,44.14725],[-79.6423999,44.15044],[-79.64443,44.1785799],[-79.6456799,44.1833],[-79.6481499,44.18835],[-79.6508699,44.19333],[-79.6535299,44.1983],[-79.65627,44.20332],[-79.65854,44.20758],[-79.66007,44.2119299],[-79.6614799,44.21723],[-79.66284,44.22229],[-79.6642299,44.2274899],[-79.6656099,44.2325],[-79.6669,44.23766],[-79.6682699,44.2427299],[-79.66947,44.24723],[-79.67088,44.25255],[-79.67203,44.2567999],[-79.67331,44.2615699],[-79.6744999,44.2660999],[-79.67594,44.2714499],[-79.67714,44.27595],[-79.6785799,44.2812599],[-79.6799899,44.28662],[-79.68118,44.2911],[-79.6825,44.2958999],[-79.68378,44.30127],[-79.68372,44.30668],[-79.6833699,44.3118899],[-79.68306,44.3174699],[-79.68272,44.3229],[-79.6826099,44.32628],[-79.68348,44.3305299],[-79.68483,44.33586],[-79.68584,44.3402099],[-79.68696,44.3448399],[-79.6883,44.3501899],[-79.6889,44.35261],[-79.69015,44.3551499],[-79.6913499,44.35687],[-79.6951799,44.3607899],[-79.6955499,44.3616199],[-79.69556,44.36259],[-79.69642,44.3631899],[-79.69724,44.36356],[-79.69718,44.3644399],[-79.6945299,44.36846],[-79.6910499,44.37335],[-79.6901939,44.374099],[-79.6895099,44.37395],[-79.6889199,44.3740199],[-79.6887799,44.3748799],[-79.68946,44.37489],[-79.69041,44.3745199],[-79.69324,44.3705399],[-79.69631,44.36612],[-79.69734,44.36456],[-79.6978099,44.36403],[-79.6989599,44.36423],[-79.70003,44.3648299],[-79.7045,44.3686099],[-79.7093699,44.3728],[-79.71067,44.37424],[-79.71126,44.37526],[-79.71168,44.37657],[-79.7116999,44.3776299],[-79.7115699,44.37841],[-79.7113299,44.37917],[-79.70892,44.3837999],[-79.70637,44.3886899],[-79.7029699,44.3933899],[-79.6996,44.39773],[-79.69645,44.40155],[-79.6940699,44.40362],[-79.6894399,44.40696],[-79.68506,44.4100699],[-79.68308,44.41107],[-79.68167,44.4115799],[-79.6749299,44.4133799],[-79.66888,44.4149899],[-79.6631099,44.41655],[-79.65936,44.4176499],[-79.65838,44.4181099],[-79.65669,44.4192],[-79.6551699,44.42068],[-79.65193,44.4251999],[-79.6503099,44.42665],[-79.64991,44.42745],[-79.64997,44.4283099],[-79.65052,44.42915],[-79.65129,44.42972],[-79.65546,44.43185],[-79.6562499,44.43237],[-79.6569799,44.4329799],[-79.6612099,44.43769],[-79.6647599,44.4417399],[-79.6678799,44.4453199],[-79.67179,44.44989],[-79.6750999,44.4537499],[-79.6790399,44.4583],[-79.68234,44.46215],[-79.68571,44.46598],[-79.6896099,44.47022],[-79.6930799,44.474],[-79.69721,44.47852],[-79.7006699,44.48229],[-79.70482,44.48677],[-79.70906,44.4911699],[-79.7130699,44.49537],[-79.71729,44.4997799],[-79.72088,44.50354],[-79.7251,44.5079499],[-79.72871,44.5117],[-79.7329399,44.51614],[-79.7372699,44.52066],[-79.7413099,44.5248799],[-79.74473,44.52862],[-79.74555,44.53018],[-79.74736,44.53534],[-79.7492499,44.5407999],[-79.7500399,44.54321],[-79.7501699,44.5451699],[-79.7499999,44.546],[-79.7493,44.54761],[-79.74533,44.5520999],[-79.74169,44.55608],[-79.73801,44.5600399],[-79.7356899,44.5623],[-79.7331999,44.5640799],[-79.72997,44.5657],[-79.72402,44.56778],[-79.71733,44.57006],[-79.7153,44.57096],[-79.7098899,44.5746199],[-79.7043,44.5785199],[-79.69858,44.5819399],[-79.69365,44.5847],[-79.68873,44.58744],[-79.68679,44.5887999],[-79.6822499,44.59269],[-79.6773299,44.59706],[-79.6740799,44.6012099],[-79.67088,44.60571],[-79.6676499,44.61019],[-79.66429,44.61495],[-79.66178,44.61996],[-79.65958,44.62505],[-79.65771,44.6293399],[-79.65572,44.63388],[-79.6534999,44.63897],[-79.65129,44.64405],[-79.64922,44.64884],[-79.64701,44.65393],[-79.6435899,44.66171],[-79.64258,44.66441],[-79.64236,44.6660699],[-79.6424699,44.6677399],[-79.64363,44.6720999],[-79.6432,44.67472],[-79.6438,44.67994],[-79.6439099,44.6817199],[-79.64354,44.68351],[-79.64321,44.68427],[-79.6419699,44.68597],[-79.63762,44.69017],[-79.6347899,44.69273],[-79.63802,44.6962999],[-79.6390899,44.69717],[-79.6400399,44.69779],[-79.64045,44.69911],[-79.6417799,44.70061],[-79.64223,44.7012899],[-79.6427599,44.70314],[-79.643037,44.70786],[-79.64397,44.70942],[-79.64416,44.7095899],[-79.6513999,44.70852],[-79.65506,44.7079899],[-79.6563899,44.7081],[-79.65729,44.70784],[-79.6580899,44.70709],[-79.6582,44.7064999],[-79.65751,44.7058],[-79.6582599,44.7050899],[-79.6593799,44.70535],[-79.66146,44.70663],[-79.6629899,44.7079499],[-79.66671,44.71266],[-79.67023,44.7174399],[-79.67366,44.7221299],[-79.6766099,44.7261399],[-79.67974,44.73042],[-79.68328,44.7352299],[-79.68444,44.73676],[-79.68618,44.7383],[-79.68804,44.7393699],[-79.69362,44.7415599],[-79.6979,44.74325],[-79.69918,44.74395],[-79.70079,44.74519],[-79.70166,44.7461199],[-79.70266,44.74769],[-79.70299,44.7485199],[-79.7032599,44.74965],[-79.70327,44.75132],[-79.70304,44.75238],[-79.7027299,44.75316],[-79.70006,44.75724],[-79.69671,44.76222],[-79.69386,44.76649],[-79.6912499,44.77063],[-79.6907599,44.77243],[-79.6908899,44.77425],[-79.6912,44.77526],[-79.69185,44.77648],[-79.6956099,44.78093],[-79.69806304070352,44.78376]]}},{"type":"Feature","properties":{"shape_id":"ONTC:1091","route_id":"ONTC","route_short_name":"ON","route_long_name":"Sudbury - Toronto","route_color":"#00214D","route_text_color":"#E6B012","agency_id":"ontario-northland","agency_name":"Ontario Northland","source_route_id":"202"},"geometry":{"type":"MultiLineString","coordinates":[[[-79.69852008563846,44.78376],[-79.69763,44.7827299],[-79.6942399,44.7788],[-79.69235,44.77653],[-79.69183,44.77572],[-79.69137,44.7745899],[-79.69117,44.77346],[-79.6911799,44.77259],[-79.6913799,44.77145],[-79.69168,44.7706099],[-79.69439,44.76642],[-79.69717,44.76226],[-79.70016,44.7578499],[-79.7028999,44.75375],[-79.7035,44.75209],[-79.70367,44.75063],[-79.7035499,44.7491799],[-79.7028699,44.7472399],[-79.70239,44.7464599],[-79.7011599,44.7450399],[-79.6993599,44.74364],[-79.69815,44.7429799],[-79.69096,44.7401899],[-79.68729,44.73856],[-79.6858999,44.73755],[-79.68414,44.7356499],[-79.68115,44.73153],[-79.67722,44.7261399],[-79.6738199,44.7215],[-79.6698799,44.71617],[-79.66612,44.7109699],[-79.66444,44.7085399],[-79.66408,44.70761],[-79.66411,44.7064099],[-79.6638399,44.7061499],[-79.6626199,44.70587],[-79.6616699,44.7058],[-79.66044,44.7059199],[-79.6592399,44.7063099],[-79.65886,44.70652],[-79.6572999,44.70781],[-79.64973,44.70875],[-79.6441699,44.7095599],[-79.643037,44.70786],[-79.64282,44.70304],[-79.6426599,44.70213],[-79.6422999,44.70131],[-79.64036,44.69898],[-79.64032,44.6982699],[-79.64009,44.6977],[-79.63835,44.69651],[-79.6348499,44.6927499],[-79.6308199,44.6882499],[-79.62742,44.6844499],[-79.6251099,44.6800099],[-79.6245399,44.6791899],[-79.62374,44.67852],[-79.62174,44.6776199],[-79.6148999,44.6751199],[-79.6047899,44.6731899],[-79.5987,44.67308],[-79.59112,44.67288],[-79.58475,44.67255],[-79.58373,44.67238],[-79.58149,44.6716099],[-79.57641,44.6686599],[-79.5704799,44.66519],[-79.5687099,44.6638999],[-79.56462,44.65948],[-79.5606699,44.6548999],[-79.55744,44.6511699],[-79.5537799,44.64704],[-79.55038,44.64317],[-79.5486199,44.6417799],[-79.54358,44.63911],[-79.53754,44.63634],[-79.5316499,44.6331],[-79.5257,44.62971],[-79.52116,44.6270699],[-79.52034,44.6267],[-79.51676,44.6253999],[-79.51502,44.6244799],[-79.51418,44.62384],[-79.51326,44.62298],[-79.51126,44.6206299],[-79.5105799,44.62],[-79.5095899,44.61927],[-79.5075299,44.61833],[-79.5032199,44.61695],[-79.50029,44.61576],[-79.4980099,44.61518],[-79.4890799,44.6144599],[-79.48165,44.61369],[-79.47432,44.61293],[-79.46803,44.6126899],[-79.46053,44.6123599],[-79.45413,44.6118399],[-79.44747,44.6109199],[-79.4400699,44.60983],[-79.43371,44.60926],[-79.4310499,44.6091199],[-79.4248,44.60933],[-79.4207399,44.60945],[-79.420321,44.608925],[-79.41721,44.60529],[-79.41373,44.60113],[-79.4104899,44.5971999],[-79.409419,44.595883102913874]],[[-79.409419,44.59384442103988],[-79.4138399,44.5932899],[-79.42029,44.5925999],[-79.4237899,44.59226],[-79.4244799,44.59174],[-79.4247099,44.5876],[-79.4247799,44.5867299],[-79.4264099,44.58333],[-79.4269,44.5826199],[-79.4277299,44.5819399],[-79.429608,44.5811919],[-79.4358399,44.57851],[-79.43944,44.577],[-79.44396,44.57397],[-79.4464099,44.5720899],[-79.44692,44.5711699],[-79.44698,44.5703799],[-79.44662,44.56948],[-79.44409,44.5665799],[-79.4433,44.5668399],[-79.4429299,44.5663799],[-79.4430599,44.5646999],[-79.44363,44.5630299],[-79.44597,44.55844],[-79.44855,44.5533799],[-79.45095,44.54873],[-79.45388,44.5437299],[-79.45666,44.53896],[-79.4591,44.5347699],[-79.4615399,44.53049],[-79.4639299,44.5253799],[-79.46622,44.52048],[-79.46826,44.5160499],[-79.47075,44.51082],[-79.4712499,44.5101199],[-79.47251,44.50885],[-79.4735499,44.50812],[-79.47469,44.5074899],[-79.4808699,44.5048599],[-79.4860899,44.5026599],[-79.4925599,44.4999099],[-79.4977799,44.49763],[-79.5032299,44.49427],[-79.50902,44.49067],[-79.51345,44.4879199],[-79.5178699,44.48525],[-79.5240099,44.48262],[-79.53035,44.47997],[-79.53662,44.4773],[-79.54292,44.4746599],[-79.5474099,44.47369],[-79.54972,44.47291],[-79.55593,44.4701999],[-79.56209,44.46742],[-79.56863,44.4645499],[-79.57457,44.46204],[-79.5811899,44.45932],[-79.58656,44.4569999],[-79.5930299,44.45414],[-79.59928,44.4514899],[-79.60569,44.44902],[-79.6112,44.44685],[-79.61684,44.44459],[-79.62262,44.44241],[-79.62906,44.4396999],[-79.63253,44.43841],[-79.63936,44.43699],[-79.64153,44.43612],[-79.64563,44.43405],[-79.64642,44.43355],[-79.6480099,44.43214],[-79.65109,44.4274899],[-79.6542199,44.42253],[-79.65581,44.4202799],[-79.65651,44.4196],[-79.6585,44.41825],[-79.65948,44.4178],[-79.66051,44.4174199],[-79.6676799,44.4155799],[-79.6734899,44.41415],[-79.68026,44.4121599],[-79.6827099,44.4113799],[-79.68372,44.41096],[-79.68559,44.4099399],[-79.6911199,44.40594],[-79.69613,44.4020899],[-79.69979,44.3976899],[-79.70299,44.3936799],[-79.70662,44.3888599],[-79.70925,44.38378],[-79.71138,44.3795399],[-79.71191,44.37792],[-79.7118899,44.37631],[-79.71151,44.37499],[-79.7106499,44.37355],[-79.7057199,44.36914],[-79.70186,44.3657499],[-79.69973,44.3635799],[-79.69928,44.3617099],[-79.69851,44.36113],[-79.6973499,44.36108],[-79.6972499,44.36386],[-79.6970899,44.3646999],[-79.6937799,44.36957],[-79.69054,44.3741599],[-79.6901939,44.374099],[-79.68986,44.37421],[-79.68972,44.374],[-79.6889199,44.3740199],[-79.6887799,44.37463],[-79.6891099,44.3749699],[-79.69021,44.37467],[-79.69343,44.37023],[-79.69622,44.36632],[-79.69731,44.36466],[-79.6976099,44.36225],[-79.69743,44.3617199],[-79.69293,44.35792],[-79.69182,44.3568199],[-79.6901899,44.35451],[-79.6883599,44.3493699],[-79.68706,44.34413],[-79.6857699,44.3388999],[-79.68446,44.33366],[-79.68332,44.32936],[-79.68277,44.3260299],[-79.68303,44.3209399],[-79.68338,44.31565],[-79.68361,44.31092],[-79.68397,44.3056099],[-79.6840899,44.3020999],[-79.68299,44.29696],[-79.68185,44.2917999],[-79.6806799,44.28738],[-79.6793899,44.2827399],[-79.6779799,44.2783699],[-79.67656,44.2731499],[-79.6753199,44.26848],[-79.67406,44.26381],[-79.67275,44.25883],[-79.6713499,44.2536199],[-79.6699699,44.24838],[-79.6685699,44.2431499],[-79.6671799,44.2379299],[-79.6657799,44.2327],[-79.66441,44.2276599],[-79.66329,44.2234199],[-79.66189,44.21818],[-79.6604199,44.2126599],[-79.6591399,44.20856],[-79.65647,44.20331],[-79.65391,44.1986],[-79.65164,44.19443],[-79.6489399,44.1894799],[-79.6464,44.1844899],[-79.64482,44.1793099],[-79.6443099,44.1748399],[-79.6439,44.16925],[-79.6435499,44.16425],[-79.6431599,44.1589599],[-79.64282,44.15394],[-79.6423699,44.1483499],[-79.6416099,44.1429999],[-79.6403299,44.1377799],[-79.6389899,44.13244],[-79.63793,44.12812],[-79.63683,44.12371],[-79.63555,44.11853],[-79.6342999,44.11334],[-79.6331799,44.10874],[-79.63188,44.1034799],[-79.63053,44.0979599],[-79.62922,44.0927],[-79.62791,44.08744],[-79.6266199,44.08222],[-79.62529,44.0769599],[-79.62423,44.07255],[-79.62348,44.06981],[-79.6223199,44.06742],[-79.61859,44.06286],[-79.61469,44.05836],[-79.61304565295919,44.05647]]]}},{"type":"Feature","properties":{"shape_id":"ONTC:1092","route_id":"ONTC","route_short_name":"ON","route_long_name":"Toronto - Sudbury","route_color":"#00214D","route_text_color":"#E6B012","agency_id":"ontario-northland","agency_name":"Ontario Northland","source_route_id":"201"},"geometry":{"type":"LineString","coordinates":[[-79.61277556387635,44.05647],[-79.61415,44.05806],[-79.6174499,44.0618599],[-79.62151,44.0666499],[-79.6225099,44.06817],[-79.6232599,44.06976],[-79.62453,44.07442],[-79.6258299,44.07967],[-79.62699,44.08433],[-79.62827,44.08949],[-79.6295399,44.09464],[-79.6306199,44.0989799],[-79.63179,44.10372],[-79.63287,44.10812],[-79.63415,44.11337],[-79.63536,44.1181799],[-79.6366299,44.12348],[-79.6379099,44.12861],[-79.6392199,44.13393],[-79.6404399,44.13884],[-79.6416,44.14352],[-79.64229,44.1487399],[-79.64262,44.1532699],[-79.6429999,44.15888],[-79.64337,44.1640399],[-79.64366,44.1683799],[-79.6440799,44.1738],[-79.6444399,44.17867],[-79.64597,44.18411],[-79.64856,44.18907],[-79.6511999,44.19402],[-79.65391,44.1989399],[-79.65676,44.20414],[-79.65919,44.20917],[-79.6607,44.2143599],[-79.66195,44.21901],[-79.66333,44.2241799],[-79.66477,44.22957],[-79.66593,44.23414],[-79.66731,44.23936],[-79.66855,44.24403],[-79.6699399,44.24923],[-79.67133,44.2544399],[-79.67258,44.2588799],[-79.6737,44.26326],[-79.6750999,44.2684899],[-79.6763099,44.2730899],[-79.6776199,44.27789],[-79.6787699,44.28216],[-79.68023,44.2875999],[-79.68161,44.2928099],[-79.6828699,44.2973],[-79.68388,44.30176],[-79.6836699,44.3068899],[-79.6833299,44.3122799],[-79.6830099,44.31762],[-79.68273,44.3231099],[-79.68267,44.32719],[-79.6839599,44.33252],[-79.6851799,44.33763],[-79.68648,44.3429699],[-79.68758,44.34735],[-79.68893,44.3526499],[-79.6897299,44.3544299],[-79.6907,44.35602],[-79.69493,44.36054],[-79.69546,44.36121],[-79.69556,44.36216],[-79.69575,44.36297],[-79.69654,44.36317],[-79.69721,44.3636199],[-79.69711,44.36456],[-79.69402,44.3691299],[-79.6910799,44.3733399],[-79.69008,44.3747099],[-79.68887,44.3748499],[-79.6888,44.37456],[-79.6901939,44.374099],[-79.6899299,44.3740199],[-79.6891099,44.3738899],[-79.6888199,44.37433],[-79.68912,44.37496],[-79.68994,44.37472],[-79.69068,44.3741199],[-79.6937099,44.3698199],[-79.6970499,44.36514],[-79.69724,44.36485],[-79.6975099,44.3641099],[-79.6986999,44.36415],[-79.69977,44.3646299],[-79.7039199,44.36803],[-79.70852,44.372],[-79.7101499,44.3734999],[-79.7107499,44.37426],[-79.7115699,44.376],[-79.71171,44.37669],[-79.71165,44.3783],[-79.71119,44.37959],[-79.7086099,44.3845299],[-79.7064499,44.3886899],[-79.7029999,44.39338],[-79.6994899,44.3978899],[-79.6961399,44.4018899],[-79.6909899,44.40585],[-79.68579,44.4096399],[-79.6839899,44.41071],[-79.68263,44.41129],[-79.6764699,44.41303],[-79.6694799,44.41491],[-79.66208,44.41687],[-79.65984,44.4175199],[-79.6584599,44.41812],[-79.65666,44.4193],[-79.65591,44.41999],[-79.65262,44.42473],[-79.6495899,44.42954],[-79.6478799,44.43204],[-79.6461399,44.43355],[-79.64137,44.43602],[-79.63897,44.43699],[-79.63228,44.43837],[-79.62572,44.4410199],[-79.62049,44.4432199],[-79.6138799,44.4456499],[-79.60752,44.4482399],[-79.60192,44.45039],[-79.5954999,44.45301],[-79.5891899,44.4557599],[-79.5828199,44.4585],[-79.57709,44.46092],[-79.57066,44.4635699],[-79.5644099,44.46631],[-79.5588899,44.4687599],[-79.55363,44.4711],[-79.54937,44.47298],[-79.5468799,44.47373],[-79.5446199,44.4740999],[-79.5435399,44.47436],[-79.53761,44.47675],[-79.5313,44.4794299],[-79.52484,44.48216],[-79.5187799,44.4846699],[-79.51674,44.4857199],[-79.51126,44.48916],[-79.50534,44.49284],[-79.4995799,44.4963899],[-79.4978799,44.49742],[-79.4920599,44.4999699],[-79.48643,44.50236],[-79.48112,44.50462],[-79.47442,44.50747],[-79.47295,44.50833],[-79.47219,44.5089299],[-79.4707599,44.51052],[-79.46877,44.51463],[-79.46638,44.5197699],[-79.4639699,44.52491],[-79.4619599,44.5292199],[-79.45926,44.53423],[-79.4564,44.53914],[-79.45371,44.5437299],[-79.45095,44.5484899],[-79.4488299,44.55254],[-79.4463,44.55747],[-79.4438399,44.56226],[-79.4429299,44.5642],[-79.44274,44.56491],[-79.4426899,44.56663],[-79.4433799,44.57152],[-79.4441399,44.5768799],[-79.4449999,44.5819299],[-79.44574,44.58701],[-79.4464999,44.59222],[-79.44724,44.59754],[-79.4473299,44.6000199],[-79.44622,44.60519],[-79.4455199,44.6077099],[-79.4448999,44.60867],[-79.4439099,44.60923],[-79.4432599,44.60988],[-79.44241,44.61018],[-79.43604,44.6094699],[-79.43184,44.60913],[-79.4251299,44.6093499],[-79.4205699,44.6094799],[-79.420321,44.608925],[-79.4189699,44.60745],[-79.41812,44.6074],[-79.41705,44.6078299],[-79.41702,44.60837],[-79.4180799,44.6096],[-79.41885,44.6102299],[-79.42065,44.6095399],[-79.42732,44.60923],[-79.4323,44.6091799],[-79.4389499,44.6097999],[-79.44612,44.6107599],[-79.45324,44.6118399],[-79.45979,44.61235],[-79.46573,44.61271],[-79.4733199,44.61291],[-79.48016,44.61356],[-79.4873099,44.61429],[-79.49483,44.6149599],[-79.49691,44.61503],[-79.4995,44.6155099],[-79.5048699,44.61753],[-79.50817,44.61861],[-79.51023,44.61979],[-79.51092,44.62039],[-79.51352,44.62331],[-79.5152699,44.62465],[-79.51742,44.62568],[-79.52067,44.62686],[-79.52661,44.63028],[-79.5315,44.6330499],[-79.53711,44.63614],[-79.5432999,44.639],[-79.54845,44.6417699],[-79.54937,44.64231],[-79.5501299,44.64295],[-79.55396,44.6473],[-79.55717,44.65098],[-79.5611999,44.65561],[-79.56449,44.65942],[-79.56775,44.6631499],[-79.5695299,44.6646599],[-79.57484,44.66778],[-79.5797,44.67064],[-79.58176,44.67176],[-79.5825599,44.67208],[-79.58373,44.67241],[-79.5849599,44.67261],[-79.5918199,44.6729199],[-79.59831,44.6730599],[-79.60437,44.67317],[-79.6069199,44.6735],[-79.6139499,44.6749299],[-79.6149999,44.67518],[-79.62158,44.67754],[-79.6236899,44.6784799],[-79.62447,44.6791299],[-79.6250399,44.67991],[-79.62669,44.6834299],[-79.62719,44.6842499],[-79.63067,44.68818],[-79.6343299,44.69224],[-79.63762,44.69593],[-79.63914,44.69721],[-79.64039,44.69803],[-79.6401399,44.69877],[-79.64205,44.701],[-79.64252,44.70193],[-79.64294,44.7071899],[-79.643037,44.70786],[-79.64397,44.70942],[-79.64416,44.7095899],[-79.6513999,44.70852],[-79.65506,44.7079899],[-79.6563899,44.7081],[-79.65729,44.70784],[-79.6580899,44.70709],[-79.6582,44.7064999],[-79.65751,44.7058],[-79.6582599,44.7050899],[-79.6593799,44.70535],[-79.66146,44.70663],[-79.6629899,44.7079499],[-79.66671,44.71266],[-79.67023,44.7174399],[-79.67366,44.7221299],[-79.6766099,44.7261399],[-79.67974,44.73042],[-79.68328,44.7352299],[-79.68444,44.73676],[-79.68618,44.7383],[-79.68804,44.7393699],[-79.69362,44.7415599],[-79.6979,44.74325],[-79.69918,44.74395],[-79.70079,44.74519],[-79.70166,44.7461199],[-79.70266,44.74769],[-79.70299,44.7485199],[-79.7032599,44.74965],[-79.70327,44.75132],[-79.70304,44.75238],[-79.7027299,44.75316],[-79.70006,44.75724],[-79.69671,44.76222],[-79.69386,44.76649],[-79.6912499,44.77063],[-79.6907599,44.77243],[-79.6908899,44.77425],[-79.6912,44.77526],[-79.69185,44.77648],[-79.6956099,44.78093],[-79.69806304070352,44.78376]]}},{"type":"Feature","properties":{"shape_id":"ONTC:1093","route_id":"ONTC","route_short_name":"ON","route_long_name":"Toronto - Sudbury","route_color":"#00214D","route_text_color":"#E6B012","agency_id":"ontario-northland","agency_name":"Ontario Northland","source_route_id":"201"},"geometry":{"type":"LineString","coordinates":[[-79.61277556387635,44.05647],[-79.61415,44.05806],[-79.6174499,44.0618599],[-79.62151,44.0666499],[-79.6225099,44.06817],[-79.6232599,44.06976],[-79.62453,44.07442],[-79.6258299,44.07967],[-79.62699,44.08433],[-79.62827,44.08949],[-79.6295399,44.09464],[-79.6306199,44.0989799],[-79.63179,44.10372],[-79.63287,44.10812],[-79.63415,44.11337],[-79.63536,44.1181799],[-79.6366299,44.12348],[-79.6379099,44.12861],[-79.6392199,44.13393],[-79.6404399,44.13884],[-79.6416,44.14352],[-79.64229,44.1487399],[-79.64262,44.1532699],[-79.6429999,44.15888],[-79.64337,44.1640399],[-79.64366,44.1683799],[-79.6440799,44.1738],[-79.6444399,44.17867],[-79.64597,44.18411],[-79.64856,44.18907],[-79.6511999,44.19402],[-79.65391,44.1989399],[-79.65676,44.20414],[-79.65919,44.20917],[-79.6607,44.2143599],[-79.66195,44.21901],[-79.66333,44.2241799],[-79.66477,44.22957],[-79.66593,44.23414],[-79.66731,44.23936],[-79.66855,44.24403],[-79.6699399,44.24923],[-79.67133,44.2544399],[-79.67258,44.2588799],[-79.6737,44.26326],[-79.6750999,44.2684899],[-79.6763099,44.2730899],[-79.6776199,44.27789],[-79.6787699,44.28216],[-79.68023,44.2875999],[-79.68161,44.2928099],[-79.6828699,44.2973],[-79.68388,44.30176],[-79.6836699,44.3068899],[-79.6833299,44.3122799],[-79.6830099,44.31762],[-79.68273,44.3231099],[-79.68267,44.32719],[-79.6839599,44.33252],[-79.6851799,44.33763],[-79.68648,44.3429699],[-79.68758,44.34735],[-79.68893,44.3526499],[-79.6897299,44.3544299],[-79.6907,44.35602],[-79.69493,44.36054],[-79.69546,44.36121],[-79.69556,44.36216],[-79.69575,44.36297],[-79.69654,44.36317],[-79.69721,44.3636199],[-79.69711,44.36456],[-79.69402,44.3691299],[-79.6910799,44.3733399],[-79.69008,44.3747099],[-79.68887,44.3748499],[-79.6888,44.37456],[-79.6901939,44.374099],[-79.6899299,44.3740199],[-79.6891099,44.3738899],[-79.6888199,44.37433],[-79.68912,44.37496],[-79.68994,44.37472],[-79.69068,44.3741199],[-79.6937099,44.3698199],[-79.6970499,44.36514],[-79.69724,44.36485],[-79.6975099,44.3641099],[-79.6986999,44.36415],[-79.69977,44.3646299],[-79.7039199,44.36803],[-79.70852,44.372],[-79.7101499,44.3734999],[-79.7107499,44.37426],[-79.7115699,44.376],[-79.71171,44.37669],[-79.71165,44.3783],[-79.71119,44.37959],[-79.7086099,44.3845299],[-79.7064499,44.3886899],[-79.7029999,44.39338],[-79.6994899,44.3978899],[-79.6961399,44.4018899],[-79.6909899,44.40585],[-79.68579,44.4096399],[-79.6839899,44.41071],[-79.68263,44.41129],[-79.6764699,44.41303],[-79.6694799,44.41491],[-79.66208,44.41687],[-79.65984,44.4175199],[-79.6584599,44.41812],[-79.65666,44.4193],[-79.65591,44.41999],[-79.65262,44.42473],[-79.6495899,44.42954],[-79.6478799,44.43204],[-79.6461399,44.43355],[-79.64137,44.43602],[-79.63897,44.43699],[-79.63228,44.43837],[-79.62572,44.4410199],[-79.62049,44.4432199],[-79.6138799,44.4456499],[-79.60752,44.4482399],[-79.60192,44.45039],[-79.5954999,44.45301],[-79.5891899,44.4557599],[-79.5828199,44.4585],[-79.57709,44.46092],[-79.57066,44.4635699],[-79.5644099,44.46631],[-79.5588899,44.4687599],[-79.55363,44.4711],[-79.54937,44.47298],[-79.5468799,44.47373],[-79.5446199,44.4740999],[-79.5435399,44.47436],[-79.53761,44.47675],[-79.5313,44.4794299],[-79.52484,44.48216],[-79.5187799,44.4846699],[-79.51674,44.4857199],[-79.51126,44.48916],[-79.50534,44.49284],[-79.4995799,44.4963899],[-79.4978799,44.49742],[-79.4920599,44.4999699],[-79.48643,44.50236],[-79.48112,44.50462],[-79.47442,44.50747],[-79.47295,44.50833],[-79.47219,44.5089299],[-79.4707599,44.51052],[-79.46877,44.51463],[-79.46638,44.5197699],[-79.4639699,44.52491],[-79.4619599,44.5292199],[-79.45926,44.53423],[-79.4564,44.53914],[-79.45371,44.5437299],[-79.45095,44.5484899],[-79.4488299,44.55254],[-79.4463,44.55747],[-79.4438399,44.56226],[-79.4429299,44.5642],[-79.44274,44.56491],[-79.4426899,44.56663],[-79.4433799,44.57152],[-79.4441399,44.5768799],[-79.4449999,44.5819299],[-79.44574,44.58701],[-79.4464999,44.59222],[-79.44724,44.59754],[-79.4473299,44.6000199],[-79.44622,44.60519],[-79.4455199,44.6077099],[-79.4448999,44.60867],[-79.4439099,44.60923],[-79.4432599,44.60988],[-79.44241,44.61018],[-79.43604,44.6094699],[-79.43184,44.60913],[-79.4251299,44.6093499],[-79.4205699,44.6094799],[-79.420321,44.608925],[-79.4189699,44.60745],[-79.41812,44.6074],[-79.41705,44.6078299],[-79.41702,44.60837],[-79.4180799,44.6096],[-79.41885,44.6102299],[-79.42065,44.6095399],[-79.42732,44.60923],[-79.4323,44.6091799],[-79.4389499,44.6097999],[-79.44612,44.6107599],[-79.45324,44.6118399],[-79.45979,44.61235],[-79.46573,44.61271],[-79.4733199,44.61291],[-79.48016,44.61356],[-79.4873099,44.61429],[-79.49483,44.6149599],[-79.49691,44.61503],[-79.4995,44.6155099],[-79.5048699,44.61753],[-79.50817,44.61861],[-79.51023,44.61979],[-79.51092,44.62039],[-79.51352,44.62331],[-79.5152699,44.62465],[-79.51742,44.62568],[-79.52067,44.62686],[-79.52661,44.63028],[-79.5315,44.6330499],[-79.53711,44.63614],[-79.5432999,44.639],[-79.54845,44.6417699],[-79.54937,44.64231],[-79.5501299,44.64295],[-79.55396,44.6473],[-79.55717,44.65098],[-79.5611999,44.65561],[-79.56449,44.65942],[-79.56775,44.6631499],[-79.5695299,44.6646599],[-79.57484,44.66778],[-79.5797,44.67064],[-79.58176,44.67176],[-79.5825599,44.67208],[-79.58373,44.67241],[-79.5849599,44.67261],[-79.5918199,44.6729199],[-79.59831,44.6730599],[-79.60437,44.67317],[-79.6069199,44.6735],[-79.6139499,44.6749299],[-79.6149999,44.67518],[-79.62158,44.67754],[-79.6236899,44.6784799],[-79.62447,44.6791299],[-79.6250399,44.67991],[-79.62669,44.6834299],[-79.62719,44.6842499],[-79.63067,44.68818],[-79.6343299,44.69224],[-79.63762,44.69593],[-79.63914,44.69721],[-79.64039,44.69803],[-79.6401399,44.69877],[-79.64205,44.701],[-79.64252,44.70193],[-79.64294,44.7071899],[-79.643037,44.70786],[-79.64397,44.70942],[-79.64416,44.7095899],[-79.6513999,44.70852],[-79.65506,44.7079899],[-79.6563899,44.7081],[-79.65729,44.70784],[-79.6580899,44.70709],[-79.6582,44.7064999],[-79.65751,44.7058],[-79.6582599,44.7050899],[-79.6593799,44.70535],[-79.66146,44.70663],[-79.6629899,44.7079499],[-79.66671,44.71266],[-79.67023,44.7174399],[-79.67366,44.7221299],[-79.6766099,44.7261399],[-79.67974,44.73042],[-79.68328,44.7352299],[-79.68444,44.73676],[-79.68618,44.7383],[-79.68804,44.7393699],[-79.69362,44.7415599],[-79.6979,44.74325],[-79.69918,44.74395],[-79.70079,44.74519],[-79.70166,44.7461199],[-79.70266,44.74769],[-79.70299,44.7485199],[-79.7032599,44.74965],[-79.70327,44.75132],[-79.70304,44.75238],[-79.7027299,44.75316],[-79.70006,44.75724],[-79.69671,44.76222],[-79.69386,44.76649],[-79.6912499,44.77063],[-79.6907599,44.77243],[-79.6908899,44.77425],[-79.6912,44.77526],[-79.69185,44.77648],[-79.6956099,44.78093],[-79.69806304070352,44.78376]]}},{"type":"Feature","properties":{"shape_id":"ONTC:1094","route_id":"ONTC","route_short_name":"ON","route_long_name":"Sudbury - Toronto","route_color":"#00214D","route_text_color":"#E6B012","agency_id":"ontario-northland","agency_name":"Ontario Northland","source_route_id":"202"},"geometry":{"type":"MultiLineString","coordinates":[[[-79.69856578238037,44.78376],[-79.69645,44.7812799],[-79.6924999,44.77663],[-79.69152,44.7748],[-79.69123,44.77313],[-79.69126,44.7722899],[-79.69185,44.77036],[-79.6944999,44.76624],[-79.6977099,44.7614],[-79.7010299,44.7566299],[-79.7027299,44.75409],[-79.7034599,44.75247],[-79.70374,44.7510799],[-79.70376,44.75024],[-79.7034599,44.74857],[-79.70302,44.74749],[-79.7020399,44.7459899],[-79.70045,44.74443],[-79.69966,44.74385],[-79.69754,44.7427099],[-79.69228,44.74067],[-79.68884,44.73932],[-79.6869399,44.7382799],[-79.68515,44.73679],[-79.6815999,44.7320499],[-79.67813,44.7273],[-79.6749999,44.7230799],[-79.6715199,44.71833],[-79.66805,44.7135599],[-79.6646199,44.70868],[-79.66415,44.7077199],[-79.6641299,44.70626],[-79.66294,44.7059],[-79.6616999,44.70576],[-79.66041,44.7058799],[-79.65925,44.7062699],[-79.65752,44.70751],[-79.65646,44.7070699],[-79.65157,44.7042699],[-79.64571,44.70095],[-79.63996,44.69763],[-79.6389899,44.6970199],[-79.63481,44.69274],[-79.63073,44.68821],[-79.6273099,44.68436],[-79.6268499,44.68368],[-79.6248799,44.67964],[-79.62398,44.6787099],[-79.62309,44.6781399],[-79.61662,44.6756899],[-79.61422,44.6749299],[-79.60798,44.67367],[-79.6052399,44.6732],[-79.5979899,44.6730599],[-79.5903,44.67284],[-79.5854199,44.67264],[-79.58409,44.6724699],[-79.5818399,44.6717799],[-79.57591,44.6683899],[-79.5707399,44.66536],[-79.5688099,44.66402],[-79.56496,44.65982],[-79.5610899,44.65542],[-79.5577099,44.65154],[-79.55383,44.64715],[-79.5505299,44.64333],[-79.54962,44.64248],[-79.54483,44.6397699],[-79.53837,44.6367499],[-79.53258,44.63361],[-79.52741,44.6307199],[-79.52251,44.6278199],[-79.5207599,44.62688],[-79.5161,44.62508],[-79.5152099,44.6246],[-79.5141599,44.62381],[-79.51096,44.6203099],[-79.5101,44.6196199],[-79.5080899,44.61856],[-79.5014,44.61622],[-79.49924,44.61546],[-79.49685,44.61504],[-79.48926,44.6144699],[-79.4817899,44.61373],[-79.47445,44.61297],[-79.4681999,44.61268],[-79.4579899,44.61219],[-79.4477899,44.61096],[-79.44124,44.6099399],[-79.43497,44.6094],[-79.4314399,44.60913],[-79.4242099,44.6093499],[-79.42144,44.6094799],[-79.42059,44.60939],[-79.420321,44.608925],[-79.41721,44.60529],[-79.41373,44.60113],[-79.4104899,44.5971999],[-79.409419,44.595883102913874]],[[-79.409419,44.59384442103988],[-79.4138399,44.5932899],[-79.42029,44.5925999],[-79.4237899,44.59226],[-79.4244799,44.59174],[-79.4247099,44.5876],[-79.4247799,44.5867299],[-79.4264099,44.58333],[-79.4269,44.5826199],[-79.4277299,44.5819399],[-79.429608,44.5811919],[-79.4358399,44.57851],[-79.43944,44.577],[-79.44396,44.57397],[-79.4464099,44.5720899],[-79.44692,44.5711699],[-79.44698,44.5703799],[-79.44662,44.56948],[-79.44409,44.5665799],[-79.4433,44.5668399],[-79.4429299,44.5663799],[-79.4430599,44.5646999],[-79.44363,44.5630299],[-79.44597,44.55844],[-79.44855,44.5533799],[-79.45095,44.54873],[-79.45388,44.5437299],[-79.45666,44.53896],[-79.4591,44.5347699],[-79.4615399,44.53049],[-79.4639299,44.5253799],[-79.46622,44.52048],[-79.46826,44.5160499],[-79.47075,44.51082],[-79.4712499,44.5101199],[-79.47251,44.50885],[-79.4735499,44.50812],[-79.47469,44.5074899],[-79.4808699,44.5048599],[-79.4860899,44.5026599],[-79.4925599,44.4999099],[-79.4977799,44.49763],[-79.5032299,44.49427],[-79.50902,44.49067],[-79.51345,44.4879199],[-79.5178699,44.48525],[-79.5240099,44.48262],[-79.53035,44.47997],[-79.53662,44.4773],[-79.54292,44.4746599],[-79.5474099,44.47369],[-79.54972,44.47291],[-79.55593,44.4701999],[-79.56209,44.46742],[-79.56863,44.4645499],[-79.57457,44.46204],[-79.5811899,44.45932],[-79.58656,44.4569999],[-79.5930299,44.45414],[-79.59928,44.4514899],[-79.60569,44.44902],[-79.6112,44.44685],[-79.61684,44.44459],[-79.62262,44.44241],[-79.62906,44.4396999],[-79.63253,44.43841],[-79.63936,44.43699],[-79.64153,44.43612],[-79.64563,44.43405],[-79.64642,44.43355],[-79.6480099,44.43214],[-79.65109,44.4274899],[-79.6542199,44.42253],[-79.65581,44.4202799],[-79.65651,44.4196],[-79.6585,44.41825],[-79.65948,44.4178],[-79.66051,44.4174199],[-79.6676799,44.4155799],[-79.6734899,44.41415],[-79.68026,44.4121599],[-79.6827099,44.4113799],[-79.68372,44.41096],[-79.68559,44.4099399],[-79.6911199,44.40594],[-79.69613,44.4020899],[-79.69979,44.3976899],[-79.70299,44.3936799],[-79.70662,44.3888599],[-79.70925,44.38378],[-79.71138,44.3795399],[-79.71191,44.37792],[-79.7118899,44.37631],[-79.71151,44.37499],[-79.7106499,44.37355],[-79.7057199,44.36914],[-79.70186,44.3657499],[-79.69973,44.3635799],[-79.69928,44.3617099],[-79.69851,44.36113],[-79.6973499,44.36108],[-79.6972499,44.36386],[-79.6970899,44.3646999],[-79.6937799,44.36957],[-79.69054,44.3741599],[-79.6901939,44.374099],[-79.68986,44.37421],[-79.68972,44.374],[-79.6889199,44.3740199],[-79.6887799,44.37463],[-79.6891099,44.3749699],[-79.69021,44.37467],[-79.69343,44.37023],[-79.69622,44.36632],[-79.69731,44.36466],[-79.6976099,44.36225],[-79.69743,44.3617199],[-79.69293,44.35792],[-79.69182,44.3568199],[-79.6901899,44.35451],[-79.6883599,44.3493699],[-79.68706,44.34413],[-79.6857699,44.3388999],[-79.68446,44.33366],[-79.68332,44.32936],[-79.68277,44.3260299],[-79.68303,44.3209399],[-79.68338,44.31565],[-79.68361,44.31092],[-79.68397,44.3056099],[-79.6840899,44.3020999],[-79.68299,44.29696],[-79.68185,44.2917999],[-79.6806799,44.28738],[-79.6793899,44.2827399],[-79.6779799,44.2783699],[-79.67656,44.2731499],[-79.6753199,44.26848],[-79.67406,44.26381],[-79.67275,44.25883],[-79.6713499,44.2536199],[-79.6699699,44.24838],[-79.6685699,44.2431499],[-79.6671799,44.2379299],[-79.6657799,44.2327],[-79.66441,44.2276599],[-79.66329,44.2234199],[-79.66189,44.21818],[-79.6604199,44.2126599],[-79.6591399,44.20856],[-79.65647,44.20331],[-79.65391,44.1986],[-79.65164,44.19443],[-79.6489399,44.1894799],[-79.6464,44.1844899],[-79.64482,44.1793099],[-79.6443099,44.1748399],[-79.6439,44.16925],[-79.6435499,44.16425],[-79.6431599,44.1589599],[-79.64282,44.15394],[-79.6423699,44.1483499],[-79.6416099,44.1429999],[-79.6403299,44.1377799],[-79.6389899,44.13244],[-79.63793,44.12812],[-79.63683,44.12371],[-79.63555,44.11853],[-79.6342999,44.11334],[-79.6331799,44.10874],[-79.63188,44.1034799],[-79.63053,44.0979599],[-79.62922,44.0927],[-79.62791,44.08744],[-79.6266199,44.08222],[-79.62529,44.0769599],[-79.62423,44.07255],[-79.62348,44.06981],[-79.6223199,44.06742],[-79.61859,44.06286],[-79.61469,44.05836],[-79.61304565295919,44.05647]]]}},{"type":"Feature","properties":{"shape_id":"ONTC:1095","route_id":"ONTC","route_short_name":"ON","route_long_name":"Sudbury - Toronto","route_color":"#00214D","route_text_color":"#E6B012","agency_id":"ontario-northland","agency_name":"Ontario Northland","source_route_id":"202"},"geometry":{"type":"LineString","coordinates":[[-79.69852008563846,44.78376],[-79.69763,44.7827299],[-79.6942399,44.7788],[-79.69235,44.77653],[-79.69183,44.77572],[-79.69137,44.7745899],[-79.69117,44.77346],[-79.6911799,44.77259],[-79.6913799,44.77145],[-79.69168,44.7706099],[-79.69439,44.76642],[-79.69717,44.76226],[-79.70016,44.7578499],[-79.7028999,44.75375],[-79.7035,44.75209],[-79.70367,44.75063],[-79.7035499,44.7491799],[-79.7028699,44.7472399],[-79.70239,44.7464599],[-79.7011599,44.7450399],[-79.6993599,44.74364],[-79.69815,44.7429799],[-79.69096,44.7401899],[-79.68729,44.73856],[-79.6858999,44.73755],[-79.68414,44.7356499],[-79.68115,44.73153],[-79.67722,44.7261399],[-79.6738199,44.7215],[-79.6698799,44.71617],[-79.66612,44.7109699],[-79.66444,44.7085399],[-79.66408,44.70761],[-79.66411,44.7064099],[-79.6638399,44.7061499],[-79.6626199,44.70587],[-79.6616699,44.7058],[-79.66044,44.7059199],[-79.6592399,44.7063099],[-79.65886,44.70652],[-79.6572999,44.70781],[-79.64973,44.70875],[-79.6441699,44.7095599],[-79.643037,44.70786],[-79.6427599,44.70259],[-79.64241,44.70146],[-79.6404299,44.69904],[-79.6403299,44.69826],[-79.6404699,44.6979399],[-79.63861,44.6967599],[-79.63785,44.6960999],[-79.63523,44.6931499],[-79.6348499,44.69245],[-79.63578,44.69191],[-79.64029,44.68759],[-79.6425399,44.68545],[-79.6436199,44.68493],[-79.64484,44.6848],[-79.6484699,44.6854999],[-79.6495599,44.6859],[-79.64937,44.6868099],[-79.64823,44.68686],[-79.6477499,44.6860899],[-79.6468699,44.68106],[-79.64557,44.6764399],[-79.6440799,44.67127],[-79.64301,44.66716],[-79.64298,44.66546],[-79.6433499,44.66352],[-79.64544,44.6584499],[-79.6474299,44.65393],[-79.64965,44.6488299],[-79.65151,44.6445599],[-79.65381,44.6392199],[-79.65614,44.63388],[-79.6578899,44.62987],[-79.66022,44.6245799],[-79.66231,44.61979],[-79.66386,44.6163399],[-79.6666299,44.61235],[-79.67,44.60763],[-79.67335,44.60293],[-79.67619,44.5989399],[-79.6778199,44.5970399],[-79.6818,44.59358],[-79.68656,44.5894899],[-79.68847,44.5881],[-79.69365,44.5851899],[-79.6995,44.58188],[-79.70459,44.5788199],[-79.70932,44.5754999],[-79.71381,44.57237],[-79.71585,44.57108],[-79.7178399,44.5701899],[-79.72352,44.56829],[-79.7305399,44.56584],[-79.7325099,44.5649299],[-79.7346,44.56367],[-79.73702,44.56167],[-79.74041,44.55795],[-79.74453,44.55355],[-79.7479999,44.54984],[-79.74926,44.5484199],[-79.74992,44.5473999],[-79.7505299,44.5457899],[-79.75065,44.54496],[-79.7505899,44.5435699],[-79.74887,44.5384],[-79.74697,44.5329599],[-79.74571,44.52944],[-79.74454,44.5277],[-79.74054,44.52359],[-79.73686,44.51968],[-79.7328699,44.5155299],[-79.72915,44.5116199],[-79.72495,44.50727],[-79.7209799,44.5031199],[-79.71703,44.49898],[-79.71264,44.4943599],[-79.70863,44.4901899],[-79.7042499,44.48558],[-79.7002099,44.4811699],[-79.69652,44.4771899],[-79.69288,44.47327],[-79.68942,44.4695499],[-79.68564,44.46532],[-79.68188,44.4610699],[-79.6779899,44.4565399],[-79.6741399,44.452],[-79.6700399,44.4473],[-79.66616,44.4427899],[-79.6628199,44.43897],[-79.65867,44.43427],[-79.65742,44.43286],[-79.6567,44.43221],[-79.6539599,44.43033],[-79.65302,44.42951],[-79.6525,44.42882],[-79.65207,44.42781],[-79.652,44.4266799],[-79.65223,44.4258599],[-79.65542,44.42078],[-79.6567499,44.41941],[-79.6584499,44.4182699],[-79.66081,44.4173199],[-79.66701,44.4157099],[-79.67289,44.41428],[-79.68016,44.4121599],[-79.6822899,44.41152],[-79.6836699,44.41096],[-79.68584,44.4097699],[-79.69103,44.40601],[-79.69533,44.40279],[-79.69695,44.40121],[-79.7000499,44.3972999],[-79.7037499,44.39269],[-79.70633,44.38924],[-79.7087,44.3847899],[-79.7109399,44.3803299],[-79.7116599,44.37886],[-79.7119,44.3778599],[-79.71187,44.3762599],[-79.71158,44.37518],[-79.71054,44.3733999],[-79.7059,44.3692999],[-79.70203,44.36596],[-79.6999399,44.3638799],[-79.6993199,44.362],[-79.6988299,44.36118],[-79.6976499,44.3609199],[-79.69733,44.3617199],[-79.69718,44.36453],[-79.69674,44.3654499],[-79.6938699,44.36951],[-79.6903899,44.3744199],[-79.69035,44.3745099],[-79.68923,44.37487],[-79.6887799,44.37482],[-79.6888499,44.37424],[-79.6901939,44.374099],[-79.68988,44.37417],[-79.6893699,44.37391],[-79.68876,44.37449],[-79.6888199,44.37496],[-79.6892799,44.3749099],[-79.69038,44.3746099],[-79.69342,44.37023],[-79.69625,44.3662],[-79.69733,44.3645399],[-79.6976,44.36187],[-79.69293,44.35792],[-79.6919299,44.3569599],[-79.6907599,44.3555],[-79.68979,44.35386],[-79.6880899,44.3484799],[-79.6869799,44.3440499],[-79.6856699,44.33868],[-79.6843199,44.33333],[-79.68305,44.32818],[-79.68279,44.32618],[-79.68303,44.3207],[-79.6832999,44.31607],[-79.6835299,44.3108299],[-79.6838599,44.3061799],[-79.684,44.30157],[-79.68299,44.29703],[-79.68188,44.29195],[-79.68069,44.28751],[-79.67947,44.28304],[-79.6777899,44.2777799],[-79.67636,44.27248],[-79.6751899,44.2680599],[-79.6737499,44.26273],[-79.67249,44.25797],[-79.67128,44.25351],[-79.6700699,44.24895],[-79.6686999,44.24382],[-79.66724,44.23848],[-79.6658699,44.23319],[-79.6643999,44.2277],[-79.66314,44.2231299],[-79.66178,44.2180099],[-79.66057,44.2135],[-79.6589199,44.2082299],[-79.6563,44.2031699],[-79.654,44.1989299],[-79.6515299,44.1943999],[-79.64898,44.1895799],[-79.6467299,44.18529],[-79.64514,44.1808499],[-79.64435,44.1757599],[-79.64397,44.17121],[-79.6435899,44.16576],[-79.6432199,44.16068],[-79.64295,44.1561999],[-79.64258,44.15092],[-79.64222,44.14624],[-79.6411,44.14096],[-79.6398,44.13566],[-79.63854,44.1306299],[-79.63723,44.12533],[-79.6360999,44.1207799],[-79.63481,44.1156299],[-79.63372,44.11114],[-79.6326199,44.10669],[-79.63149,44.1021699],[-79.6303,44.09733],[-79.62919,44.09282],[-79.6281599,44.08859],[-79.62703,44.0841099],[-79.6259599,44.0795899],[-79.62469,44.07448],[-79.62358,44.0699999],[-79.62286,44.06837],[-79.6215199,44.0662899],[-79.6181499,44.06241],[-79.6143699,44.05807],[-79.61298222111425,44.05647]]}},{"type":"Feature","properties":{"shape_id":"ONTC:1096","route_id":"ONTC","route_short_name":"ON","route_long_name":"North Bay - Toronto","route_color":"#00214D","route_text_color":"#E6B012","agency_id":"ontario-northland","agency_name":"Ontario Northland","source_route_id":"102"},"geometry":{"type":"LineString","coordinates":[[-79.409419,44.673987643795975],[-79.4110199,44.6704299],[-79.4127899,44.66539],[-79.4152199,44.66018],[-79.4166699,44.6552399],[-79.41812,44.65007],[-79.4189599,44.6472899],[-79.41948,44.6463399],[-79.42318,44.64192],[-79.42705,44.6375799],[-79.43037,44.6337299],[-79.43382,44.62972],[-79.4373499,44.62555],[-79.44137,44.62091],[-79.4429299,44.6183999],[-79.44363,44.61658],[-79.44487,44.6114499],[-79.4462099,44.60591],[-79.44744,44.6009099],[-79.44757,44.59905],[-79.44702,44.59455],[-79.4463099,44.5899799],[-79.4455899,44.5844599],[-79.4447699,44.57935],[-79.44389,44.57378],[-79.4431199,44.56849],[-79.44284,44.56669],[-79.44282,44.56567],[-79.44321,44.5639],[-79.44553,44.55927],[-79.44817,44.55418],[-79.4504,44.54971],[-79.4532299,44.54479],[-79.4558899,44.5402499],[-79.4582499,44.53623],[-79.46117,44.5311899],[-79.4635699,44.52608],[-79.46553,44.52188],[-79.4676099,44.51738],[-79.46999,44.5123499],[-79.47058,44.51112],[-79.47118,44.51019],[-79.47265,44.5087099],[-79.4744699,44.50757],[-79.4805799,44.50497],[-79.48703,44.5022399],[-79.49231,44.4999999],[-79.49762,44.49772],[-79.50242,44.4947799],[-79.5071999,44.49181],[-79.5124,44.48857],[-79.51743,44.4854899],[-79.52336,44.48289],[-79.5291599,44.48043],[-79.5346099,44.47812],[-79.54106,44.4754],[-79.5428,44.47469],[-79.54492,44.47413],[-79.54742,44.4736799],[-79.5486599,44.47333],[-79.55514,44.47054],[-79.56046,44.4681699],[-79.5659199,44.4657299],[-79.5717299,44.4632],[-79.5773099,44.46093],[-79.5827899,44.4586399],[-79.58934,44.4557899],[-79.5948699,44.4533599],[-79.60041,44.4510599],[-79.60647,44.4487299],[-79.61294,44.44616],[-79.62364,44.4419999],[-79.6290099,44.43975],[-79.6324899,44.43844],[-79.63845,44.43723],[-79.6405999,44.43654],[-79.6456499,44.4339899],[-79.64691,44.4331],[-79.64837,44.43159],[-79.6509999,44.42761],[-79.65394,44.4230299],[-79.65551,44.4206299],[-79.6570399,44.41915],[-79.6581299,44.4184399],[-79.6602899,44.4174799],[-79.66602,44.4159799],[-79.67197,44.4145899],[-79.67893,44.4125599],[-79.6825199,44.41149],[-79.68464,44.4105599],[-79.6900599,44.40676],[-79.69468,44.4033699],[-79.69688,44.40132],[-79.7006699,44.39653],[-79.7043499,44.3920099],[-79.7066399,44.3888299],[-79.7092999,44.3836799],[-79.7114599,44.37942],[-79.7118899,44.3782],[-79.7119899,44.37696],[-79.7118899,44.3760199],[-79.7112099,44.37427],[-79.7098199,44.3726],[-79.7051999,44.36868],[-79.70125,44.3652299],[-79.69963,44.36343],[-79.6991899,44.36154],[-79.69822,44.3610199],[-79.69731,44.36124],[-79.69717,44.3642799],[-79.6967899,44.3652299],[-79.69392,44.3692699],[-79.69106,44.37336],[-79.69021,44.37463],[-79.69011,44.37469],[-79.68889,44.3748499],[-79.68887,44.3742],[-79.6901939,44.374099],[-79.68995,44.3741499],[-79.6895099,44.3739199],[-79.68881,44.37427],[-79.68877,44.3749399],[-79.6894099,44.37489],[-79.69008,44.3747099],[-79.69438,44.36883],[-79.6972,44.36488],[-79.6974499,44.3640099],[-79.6976799,44.3616799],[-79.69868,44.3613],[-79.6988599,44.36206],[-79.6986599,44.3621699],[-79.69763,44.36187],[-79.6928599,44.3578399],[-79.69186,44.3568499],[-79.69058,44.3551499],[-79.6893,44.35257],[-79.68795,44.3475699],[-79.6865799,44.3420899],[-79.6852999,44.33691],[-79.68421,44.3325699],[-79.68302,44.32755],[-79.6830099,44.32211],[-79.68322,44.31765],[-79.68349,44.3131999],[-79.68378,44.30774],[-79.6840599,44.3032499],[-79.6840299,44.30159],[-79.6830699,44.2972499],[-79.6819199,44.29195],[-79.68046,44.2865099],[-79.6792599,44.28219],[-79.67758,44.2768899],[-79.67626,44.27199],[-79.6750599,44.26755],[-79.67364,44.26228],[-79.67246,44.2578199],[-79.6710299,44.25245],[-79.6698499,44.24806],[-79.66859,44.24333],[-79.6674099,44.2389099],[-79.66599,44.23364],[-79.66481,44.2291699],[-79.66342,44.2240399],[-79.66202,44.2186899],[-79.66067,44.21356],[-79.6593399,44.20909],[-79.6568399,44.20398],[-79.6541,44.1989399],[-79.6519,44.19494],[-79.6495899,44.1906999],[-79.64734,44.1864299],[-79.6454899,44.18208],[-79.64455,44.1775599],[-79.64412,44.17246],[-79.6438,44.1679199],[-79.6434199,44.1626299],[-79.64304,44.1572099],[-79.6426599,44.15201],[-79.64232,44.14703],[-79.64134,44.14173],[-79.64003,44.1364699],[-79.63891,44.13198],[-79.63763,44.12663],[-79.63644,44.12184],[-79.6353,44.11735],[-79.6341599,44.11276],[-79.6330499,44.10828],[-79.63176,44.103],[-79.6305499,44.09809],[-79.6294399,44.09365],[-79.6281599,44.08844],[-79.62706,44.08396],[-79.62574,44.07855],[-79.6246799,44.0743299],[-79.6236299,44.07009],[-79.62237,44.06749],[-79.61925,44.0635999],[-79.61596,44.0598],[-79.61303252747253,44.05647]]}},{"type":"Feature","properties":{"shape_id":"ONTC:1097","route_id":"ONTC","route_short_name":"ON","route_long_name":"Toronto - North Bay","route_color":"#00214D","route_text_color":"#E6B012","agency_id":"ontario-northland","agency_name":"Ontario Northland","source_route_id":"101"},"geometry":{"type":"LineString","coordinates":[[-79.61281453019323,44.05647],[-79.61597,44.0601499],[-79.61997,44.0647799],[-79.6217899,44.06699],[-79.62321,44.0696099],[-79.62444,44.07409],[-79.62574,44.07941],[-79.6268799,44.0839],[-79.6279899,44.08837],[-79.62923,44.09352],[-79.63054,44.0986899],[-79.63185,44.1040099],[-79.6331,44.10908],[-79.63447,44.11453],[-79.63575,44.11982],[-79.6368499,44.12428],[-79.6381399,44.1295399],[-79.6391799,44.1337499],[-79.6402999,44.1382699],[-79.64141,44.14275],[-79.6421699,44.14725],[-79.6423999,44.15044],[-79.64443,44.1785799],[-79.6456799,44.1833],[-79.6481499,44.18835],[-79.6508699,44.19333],[-79.6535299,44.1983],[-79.65627,44.20332],[-79.65854,44.20758],[-79.66007,44.2119299],[-79.6614799,44.21723],[-79.66284,44.22229],[-79.6642299,44.2274899],[-79.6656099,44.2325],[-79.6669,44.23766],[-79.6682699,44.2427299],[-79.66947,44.24723],[-79.67088,44.25255],[-79.67203,44.2567999],[-79.67331,44.2615699],[-79.6744999,44.2660999],[-79.67594,44.2714499],[-79.67714,44.27595],[-79.6785799,44.2812599],[-79.6799899,44.28662],[-79.68118,44.2911],[-79.6825,44.2958999],[-79.68378,44.30127],[-79.68372,44.30668],[-79.6833699,44.3118899],[-79.68306,44.3174699],[-79.68272,44.3229],[-79.6826099,44.32628],[-79.68348,44.3305299],[-79.68483,44.33586],[-79.68584,44.3402099],[-79.68696,44.3448399],[-79.6883,44.3501899],[-79.6889,44.35261],[-79.69015,44.3551499],[-79.6913499,44.35687],[-79.6951799,44.3607899],[-79.6955499,44.3616199],[-79.69556,44.36259],[-79.69642,44.3631899],[-79.69724,44.36356],[-79.69718,44.3644399],[-79.6945299,44.36846],[-79.6910499,44.37335],[-79.6901939,44.374099],[-79.6899299,44.3740199],[-79.6891099,44.3738899],[-79.6888199,44.37433],[-79.68912,44.37496],[-79.68994,44.37472],[-79.69068,44.3741199],[-79.6937099,44.3698199],[-79.6970499,44.36514],[-79.69724,44.36485],[-79.6975099,44.3641099],[-79.6986999,44.36415],[-79.69977,44.3646299],[-79.7039199,44.36803],[-79.70852,44.372],[-79.7101499,44.3734999],[-79.7107499,44.37426],[-79.7115699,44.376],[-79.71171,44.37669],[-79.71165,44.3783],[-79.71119,44.37959],[-79.7086099,44.3845299],[-79.7064499,44.3886899],[-79.7029999,44.39338],[-79.6994899,44.3978899],[-79.6961399,44.4018899],[-79.6909899,44.40585],[-79.68579,44.4096399],[-79.6839899,44.41071],[-79.68263,44.41129],[-79.6764699,44.41303],[-79.6694799,44.41491],[-79.66208,44.41687],[-79.65984,44.4175199],[-79.6584599,44.41812],[-79.65666,44.4193],[-79.65591,44.41999],[-79.65262,44.42473],[-79.6495899,44.42954],[-79.6478799,44.43204],[-79.6461399,44.43355],[-79.64137,44.43602],[-79.63897,44.43699],[-79.63228,44.43837],[-79.62572,44.4410199],[-79.62049,44.4432199],[-79.6138799,44.4456499],[-79.60752,44.4482399],[-79.60192,44.45039],[-79.5954999,44.45301],[-79.5891899,44.4557599],[-79.5828199,44.4585],[-79.57709,44.46092],[-79.57066,44.4635699],[-79.5644099,44.46631],[-79.5588899,44.4687599],[-79.55363,44.4711],[-79.54937,44.47298],[-79.5468799,44.47373],[-79.5446199,44.4740999],[-79.5435399,44.47436],[-79.53761,44.47675],[-79.5313,44.4794299],[-79.52484,44.48216],[-79.5187799,44.4846699],[-79.51674,44.4857199],[-79.51126,44.48916],[-79.50534,44.49284],[-79.4995799,44.4963899],[-79.4978799,44.49742],[-79.4920599,44.4999699],[-79.48643,44.50236],[-79.48112,44.50462],[-79.47442,44.50747],[-79.47295,44.50833],[-79.47219,44.5089299],[-79.4707599,44.51052],[-79.46877,44.51463],[-79.46638,44.5197699],[-79.4639699,44.52491],[-79.4619599,44.5292199],[-79.45926,44.53423],[-79.4564,44.53914],[-79.45371,44.5437299],[-79.45095,44.5484899],[-79.4488299,44.55254],[-79.4463,44.55747],[-79.4438399,44.56226],[-79.4429299,44.5642],[-79.44274,44.56491],[-79.4426899,44.56663],[-79.4433799,44.57152],[-79.4441399,44.5768799],[-79.4449999,44.5819299],[-79.44574,44.58701],[-79.4464999,44.59222],[-79.44724,44.59754],[-79.4473299,44.6000199],[-79.44622,44.60519],[-79.4455199,44.6077099],[-79.4448999,44.60867],[-79.4439099,44.60923],[-79.4432599,44.60988],[-79.44241,44.61018],[-79.43604,44.6094699],[-79.43184,44.60913],[-79.4251299,44.6093499],[-79.4205699,44.6094799],[-79.420321,44.608925],[-79.41911,44.60758],[-79.41845,44.60726],[-79.41743,44.6076699],[-79.41691,44.60817],[-79.4180799,44.6096399],[-79.41888,44.61025],[-79.42,44.60975],[-79.42115,44.6094799],[-79.4282899,44.6092799],[-79.43207,44.60919],[-79.4386599,44.60979],[-79.44101,44.6100699],[-79.44334,44.61057],[-79.4440399,44.6112799],[-79.44359,44.6158099],[-79.44314,44.6174499],[-79.44238,44.61905],[-79.4384999,44.6240199],[-79.4346,44.6285199],[-79.4314699,44.63218],[-79.42754,44.6367499],[-79.4237,44.6411799],[-79.42,44.64544],[-79.4189999,44.6468599],[-79.4174599,44.65201],[-79.4159399,44.6572999],[-79.4149299,44.66057],[-79.4127299,44.66519],[-79.4108599,44.67034],[-79.409419,44.67354943936562]]}},{"type":"Feature","properties":{"shape_id":"ONTC:1098","route_id":"ONTC","route_short_name":"ON","route_long_name":"North Bay - Toronto","route_color":"#00214D","route_text_color":"#E6B012","agency_id":"ontario-northland","agency_name":"Ontario Northland","source_route_id":"102"},"geometry":{"type":"LineString","coordinates":[[-79.409419,44.673987643795975],[-79.4110199,44.6704299],[-79.4127899,44.66539],[-79.4152199,44.66018],[-79.4166699,44.6552399],[-79.41812,44.65007],[-79.4189599,44.6472899],[-79.41948,44.6463399],[-79.42318,44.64192],[-79.42705,44.6375799],[-79.43037,44.6337299],[-79.43382,44.62972],[-79.4373499,44.62555],[-79.44137,44.62091],[-79.4429299,44.6183999],[-79.44363,44.61658],[-79.44487,44.6114499],[-79.4462099,44.60591],[-79.44744,44.6009099],[-79.44757,44.59905],[-79.44702,44.59455],[-79.4463099,44.5899799],[-79.4455899,44.5844599],[-79.4447699,44.57935],[-79.44389,44.57378],[-79.4431199,44.56849],[-79.44284,44.56669],[-79.44282,44.56567],[-79.44321,44.5639],[-79.44553,44.55927],[-79.44817,44.55418],[-79.4504,44.54971],[-79.4532299,44.54479],[-79.4558899,44.5402499],[-79.4582499,44.53623],[-79.46117,44.5311899],[-79.4635699,44.52608],[-79.46553,44.52188],[-79.4676099,44.51738],[-79.46999,44.5123499],[-79.47058,44.51112],[-79.47118,44.51019],[-79.47265,44.5087099],[-79.4744699,44.50757],[-79.4805799,44.50497],[-79.48703,44.5022399],[-79.49231,44.4999999],[-79.49762,44.49772],[-79.50242,44.4947799],[-79.5071999,44.49181],[-79.5124,44.48857],[-79.51743,44.4854899],[-79.52336,44.48289],[-79.5291599,44.48043],[-79.5346099,44.47812],[-79.54106,44.4754],[-79.5428,44.47469],[-79.54492,44.47413],[-79.54742,44.4736799],[-79.5486599,44.47333],[-79.55514,44.47054],[-79.56046,44.4681699],[-79.5659199,44.4657299],[-79.5717299,44.4632],[-79.5773099,44.46093],[-79.5827899,44.4586399],[-79.58934,44.4557899],[-79.5948699,44.4533599],[-79.60041,44.4510599],[-79.60647,44.4487299],[-79.61294,44.44616],[-79.62364,44.4419999],[-79.6290099,44.43975],[-79.6324899,44.43844],[-79.63845,44.43723],[-79.6405999,44.43654],[-79.6456499,44.4339899],[-79.64691,44.4331],[-79.64837,44.43159],[-79.6509999,44.42761],[-79.65394,44.4230299],[-79.65551,44.4206299],[-79.6570399,44.41915],[-79.6581299,44.4184399],[-79.6602899,44.4174799],[-79.66602,44.4159799],[-79.67197,44.4145899],[-79.67893,44.4125599],[-79.6825199,44.41149],[-79.68464,44.4105599],[-79.6900599,44.40676],[-79.69468,44.4033699],[-79.69688,44.40132],[-79.7006699,44.39653],[-79.7043499,44.3920099],[-79.7066399,44.3888299],[-79.7092999,44.3836799],[-79.7114599,44.37942],[-79.7118899,44.3782],[-79.7119899,44.37696],[-79.7118899,44.3760199],[-79.7112099,44.37427],[-79.7098199,44.3726],[-79.7051999,44.36868],[-79.70125,44.3652299],[-79.69963,44.36343],[-79.6991899,44.36154],[-79.69822,44.3610199],[-79.69731,44.36124],[-79.69717,44.3642799],[-79.6967899,44.3652299],[-79.69392,44.3692699],[-79.69106,44.37336],[-79.69021,44.37463],[-79.69011,44.37469],[-79.68889,44.3748499],[-79.68887,44.3742],[-79.6901939,44.374099],[-79.68995,44.3741499],[-79.6895099,44.3739199],[-79.68881,44.37427],[-79.68877,44.3749399],[-79.6894099,44.37489],[-79.69008,44.3747099],[-79.69438,44.36883],[-79.6972,44.36488],[-79.6974499,44.3640099],[-79.6976799,44.3616799],[-79.69868,44.3613],[-79.6988599,44.36206],[-79.6986599,44.3621699],[-79.69763,44.36187],[-79.6928599,44.3578399],[-79.69186,44.3568499],[-79.69058,44.3551499],[-79.6893,44.35257],[-79.68795,44.3475699],[-79.6865799,44.3420899],[-79.6852999,44.33691],[-79.68421,44.3325699],[-79.68302,44.32755],[-79.6830099,44.32211],[-79.68322,44.31765],[-79.68349,44.3131999],[-79.68378,44.30774],[-79.6840599,44.3032499],[-79.6840299,44.30159],[-79.6830699,44.2972499],[-79.6819199,44.29195],[-79.68046,44.2865099],[-79.6792599,44.28219],[-79.67758,44.2768899],[-79.67626,44.27199],[-79.6750599,44.26755],[-79.67364,44.26228],[-79.67246,44.2578199],[-79.6710299,44.25245],[-79.6698499,44.24806],[-79.66859,44.24333],[-79.6674099,44.2389099],[-79.66599,44.23364],[-79.66481,44.2291699],[-79.66342,44.2240399],[-79.66202,44.2186899],[-79.66067,44.21356],[-79.6593399,44.20909],[-79.6568399,44.20398],[-79.6541,44.1989399],[-79.6519,44.19494],[-79.6495899,44.1906999],[-79.64734,44.1864299],[-79.6454899,44.18208],[-79.64455,44.1775599],[-79.64412,44.17246],[-79.6438,44.1679199],[-79.6434199,44.1626299],[-79.64304,44.1572099],[-79.6426599,44.15201],[-79.64232,44.14703],[-79.64134,44.14173],[-79.64003,44.1364699],[-79.63891,44.13198],[-79.63763,44.12663],[-79.63644,44.12184],[-79.6353,44.11735],[-79.6341599,44.11276],[-79.6330499,44.10828],[-79.63176,44.103],[-79.6305499,44.09809],[-79.6294399,44.09365],[-79.6281599,44.08844],[-79.62706,44.08396],[-79.62574,44.07855],[-79.6246799,44.0743299],[-79.6236299,44.07009],[-79.62237,44.06749],[-79.61925,44.0635999],[-79.61596,44.0598],[-79.61303252747253,44.05647]]}},{"type":"Feature","properties":{"shape_id":"ONTC:1099","route_id":"ONTC","route_short_name":"ON","route_long_name":"Toronto - North Bay","route_color":"#00214D","route_text_color":"#E6B012","agency_id":"ontario-northland","agency_name":"Ontario Northland","source_route_id":"101"},"geometry":{"type":"LineString","coordinates":[[-79.61281453019323,44.05647],[-79.61597,44.0601499],[-79.61997,44.0647799],[-79.6217899,44.06699],[-79.62321,44.0696099],[-79.62444,44.07409],[-79.62574,44.07941],[-79.6268799,44.0839],[-79.6279899,44.08837],[-79.62923,44.09352],[-79.63054,44.0986899],[-79.63185,44.1040099],[-79.6331,44.10908],[-79.63447,44.11453],[-79.63575,44.11982],[-79.6368499,44.12428],[-79.6381399,44.1295399],[-79.6391799,44.1337499],[-79.6402999,44.1382699],[-79.64141,44.14275],[-79.6421699,44.14725],[-79.6423999,44.15044],[-79.64443,44.1785799],[-79.6456799,44.1833],[-79.6481499,44.18835],[-79.6508699,44.19333],[-79.6535299,44.1983],[-79.65627,44.20332],[-79.65854,44.20758],[-79.66007,44.2119299],[-79.6614799,44.21723],[-79.66284,44.22229],[-79.6642299,44.2274899],[-79.6656099,44.2325],[-79.6669,44.23766],[-79.6682699,44.2427299],[-79.66947,44.24723],[-79.67088,44.25255],[-79.67203,44.2567999],[-79.67331,44.2615699],[-79.6744999,44.2660999],[-79.67594,44.2714499],[-79.67714,44.27595],[-79.6785799,44.2812599],[-79.6799899,44.28662],[-79.68118,44.2911],[-79.6825,44.2958999],[-79.68378,44.30127],[-79.68372,44.30668],[-79.6833699,44.3118899],[-79.68306,44.3174699],[-79.68272,44.3229],[-79.6826099,44.32628],[-79.68348,44.3305299],[-79.68483,44.33586],[-79.68584,44.3402099],[-79.68696,44.3448399],[-79.6883,44.3501899],[-79.6889,44.35261],[-79.69015,44.3551499],[-79.6913499,44.35687],[-79.6951799,44.3607899],[-79.6955499,44.3616199],[-79.69556,44.36259],[-79.69642,44.3631899],[-79.69724,44.36356],[-79.69718,44.3644399],[-79.6945299,44.36846],[-79.6910499,44.37335],[-79.6901939,44.374099],[-79.6899299,44.3740199],[-79.6891099,44.3738899],[-79.6888199,44.37433],[-79.68912,44.37496],[-79.68994,44.37472],[-79.69068,44.3741199],[-79.6937099,44.3698199],[-79.6970499,44.36514],[-79.69724,44.36485],[-79.6975099,44.3641099],[-79.6986999,44.36415],[-79.69977,44.3646299],[-79.7039199,44.36803],[-79.70852,44.372],[-79.7101499,44.3734999],[-79.7107499,44.37426],[-79.7115699,44.376],[-79.71171,44.37669],[-79.71165,44.3783],[-79.71119,44.37959],[-79.7086099,44.3845299],[-79.7064499,44.3886899],[-79.7029999,44.39338],[-79.6994899,44.3978899],[-79.6961399,44.4018899],[-79.6909899,44.40585],[-79.68579,44.4096399],[-79.6839899,44.41071],[-79.68263,44.41129],[-79.6764699,44.41303],[-79.6694799,44.41491],[-79.66208,44.41687],[-79.65984,44.4175199],[-79.6584599,44.41812],[-79.65666,44.4193],[-79.65591,44.41999],[-79.65262,44.42473],[-79.6495899,44.42954],[-79.6478799,44.43204],[-79.6461399,44.43355],[-79.64137,44.43602],[-79.63897,44.43699],[-79.63228,44.43837],[-79.62572,44.4410199],[-79.62049,44.4432199],[-79.6138799,44.4456499],[-79.60752,44.4482399],[-79.60192,44.45039],[-79.5954999,44.45301],[-79.5891899,44.4557599],[-79.5828199,44.4585],[-79.57709,44.46092],[-79.57066,44.4635699],[-79.5644099,44.46631],[-79.5588899,44.4687599],[-79.55363,44.4711],[-79.54937,44.47298],[-79.5468799,44.47373],[-79.5446199,44.4740999],[-79.5435399,44.47436],[-79.53761,44.47675],[-79.5313,44.4794299],[-79.52484,44.48216],[-79.5187799,44.4846699],[-79.51674,44.4857199],[-79.51126,44.48916],[-79.50534,44.49284],[-79.4995799,44.4963899],[-79.4978799,44.49742],[-79.4920599,44.4999699],[-79.48643,44.50236],[-79.48112,44.50462],[-79.47442,44.50747],[-79.47295,44.50833],[-79.47219,44.5089299],[-79.4707599,44.51052],[-79.46877,44.51463],[-79.46638,44.5197699],[-79.4639699,44.52491],[-79.4619599,44.5292199],[-79.45926,44.53423],[-79.4564,44.53914],[-79.45371,44.5437299],[-79.45095,44.5484899],[-79.4488299,44.55254],[-79.4463,44.55747],[-79.4438399,44.56226],[-79.4429299,44.5642],[-79.44274,44.56491],[-79.4426899,44.56663],[-79.4433799,44.57152],[-79.4441399,44.5768799],[-79.4449999,44.5819299],[-79.44574,44.58701],[-79.4464999,44.59222],[-79.44724,44.59754],[-79.4473299,44.6000199],[-79.44622,44.60519],[-79.4455199,44.6077099],[-79.4448999,44.60867],[-79.4439099,44.60923],[-79.4432599,44.60988],[-79.44241,44.61018],[-79.43604,44.6094699],[-79.43184,44.60913],[-79.4251299,44.6093499],[-79.4205699,44.6094799],[-79.420321,44.608925],[-79.41911,44.60758],[-79.41845,44.60726],[-79.41743,44.6076699],[-79.41691,44.60817],[-79.4180799,44.6096399],[-79.41888,44.61025],[-79.42,44.60975],[-79.42115,44.6094799],[-79.4282899,44.6092799],[-79.43207,44.60919],[-79.4386599,44.60979],[-79.44101,44.6100699],[-79.44334,44.61057],[-79.4440399,44.6112799],[-79.44359,44.6158099],[-79.44314,44.6174499],[-79.44238,44.61905],[-79.4384999,44.6240199],[-79.4346,44.6285199],[-79.4314699,44.63218],[-79.42754,44.6367499],[-79.4237,44.6411799],[-79.42,44.64544],[-79.4189999,44.6468599],[-79.4174599,44.65201],[-79.4159399,44.6572999],[-79.4149299,44.66057],[-79.4127299,44.66519],[-79.4108599,44.67034],[-79.409419,44.67354943936562]]}},{"type":"Feature","properties":{"shape_id":"ONTC:1100","route_id":"ONTC","route_short_name":"ON","route_long_name":"Toronto - North Bay","route_color":"#00214D","route_text_color":"#E6B012","agency_id":"ontario-northland","agency_name":"Ontario Northland","source_route_id":"101"},"geometry":{"type":"LineString","coordinates":[[-79.61285557123783,44.05647],[-79.61596,44.06011],[-79.6198799,44.06464],[-79.6216299,44.06676],[-79.6227099,44.06857],[-79.62433,44.07372],[-79.62561,44.07891],[-79.6269099,44.0841099],[-79.6282199,44.08944],[-79.6295399,44.09456],[-79.6305899,44.0990099],[-79.63191,44.10421],[-79.63297,44.10849],[-79.63427,44.11374],[-79.6355699,44.1189799],[-79.63765,44.1274399],[-79.63894,44.13261],[-79.64018,44.1377199],[-79.64144,44.14279],[-79.64226,44.14831],[-79.6425299,44.15284],[-79.64288,44.15763],[-79.6432499,44.1629199],[-79.6436499,44.16836],[-79.64403,44.17358],[-79.6444999,44.1789],[-79.6459199,44.1838299],[-79.64845,44.18884],[-79.6511399,44.19377],[-79.6538,44.1987699],[-79.65621,44.20319],[-79.6585199,44.2076299],[-79.66005,44.2119699],[-79.6614099,44.2171799],[-79.66287,44.22268],[-79.66428,44.2278599],[-79.66565,44.23308],[-79.6670899,44.23857],[-79.66844,44.24353],[-79.6698399,44.2487299],[-79.67107,44.25341],[-79.6724699,44.2586399],[-79.6739499,44.26411],[-79.6753299,44.26933],[-79.67672,44.2745699],[-79.6780499,44.2794899],[-79.67928,44.2841499],[-79.6806799,44.28935],[-79.68184,44.29378],[-79.68335,44.29926],[-79.6838899,44.3025999],[-79.68362,44.3076199],[-79.6833399,44.31184],[-79.68308,44.31647],[-79.68276,44.3217999],[-79.6825799,44.3263999],[-79.68355,44.3310199],[-79.68464,44.33541],[-79.6859599,44.34083],[-79.68725,44.3458899],[-79.6885,44.35103],[-79.6889799,44.35273],[-79.69017,44.3551499],[-79.6921999,44.35779],[-79.69531,44.36095],[-79.69559,44.3617099],[-79.6955499,44.3625699],[-79.6963399,44.36318],[-79.6972499,44.3633899],[-79.69717,44.3643099],[-79.69691,44.3650899],[-79.69383,44.36948],[-79.69061,44.37403],[-79.69035,44.3744],[-79.6898299,44.3747399],[-79.68873,44.37473],[-79.6887799,44.37453],[-79.6901939,44.374099],[-79.6899299,44.3740199],[-79.6891099,44.3738899],[-79.6888199,44.37433],[-79.68912,44.37496],[-79.68994,44.37472],[-79.69068,44.3741199],[-79.6937099,44.3698199],[-79.6970499,44.36514],[-79.69724,44.36485],[-79.6975099,44.3641099],[-79.6986999,44.36415],[-79.69977,44.3646299],[-79.7039199,44.36803],[-79.70852,44.372],[-79.7101499,44.3734999],[-79.7107499,44.37426],[-79.7115699,44.376],[-79.71171,44.37669],[-79.71165,44.3783],[-79.71119,44.37959],[-79.7086099,44.3845299],[-79.7064499,44.3886899],[-79.7029999,44.39338],[-79.6994899,44.3978899],[-79.6961399,44.4018899],[-79.6909899,44.40585],[-79.68579,44.4096399],[-79.6839899,44.41071],[-79.68263,44.41129],[-79.6764699,44.41303],[-79.6694799,44.41491],[-79.66208,44.41687],[-79.65984,44.4175199],[-79.6584599,44.41812],[-79.65666,44.4193],[-79.65591,44.41999],[-79.65262,44.42473],[-79.6495899,44.42954],[-79.6478799,44.43204],[-79.6461399,44.43355],[-79.64137,44.43602],[-79.63897,44.43699],[-79.63228,44.43837],[-79.62572,44.4410199],[-79.62049,44.4432199],[-79.6138799,44.4456499],[-79.60752,44.4482399],[-79.60192,44.45039],[-79.5954999,44.45301],[-79.5891899,44.4557599],[-79.5828199,44.4585],[-79.57709,44.46092],[-79.57066,44.4635699],[-79.5644099,44.46631],[-79.5588899,44.4687599],[-79.55363,44.4711],[-79.54937,44.47298],[-79.5468799,44.47373],[-79.5446199,44.4740999],[-79.5435399,44.47436],[-79.53761,44.47675],[-79.5313,44.4794299],[-79.52484,44.48216],[-79.5187799,44.4846699],[-79.51674,44.4857199],[-79.51126,44.48916],[-79.50534,44.49284],[-79.4995799,44.4963899],[-79.4978799,44.49742],[-79.4920599,44.4999699],[-79.48643,44.50236],[-79.48112,44.50462],[-79.47442,44.50747],[-79.47295,44.50833],[-79.47219,44.5089299],[-79.4707599,44.51052],[-79.46877,44.51463],[-79.46638,44.5197699],[-79.4639699,44.52491],[-79.4619599,44.5292199],[-79.45926,44.53423],[-79.4564,44.53914],[-79.45371,44.5437299],[-79.45095,44.5484899],[-79.4488299,44.55254],[-79.4463,44.55747],[-79.4438399,44.56226],[-79.4429299,44.5642],[-79.44274,44.56491],[-79.4426899,44.56663],[-79.4433799,44.57152],[-79.4441399,44.5768799],[-79.4449999,44.5819299],[-79.44574,44.58701],[-79.4464999,44.59222],[-79.44724,44.59754],[-79.4473299,44.6000199],[-79.44622,44.60519],[-79.4455199,44.6077099],[-79.4448999,44.60867],[-79.4439099,44.60923],[-79.4432599,44.60988],[-79.44241,44.61018],[-79.43604,44.6094699],[-79.43184,44.60913],[-79.4251299,44.6093499],[-79.4205699,44.6094799],[-79.420321,44.608925],[-79.41974,44.60834],[-79.4215299,44.6074799],[-79.42229,44.6073],[-79.42289,44.6080999],[-79.4229999,44.6094],[-79.42932,44.6092399],[-79.43179,44.60916],[-79.43861,44.60979],[-79.4398399,44.60989],[-79.4423399,44.61028],[-79.4433499,44.61055],[-79.44409,44.61129],[-79.44415,44.61218],[-79.4433499,44.6167999],[-79.44268,44.61852],[-79.44123,44.6208299],[-79.43739,44.6252599],[-79.43385,44.62938],[-79.42988,44.63401],[-79.42614,44.6383299],[-79.42219,44.6429199],[-79.41973,44.64576],[-79.41882,44.64725],[-79.41748,44.65187],[-79.41592,44.65728],[-79.4148999,44.66063],[-79.41267,44.66532],[-79.4108599,44.6703999],[-79.409419,44.67345314805727]]}},{"type":"Feature","properties":{"shape_id":"ONTC:1101","route_id":"ONTC","route_short_name":"ON","route_long_name":"Toronto - North Bay","route_color":"#00214D","route_text_color":"#E6B012","agency_id":"ontario-northland","agency_name":"Ontario Northland","source_route_id":"101"},"geometry":{"type":"LineString","coordinates":[[-79.61281453019323,44.05647],[-79.61597,44.0601499],[-79.61997,44.0647799],[-79.6217899,44.06699],[-79.62321,44.0696099],[-79.62444,44.07409],[-79.62574,44.07941],[-79.6268799,44.0839],[-79.6279899,44.08837],[-79.62923,44.09352],[-79.63054,44.0986899],[-79.63185,44.1040099],[-79.6331,44.10908],[-79.63447,44.11453],[-79.63575,44.11982],[-79.6368499,44.12428],[-79.6381399,44.1295399],[-79.6391799,44.1337499],[-79.6402999,44.1382699],[-79.64141,44.14275],[-79.6421699,44.14725],[-79.6423999,44.15044],[-79.64443,44.1785799],[-79.6456799,44.1833],[-79.6481499,44.18835],[-79.6508699,44.19333],[-79.6535299,44.1983],[-79.65627,44.20332],[-79.65854,44.20758],[-79.66007,44.2119299],[-79.6614799,44.21723],[-79.66284,44.22229],[-79.6642299,44.2274899],[-79.6656099,44.2325],[-79.6669,44.23766],[-79.6682699,44.2427299],[-79.66947,44.24723],[-79.67088,44.25255],[-79.67203,44.2567999],[-79.67331,44.2615699],[-79.6744999,44.2660999],[-79.67594,44.2714499],[-79.67714,44.27595],[-79.6785799,44.2812599],[-79.6799899,44.28662],[-79.68118,44.2911],[-79.6825,44.2958999],[-79.68378,44.30127],[-79.68372,44.30668],[-79.6833699,44.3118899],[-79.68306,44.3174699],[-79.68272,44.3229],[-79.6826099,44.32628],[-79.68348,44.3305299],[-79.68483,44.33586],[-79.68584,44.3402099],[-79.68696,44.3448399],[-79.6883,44.3501899],[-79.6889,44.35261],[-79.69015,44.3551499],[-79.6913499,44.35687],[-79.6951799,44.3607899],[-79.6955499,44.3616199],[-79.69556,44.36259],[-79.69642,44.3631899],[-79.69724,44.36356],[-79.69718,44.3644399],[-79.6945299,44.36846],[-79.6910499,44.37335],[-79.6901939,44.374099],[-79.6899299,44.3740199],[-79.6891099,44.3738899],[-79.6888199,44.37433],[-79.68912,44.37496],[-79.68994,44.37472],[-79.69068,44.3741199],[-79.6937099,44.3698199],[-79.6970499,44.36514],[-79.69724,44.36485],[-79.6975099,44.3641099],[-79.6986999,44.36415],[-79.69977,44.3646299],[-79.7039199,44.36803],[-79.70852,44.372],[-79.7101499,44.3734999],[-79.7107499,44.37426],[-79.7115699,44.376],[-79.71171,44.37669],[-79.71165,44.3783],[-79.71119,44.37959],[-79.7086099,44.3845299],[-79.7064499,44.3886899],[-79.7029999,44.39338],[-79.6994899,44.3978899],[-79.6961399,44.4018899],[-79.6909899,44.40585],[-79.68579,44.4096399],[-79.6839899,44.41071],[-79.68263,44.41129],[-79.6764699,44.41303],[-79.6694799,44.41491],[-79.66208,44.41687],[-79.65984,44.4175199],[-79.6584599,44.41812],[-79.65666,44.4193],[-79.65591,44.41999],[-79.65262,44.42473],[-79.6495899,44.42954],[-79.6478799,44.43204],[-79.6461399,44.43355],[-79.64137,44.43602],[-79.63897,44.43699],[-79.63228,44.43837],[-79.62572,44.4410199],[-79.62049,44.4432199],[-79.6138799,44.4456499],[-79.60752,44.4482399],[-79.60192,44.45039],[-79.5954999,44.45301],[-79.5891899,44.4557599],[-79.5828199,44.4585],[-79.57709,44.46092],[-79.57066,44.4635699],[-79.5644099,44.46631],[-79.5588899,44.4687599],[-79.55363,44.4711],[-79.54937,44.47298],[-79.5468799,44.47373],[-79.5446199,44.4740999],[-79.5435399,44.47436],[-79.53761,44.47675],[-79.5313,44.4794299],[-79.52484,44.48216],[-79.5187799,44.4846699],[-79.51674,44.4857199],[-79.51126,44.48916],[-79.50534,44.49284],[-79.4995799,44.4963899],[-79.4978799,44.49742],[-79.4920599,44.4999699],[-79.48643,44.50236],[-79.48112,44.50462],[-79.47442,44.50747],[-79.47295,44.50833],[-79.47219,44.5089299],[-79.4707599,44.51052],[-79.46877,44.51463],[-79.46638,44.5197699],[-79.4639699,44.52491],[-79.4619599,44.5292199],[-79.45926,44.53423],[-79.4564,44.53914],[-79.45371,44.5437299],[-79.45095,44.5484899],[-79.4488299,44.55254],[-79.4463,44.55747],[-79.4438399,44.56226],[-79.4429299,44.5642],[-79.44274,44.56491],[-79.4426899,44.56663],[-79.4433799,44.57152],[-79.4441399,44.5768799],[-79.4449999,44.5819299],[-79.44574,44.58701],[-79.4464999,44.59222],[-79.44724,44.59754],[-79.4473299,44.6000199],[-79.44622,44.60519],[-79.4455199,44.6077099],[-79.4448999,44.60867],[-79.4439099,44.60923],[-79.4432599,44.60988],[-79.44241,44.61018],[-79.43604,44.6094699],[-79.43184,44.60913],[-79.4251299,44.6093499],[-79.4205699,44.6094799],[-79.420321,44.608925],[-79.41974,44.60834],[-79.4215299,44.6074799],[-79.42229,44.6073],[-79.42289,44.6080999],[-79.4229999,44.6094],[-79.42932,44.6092399],[-79.43179,44.60916],[-79.43861,44.60979],[-79.4398399,44.60989],[-79.4423399,44.61028],[-79.4433499,44.61055],[-79.44409,44.61129],[-79.44415,44.61218],[-79.4433499,44.6167999],[-79.44268,44.61852],[-79.44123,44.6208299],[-79.43739,44.6252599],[-79.43385,44.62938],[-79.42988,44.63401],[-79.42614,44.6383299],[-79.42219,44.6429199],[-79.41973,44.64576],[-79.41882,44.64725],[-79.41748,44.65187],[-79.41592,44.65728],[-79.4148999,44.66063],[-79.41267,44.66532],[-79.4108599,44.6703999],[-79.409419,44.67345314805727]]}},{"type":"Feature","properties":{"shape_id":"ONTC:1102","route_id":"ONTC","route_short_name":"ON","route_long_name":"North Bay - Toronto","route_color":"#00214D","route_text_color":"#E6B012","agency_id":"ontario-northland","agency_name":"Ontario Northland","source_route_id":"102"},"geometry":{"type":"MultiLineString","coordinates":[[[-79.409419,44.67403668368704],[-79.41116,44.66999],[-79.41497,44.66086],[-79.4166399,44.65539],[-79.41783,44.6512299],[-79.41891,44.6474199],[-79.41974,44.64596],[-79.4230699,44.6420699],[-79.4270699,44.6376],[-79.43031,44.63379],[-79.4338399,44.6296999],[-79.4377399,44.6251399],[-79.4410199,44.6214199],[-79.4427299,44.61889],[-79.44451,44.61366],[-79.44485,44.6127299],[-79.4455799,44.6121699],[-79.44656,44.61157],[-79.4468299,44.6109499],[-79.4400399,44.60983],[-79.43378,44.6092499],[-79.43139,44.6091],[-79.42479,44.6093099],[-79.42101,44.6094399],[-79.42042,44.60914],[-79.420321,44.608925],[-79.4189999,44.6074399],[-79.4177499,44.60595],[-79.4164999,44.6044599],[-79.41533,44.60305],[-79.41429,44.6017899],[-79.41291,44.6000899],[-79.41143,44.59836],[-79.4102299,44.5968999],[-79.409994,44.596961],[-79.409419,44.596077733881394]],[[-79.409419,44.59383188688118],[-79.4161399,44.59305],[-79.42371,44.5922399],[-79.42449,44.5918199],[-79.42486,44.58652],[-79.4264499,44.58329],[-79.4270399,44.5824899],[-79.42795,44.5818399],[-79.4337699,44.5794],[-79.4393099,44.57707],[-79.44028,44.57657],[-79.44561,44.57279],[-79.44649,44.57204],[-79.44695,44.5711399],[-79.44695,44.5701899],[-79.44653,44.5693599],[-79.44451,44.56698],[-79.44364,44.56676],[-79.44291,44.56642],[-79.44304,44.5645699],[-79.4436799,44.56288],[-79.44625,44.55795],[-79.44886,44.5528799],[-79.45164,44.54766],[-79.4546099,44.5425399],[-79.4571699,44.53817],[-79.46004,44.53324],[-79.46267,44.5281299],[-79.4648899,44.52339],[-79.46733,44.5180899],[-79.46982,44.5128],[-79.47055,44.51122],[-79.4718399,44.50947],[-79.4733899,44.50823],[-79.4812999,44.50468],[-79.48798,44.50185],[-79.49434,44.49916],[-79.4976799,44.49772],[-79.5032899,44.49428],[-79.5085799,44.49099],[-79.51417,44.48751],[-79.51838,44.48505],[-79.5243699,44.4824399],[-79.5310899,44.4796199],[-79.5371299,44.4770599],[-79.5424899,44.47481],[-79.5439299,44.4743699],[-79.5473099,44.4737399],[-79.5491,44.4732],[-79.5557399,44.47029],[-79.56203,44.4675],[-79.56834,44.46471],[-79.5750499,44.46188],[-79.58078,44.45951],[-79.5861399,44.4572299],[-79.59243,44.45446],[-79.5980899,44.452],[-79.60473,44.44941],[-79.6111499,44.4469299],[-79.61758,44.4443299],[-79.6243799,44.44165],[-79.6304899,44.43917],[-79.63257,44.4384299],[-79.6396099,44.4369099],[-79.64097,44.4363899],[-79.64609,44.4337999],[-79.6476499,44.43254],[-79.65049,44.4284499],[-79.65361,44.4236],[-79.65539,44.42081],[-79.6567099,44.41943],[-79.6587199,44.4181399],[-79.66077,44.4173499],[-79.66773,44.41557],[-79.67397,44.4140399],[-79.6808399,44.41201],[-79.6829799,44.41133],[-79.68431,44.41074],[-79.68611,44.40969],[-79.69067,44.40634],[-79.69582,44.4024199],[-79.6996499,44.39791],[-79.70272,44.3940499],[-79.7062099,44.3895099],[-79.70905,44.38434],[-79.71119,44.38008],[-79.71184,44.3785499],[-79.712,44.37765],[-79.71195,44.3763],[-79.7115999,44.37499],[-79.71116,44.3741599],[-79.70985,44.3726099],[-79.70584,44.36921],[-79.70102,44.36498],[-79.69977,44.36361],[-79.6994,44.36261],[-79.6992899,44.36174],[-79.69855,44.3611],[-79.69789,44.3609599],[-79.69737,44.36133],[-79.69721,44.3640099],[-79.69698,44.36494],[-79.6936699,44.3696899],[-79.69048,44.37424],[-79.6896999,44.37476],[-79.6887899,44.37483],[-79.6888499,44.37421],[-79.6901939,44.374099],[-79.68986,44.37421],[-79.68972,44.374],[-79.6889199,44.3740199],[-79.6887799,44.37463],[-79.6891099,44.3749699],[-79.69021,44.37467],[-79.69343,44.37023],[-79.69622,44.36632],[-79.69731,44.36466],[-79.6976099,44.36225],[-79.69743,44.3617199],[-79.69293,44.35792],[-79.69182,44.3568199],[-79.6901899,44.35451],[-79.6883599,44.3493699],[-79.68706,44.34413],[-79.6857699,44.3388999],[-79.68446,44.33366],[-79.68332,44.32936],[-79.68277,44.3260299],[-79.68303,44.3209399],[-79.68338,44.31565],[-79.68361,44.31092],[-79.68397,44.3056099],[-79.6840899,44.3020999],[-79.68299,44.29696],[-79.68185,44.2917999],[-79.6806799,44.28738],[-79.6793899,44.2827399],[-79.6779799,44.2783699],[-79.67656,44.2731499],[-79.6753199,44.26848],[-79.67406,44.26381],[-79.67275,44.25883],[-79.6713499,44.2536199],[-79.6699699,44.24838],[-79.6685699,44.2431499],[-79.6671799,44.2379299],[-79.6657799,44.2327],[-79.66441,44.2276599],[-79.66329,44.2234199],[-79.66189,44.21818],[-79.6604199,44.2126599],[-79.6591399,44.20856],[-79.65647,44.20331],[-79.65391,44.1986],[-79.65164,44.19443],[-79.6489399,44.1894799],[-79.6464,44.1844899],[-79.64482,44.1793099],[-79.6443099,44.1748399],[-79.6439,44.16925],[-79.6435499,44.16425],[-79.6431599,44.1589599],[-79.64282,44.15394],[-79.6423699,44.1483499],[-79.6416099,44.1429999],[-79.6403299,44.1377799],[-79.6389899,44.13244],[-79.63793,44.12812],[-79.63683,44.12371],[-79.63555,44.11853],[-79.6342999,44.11334],[-79.6331799,44.10874],[-79.63188,44.1034799],[-79.63053,44.0979599],[-79.62922,44.0927],[-79.62791,44.08744],[-79.6266199,44.08222],[-79.62529,44.0769599],[-79.62423,44.07255],[-79.62348,44.06981],[-79.6223199,44.06742],[-79.61859,44.06286],[-79.61469,44.05836],[-79.61304565295919,44.05647]]]}},{"type":"Feature","properties":{"shape_id":"ONTC:1103","route_id":"ONTC","route_short_name":"ON","route_long_name":"Toronto - Sudbury","route_color":"#00214D","route_text_color":"#E6B012","agency_id":"ontario-northland","agency_name":"Ontario Northland","source_route_id":"201"},"geometry":{"type":"LineString","coordinates":[[-79.61277556387635,44.05647],[-79.61415,44.05806],[-79.6174499,44.0618599],[-79.62151,44.0666499],[-79.6225099,44.06817],[-79.6232599,44.06976],[-79.62453,44.07442],[-79.6258299,44.07967],[-79.62699,44.08433],[-79.62827,44.08949],[-79.6295399,44.09464],[-79.6306199,44.0989799],[-79.63179,44.10372],[-79.63287,44.10812],[-79.63415,44.11337],[-79.63536,44.1181799],[-79.6366299,44.12348],[-79.6379099,44.12861],[-79.6392199,44.13393],[-79.6404399,44.13884],[-79.6416,44.14352],[-79.64229,44.1487399],[-79.64262,44.1532699],[-79.6429999,44.15888],[-79.64337,44.1640399],[-79.64366,44.1683799],[-79.6440799,44.1738],[-79.6444399,44.17867],[-79.64597,44.18411],[-79.64856,44.18907],[-79.6511999,44.19402],[-79.65391,44.1989399],[-79.65676,44.20414],[-79.65919,44.20917],[-79.6607,44.2143599],[-79.66195,44.21901],[-79.66333,44.2241799],[-79.66477,44.22957],[-79.66593,44.23414],[-79.66731,44.23936],[-79.66855,44.24403],[-79.6699399,44.24923],[-79.67133,44.2544399],[-79.67258,44.2588799],[-79.6737,44.26326],[-79.6750999,44.2684899],[-79.6763099,44.2730899],[-79.6776199,44.27789],[-79.6787699,44.28216],[-79.68023,44.2875999],[-79.68161,44.2928099],[-79.6828699,44.2973],[-79.68388,44.30176],[-79.6836699,44.3068899],[-79.6833299,44.3122799],[-79.6830099,44.31762],[-79.68273,44.3231099],[-79.68267,44.32719],[-79.6839599,44.33252],[-79.6851799,44.33763],[-79.68648,44.3429699],[-79.68758,44.34735],[-79.68893,44.3526499],[-79.6897299,44.3544299],[-79.6907,44.35602],[-79.69493,44.36054],[-79.69546,44.36121],[-79.69556,44.36216],[-79.69575,44.36297],[-79.69654,44.36317],[-79.69721,44.3636199],[-79.69711,44.36456],[-79.69402,44.3691299],[-79.6910799,44.3733399],[-79.69008,44.3747099],[-79.68887,44.3748499],[-79.6888,44.37456],[-79.6901939,44.374099],[-79.6895099,44.37395],[-79.6889199,44.3740199],[-79.6887799,44.3748799],[-79.68946,44.37489],[-79.69041,44.3745199],[-79.69324,44.3705399],[-79.69631,44.36612],[-79.69734,44.36456],[-79.6978099,44.36403],[-79.6989599,44.36423],[-79.70003,44.3648299],[-79.7045,44.3686099],[-79.7093699,44.3728],[-79.71067,44.37424],[-79.71126,44.37526],[-79.71168,44.37657],[-79.7116999,44.3776299],[-79.7115699,44.37841],[-79.7113299,44.37917],[-79.70892,44.3837999],[-79.70637,44.3886899],[-79.7029699,44.3933899],[-79.6996,44.39773],[-79.69645,44.40155],[-79.6940699,44.40362],[-79.6894399,44.40696],[-79.68506,44.4100699],[-79.68308,44.41107],[-79.68167,44.4115799],[-79.6749299,44.4133799],[-79.66888,44.4149899],[-79.6631099,44.41655],[-79.65936,44.4176499],[-79.65838,44.4181099],[-79.65669,44.4192],[-79.6551699,44.42068],[-79.65193,44.4251999],[-79.6503099,44.42665],[-79.64991,44.42745],[-79.64997,44.4283099],[-79.65052,44.42915],[-79.65129,44.42972],[-79.65546,44.43185],[-79.6562499,44.43237],[-79.6569799,44.4329799],[-79.6612099,44.43769],[-79.6647599,44.4417399],[-79.6678799,44.4453199],[-79.67179,44.44989],[-79.6750999,44.4537499],[-79.6790399,44.4583],[-79.68234,44.46215],[-79.68571,44.46598],[-79.6896099,44.47022],[-79.6930799,44.474],[-79.69721,44.47852],[-79.7006699,44.48229],[-79.70482,44.48677],[-79.70906,44.4911699],[-79.7130699,44.49537],[-79.71729,44.4997799],[-79.72088,44.50354],[-79.7251,44.5079499],[-79.72871,44.5117],[-79.7329399,44.51614],[-79.7372699,44.52066],[-79.7413099,44.5248799],[-79.74473,44.52862],[-79.74555,44.53018],[-79.74736,44.53534],[-79.7492499,44.5407999],[-79.7500399,44.54321],[-79.7501699,44.5451699],[-79.7499999,44.546],[-79.7493,44.54761],[-79.74533,44.5520999],[-79.74169,44.55608],[-79.73801,44.5600399],[-79.7356899,44.5623],[-79.7331999,44.5640799],[-79.72997,44.5657],[-79.72402,44.56778],[-79.71733,44.57006],[-79.7153,44.57096],[-79.7098899,44.5746199],[-79.7043,44.5785199],[-79.69858,44.5819399],[-79.69365,44.5847],[-79.68873,44.58744],[-79.68679,44.5887999],[-79.6822499,44.59269],[-79.6773299,44.59706],[-79.6740799,44.6012099],[-79.67088,44.60571],[-79.6676499,44.61019],[-79.66429,44.61495],[-79.66178,44.61996],[-79.65958,44.62505],[-79.65771,44.6293399],[-79.65572,44.63388],[-79.6534999,44.63897],[-79.65129,44.64405],[-79.64922,44.64884],[-79.64701,44.65393],[-79.6435899,44.66171],[-79.64258,44.66441],[-79.64236,44.6660699],[-79.6424699,44.6677399],[-79.64363,44.6720999],[-79.6432,44.67472],[-79.6438,44.67994],[-79.6439099,44.6817199],[-79.64354,44.68351],[-79.64321,44.68427],[-79.6419699,44.68597],[-79.63762,44.69017],[-79.6347899,44.69273],[-79.63802,44.6962999],[-79.6390899,44.69717],[-79.6400399,44.69779],[-79.64045,44.69911],[-79.6417799,44.70061],[-79.64223,44.7012899],[-79.6427599,44.70314],[-79.643037,44.70786],[-79.64397,44.70942],[-79.64416,44.7095899],[-79.6513999,44.70852],[-79.65506,44.7079899],[-79.6563899,44.7081],[-79.65729,44.70784],[-79.6580899,44.70709],[-79.6582,44.7064999],[-79.65751,44.7058],[-79.6582599,44.7050899],[-79.6593799,44.70535],[-79.66146,44.70663],[-79.6629899,44.7079499],[-79.66671,44.71266],[-79.67023,44.7174399],[-79.67366,44.7221299],[-79.6766099,44.7261399],[-79.67974,44.73042],[-79.68328,44.7352299],[-79.68444,44.73676],[-79.68618,44.7383],[-79.68804,44.7393699],[-79.69362,44.7415599],[-79.6979,44.74325],[-79.69918,44.74395],[-79.70079,44.74519],[-79.70166,44.7461199],[-79.70266,44.74769],[-79.70299,44.7485199],[-79.7032599,44.74965],[-79.70327,44.75132],[-79.70304,44.75238],[-79.7027299,44.75316],[-79.70006,44.75724],[-79.69671,44.76222],[-79.69386,44.76649],[-79.6912499,44.77063],[-79.6907599,44.77243],[-79.6908899,44.77425],[-79.6912,44.77526],[-79.69185,44.77648],[-79.6956099,44.78093],[-79.69806304070352,44.78376]]}},{"type":"Feature","properties":{"shape_id":"ONTC:1105","route_id":"ONTC","route_short_name":"ON","route_long_name":"Toronto - North Bay","route_color":"#00214D","route_text_color":"#E6B012","agency_id":"ontario-northland","agency_name":"Ontario Northland","source_route_id":"101"},"geometry":{"type":"LineString","coordinates":[[-79.61277556387635,44.05647],[-79.61415,44.05806],[-79.6174499,44.0618599],[-79.62151,44.0666499],[-79.6225099,44.06817],[-79.6232599,44.06976],[-79.62453,44.07442],[-79.6258299,44.07967],[-79.62699,44.08433],[-79.62827,44.08949],[-79.6295399,44.09464],[-79.6306199,44.0989799],[-79.63179,44.10372],[-79.63287,44.10812],[-79.63415,44.11337],[-79.63536,44.1181799],[-79.6366299,44.12348],[-79.6379099,44.12861],[-79.6392199,44.13393],[-79.6404399,44.13884],[-79.6416,44.14352],[-79.64229,44.1487399],[-79.64262,44.1532699],[-79.6429999,44.15888],[-79.64337,44.1640399],[-79.64366,44.1683799],[-79.6440799,44.1738],[-79.6444399,44.17867],[-79.64597,44.18411],[-79.64856,44.18907],[-79.6511999,44.19402],[-79.65391,44.1989399],[-79.65676,44.20414],[-79.65919,44.20917],[-79.6607,44.2143599],[-79.66195,44.21901],[-79.66333,44.2241799],[-79.66477,44.22957],[-79.66593,44.23414],[-79.66731,44.23936],[-79.66855,44.24403],[-79.6699399,44.24923],[-79.67133,44.2544399],[-79.67258,44.2588799],[-79.6737,44.26326],[-79.6750999,44.2684899],[-79.6763099,44.2730899],[-79.6776199,44.27789],[-79.6787699,44.28216],[-79.68023,44.2875999],[-79.68161,44.2928099],[-79.6828699,44.2973],[-79.68388,44.30176],[-79.6836699,44.3068899],[-79.6833299,44.3122799],[-79.6830099,44.31762],[-79.68273,44.3231099],[-79.68267,44.32719],[-79.6839599,44.33252],[-79.6851799,44.33763],[-79.68648,44.3429699],[-79.68758,44.34735],[-79.68893,44.3526499],[-79.6897299,44.3544299],[-79.6907,44.35602],[-79.69493,44.36054],[-79.69546,44.36121],[-79.69556,44.36216],[-79.69575,44.36297],[-79.69654,44.36317],[-79.69721,44.3636199],[-79.69711,44.36456],[-79.69402,44.3691299],[-79.6910799,44.3733399],[-79.69008,44.3747099],[-79.68887,44.3748499],[-79.6888,44.37456],[-79.6901939,44.374099],[-79.6899299,44.3740199],[-79.6891099,44.3738899],[-79.6888199,44.37433],[-79.68912,44.37496],[-79.68994,44.37472],[-79.69068,44.3741199],[-79.6937099,44.3698199],[-79.6970499,44.36514],[-79.69724,44.36485],[-79.6975099,44.3641099],[-79.6986999,44.36415],[-79.69977,44.3646299],[-79.7039199,44.36803],[-79.70852,44.372],[-79.7101499,44.3734999],[-79.7107499,44.37426],[-79.7115699,44.376],[-79.71171,44.37669],[-79.71165,44.3783],[-79.71119,44.37959],[-79.7086099,44.3845299],[-79.7064499,44.3886899],[-79.7029999,44.39338],[-79.6994899,44.3978899],[-79.6961399,44.4018899],[-79.6909899,44.40585],[-79.68579,44.4096399],[-79.6839899,44.41071],[-79.68263,44.41129],[-79.6764699,44.41303],[-79.6694799,44.41491],[-79.66208,44.41687],[-79.65984,44.4175199],[-79.6584599,44.41812],[-79.65666,44.4193],[-79.65591,44.41999],[-79.65262,44.42473],[-79.6495899,44.42954],[-79.6478799,44.43204],[-79.6461399,44.43355],[-79.64137,44.43602],[-79.63897,44.43699],[-79.63228,44.43837],[-79.62572,44.4410199],[-79.62049,44.4432199],[-79.6138799,44.4456499],[-79.60752,44.4482399],[-79.60192,44.45039],[-79.5954999,44.45301],[-79.5891899,44.4557599],[-79.5828199,44.4585],[-79.57709,44.46092],[-79.57066,44.4635699],[-79.5644099,44.46631],[-79.5588899,44.4687599],[-79.55363,44.4711],[-79.54937,44.47298],[-79.5468799,44.47373],[-79.5446199,44.4740999],[-79.5435399,44.47436],[-79.53761,44.47675],[-79.5313,44.4794299],[-79.52484,44.48216],[-79.5187799,44.4846699],[-79.51674,44.4857199],[-79.51126,44.48916],[-79.50534,44.49284],[-79.4995799,44.4963899],[-79.4978799,44.49742],[-79.4920599,44.4999699],[-79.48643,44.50236],[-79.48112,44.50462],[-79.47442,44.50747],[-79.47295,44.50833],[-79.47219,44.5089299],[-79.4707599,44.51052],[-79.46877,44.51463],[-79.46638,44.5197699],[-79.4639699,44.52491],[-79.4619599,44.5292199],[-79.45926,44.53423],[-79.4564,44.53914],[-79.45371,44.5437299],[-79.45095,44.5484899],[-79.4488299,44.55254],[-79.4463,44.55747],[-79.4438399,44.56226],[-79.4429299,44.5642],[-79.44274,44.56491],[-79.4426899,44.56663],[-79.4433799,44.57152],[-79.4441399,44.5768799],[-79.4449999,44.5819299],[-79.44574,44.58701],[-79.4464999,44.59222],[-79.44724,44.59754],[-79.4473299,44.6000199],[-79.44622,44.60519],[-79.4455199,44.6077099],[-79.4448999,44.60867],[-79.4439099,44.60923],[-79.4432599,44.60988],[-79.44241,44.61018],[-79.43604,44.6094699],[-79.43184,44.60913],[-79.4251299,44.6093499],[-79.4205699,44.6094799],[-79.420321,44.608925],[-79.41974,44.60834],[-79.4215299,44.6074799],[-79.42229,44.6073],[-79.42289,44.6080999],[-79.4229999,44.6094],[-79.42932,44.6092399],[-79.43179,44.60916],[-79.43861,44.60979],[-79.4398399,44.60989],[-79.4423399,44.61028],[-79.4433499,44.61055],[-79.44409,44.61129],[-79.44415,44.61218],[-79.4433499,44.6167999],[-79.44268,44.61852],[-79.44123,44.6208299],[-79.43739,44.6252599],[-79.43385,44.62938],[-79.42988,44.63401],[-79.42614,44.6383299],[-79.42219,44.6429199],[-79.41973,44.64576],[-79.41882,44.64725],[-79.41748,44.65187],[-79.41592,44.65728],[-79.4148999,44.66063],[-79.41267,44.66532],[-79.4108599,44.6703999],[-79.409419,44.67345314805727]]}}]}