{"type":"FeatureCollection","features":[{"type":"Feature","properties":{"stop_id":"barrie-transit:9005","stop_code":"9005","stop_name":"Barrie Allandale Transit Terminal Platform 5","source_stop_id":"9005","agency_id":"barrie-transit","agency_name":"Barrie Transit","route_ids":["8A"]},"geometry":{"type":"Point","coordinates":[-79.6897531198448,44.3739253232581]}},{"type":"Feature","properties":{"stop_id":"barrie-transit:154","stop_code":"154","stop_name":"Lakeshore at Centennial","source_stop_id":"154","agency_id":"barrie-transit","agency_name":"Barrie Transit","route_ids":["8A"]},"geometry":{"type":"Point","coordinates":[-79.690070599895,44.3784826069464]}},{"type":"Feature","properties":{"stop_id":"barrie-transit:156","stop_code":"156","stop_name":"Lakeshore at Victoria","source_stop_id":"156","agency_id":"barrie-transit","agency_name":"Barrie Transit","route_ids":["8A"]},"geometry":{"type":"Point","coordinates":[-79.6906172621754,44.381907242682]}},{"type":"Feature","properties":{"stop_id":"barrie-transit:158","stop_code":"158","stop_name":"Lakeshore at Simcoe","source_stop_id":"158","agency_id":"barrie-transit","agency_name":"Barrie Transit","route_ids":["8A"]},"geometry":{"type":"Point","coordinates":[-79.6914871682386,44.3857946524221]}},{"type":"Feature","properties":{"stop_id":"barrie-transit:2","stop_code":"2","stop_name":"Downtown Hub","source_stop_id":"2","agency_id":"barrie-transit","agency_name":"Barrie Transit","route_ids":["10","100","12A","7A","8A"]},"geometry":{"type":"Point","coordinates":[-79.690237,44.387753]}},{"type":"Feature","properties":{"stop_id":"barrie-transit:485","stop_code":"485","stop_name":"Maple at Ross","source_stop_id":"485","agency_id":"barrie-transit","agency_name":"Barrie Transit","route_ids":["10","100","12A","7A","8A"]},"geometry":{"type":"Point","coordinates":[-79.69250726,44.39039984]}},{"type":"Feature","properties":{"stop_id":"barrie-transit:188","stop_code":"188","stop_name":"Collier at Clapperton","source_stop_id":"188","agency_id":"barrie-transit","agency_name":"Barrie Transit","route_ids":["8A"]},"geometry":{"type":"Point","coordinates":[-79.69020332,44.39030032]}},{"type":"Feature","properties":{"stop_id":"barrie-transit:192","stop_code":"192","stop_name":"Owen Street","source_stop_id":"192","agency_id":"barrie-transit","agency_name":"Barrie Transit","route_ids":["101","11","8A"]},"geometry":{"type":"Point","coordinates":[-79.6875199489307,44.3903620177723]}},{"type":"Feature","properties":{"stop_id":"barrie-transit:189","stop_code":"189","stop_name":"Collier at Mulcaster","source_stop_id":"189","agency_id":"barrie-transit","agency_name":"Barrie Transit","route_ids":["101","8A"]},"geometry":{"type":"Point","coordinates":[-79.68509193,44.39037224]}},{"type":"Feature","properties":{"stop_id":"barrie-transit:194","stop_code":"194","stop_name":"Poyntz Street","source_stop_id":"194","agency_id":"barrie-transit","agency_name":"Barrie Transit","route_ids":["8A"]},"geometry":{"type":"Point","coordinates":[-79.68326777,44.39042963]}},{"type":"Feature","properties":{"stop_id":"barrie-transit:186","stop_code":"186","stop_name":"Albert Street","source_stop_id":"186","agency_id":"barrie-transit","agency_name":"Barrie Transit","route_ids":["8A"]},"geometry":{"type":"Point","coordinates":[-79.67958159,44.39104266]}},{"type":"Feature","properties":{"stop_id":"barrie-transit:128","stop_code":"128","stop_name":"17 Blake Street","source_stop_id":"128","agency_id":"barrie-transit","agency_name":"Barrie Transit","route_ids":["101","8A"]},"geometry":{"type":"Point","coordinates":[-79.676045380258,44.3917325864692]}},{"type":"Feature","properties":{"stop_id":"barrie-transit:141","stop_code":"141","stop_name":"St. Vincent Street","source_stop_id":"141","agency_id":"barrie-transit","agency_name":"Barrie Transit","route_ids":["8A"]},"geometry":{"type":"Point","coordinates":[-79.67344728,44.39260564]}},{"type":"Feature","properties":{"stop_id":"barrie-transit:139","stop_code":"139","stop_name":"Rodney Street","source_stop_id":"139","agency_id":"barrie-transit","agency_name":"Barrie Transit","route_ids":["8A"]},"geometry":{"type":"Point","coordinates":[-79.67096589,44.39346245]}},{"type":"Feature","properties":{"stop_id":"barrie-transit:136","stop_code":"136","stop_name":"Parkview Center","source_stop_id":"136","agency_id":"barrie-transit","agency_name":"Barrie Transit","route_ids":["101","8A"]},"geometry":{"type":"Point","coordinates":[-79.6653625836768,44.395264596734]}},{"type":"Feature","properties":{"stop_id":"barrie-transit:143","stop_code":"143","stop_name":"Vancouver Street","source_stop_id":"143","agency_id":"barrie-transit","agency_name":"Barrie Transit","route_ids":["8A"]},"geometry":{"type":"Point","coordinates":[-79.6630954564474,44.3950889941334]}},{"type":"Feature","properties":{"stop_id":"barrie-transit:129","stop_code":"129","stop_name":"Blake at Johnson","source_stop_id":"129","agency_id":"barrie-transit","agency_name":"Barrie Transit","route_ids":["8A"]},"geometry":{"type":"Point","coordinates":[-79.656976056121,44.3970776627774]}},{"type":"Feature","properties":{"stop_id":"barrie-transit:182","stop_code":"182","stop_name":"Blake at Huron","source_stop_id":"182","agency_id":"barrie-transit","agency_name":"Barrie Transit","route_ids":["8A"]},"geometry":{"type":"Point","coordinates":[-79.6531975107386,44.398521929426]}},{"type":"Feature","properties":{"stop_id":"barrie-transit:184","stop_code":"184","stop_name":"429 Blake Street","source_stop_id":"184","agency_id":"barrie-transit","agency_name":"Barrie Transit","route_ids":["8A"]},"geometry":{"type":"Point","coordinates":[-79.650872,44.399395]}},{"type":"Feature","properties":{"stop_id":"barrie-transit:183","stop_code":"183","stop_name":"Steel Street","source_stop_id":"183","agency_id":"barrie-transit","agency_name":"Barrie Transit","route_ids":["8A"]},"geometry":{"type":"Point","coordinates":[-79.651577074363,44.4007458488582]}},{"type":"Feature","properties":{"stop_id":"barrie-transit:414","stop_code":"414","stop_name":"Johnson at Steel","source_stop_id":"414","agency_id":"barrie-transit","agency_name":"Barrie Transit","route_ids":["8A"]},"geometry":{"type":"Point","coordinates":[-79.6557697363725,44.401384342884]}},{"type":"Feature","properties":{"stop_id":"barrie-transit:409","stop_code":"409","stop_name":"Johnson at Hickling Trail","source_stop_id":"409","agency_id":"barrie-transit","agency_name":"Barrie Transit","route_ids":["101","8A"]},"geometry":{"type":"Point","coordinates":[-79.655301,44.4038]}},{"type":"Feature","properties":{"stop_id":"barrie-transit:410","stop_code":"410","stop_name":"Johnson at Mayor","source_stop_id":"410","agency_id":"barrie-transit","agency_name":"Barrie Transit","route_ids":["101","8A"]},"geometry":{"type":"Point","coordinates":[-79.654712,44.406942]}},{"type":"Feature","properties":{"stop_id":"barrie-transit:401","stop_code":"401","stop_name":"Cheltenham Road","source_stop_id":"401","agency_id":"barrie-transit","agency_name":"Barrie Transit","route_ids":["101","8A"]},"geometry":{"type":"Point","coordinates":[-79.65379228,44.41169531]}},{"type":"Feature","properties":{"stop_id":"barrie-transit:406","stop_code":"406","stop_name":"Johnson at Georgian","source_stop_id":"406","agency_id":"barrie-transit","agency_name":"Barrie Transit","route_ids":["8A"]},"geometry":{"type":"Point","coordinates":[-79.65333888,44.41529301]}},{"type":"Feature","properties":{"stop_id":"barrie-transit:325","stop_code":"325","stop_name":"314 Georgian Drive","source_stop_id":"325","agency_id":"barrie-transit","agency_name":"Barrie Transit","route_ids":["101","8A"]},"geometry":{"type":"Point","coordinates":[-79.65657733,44.41637423]}},{"type":"Feature","properties":{"stop_id":"barrie-transit:332","stop_code":"332","stop_name":"Gallie Court at Quarry Ridge","source_stop_id":"332","agency_id":"barrie-transit","agency_name":"Barrie Transit","route_ids":["8A"]},"geometry":{"type":"Point","coordinates":[-79.6591837501039,44.4157759497032]}},{"type":"Feature","properties":{"stop_id":"barrie-transit:612","stop_code":"612","stop_name":"RVH Main Entrance","source_stop_id":"612","agency_id":"barrie-transit","agency_name":"Barrie Transit","route_ids":["400","8A"]},"geometry":{"type":"Point","coordinates":[-79.6611757465238,44.4154789801079]}},{"type":"Feature","properties":{"stop_id":"barrie-transit:569","stop_code":"569","stop_name":"RVH (Emergency Entrance)","source_stop_id":"569","agency_id":"barrie-transit","agency_name":"Barrie Transit","route_ids":["101","8A"]},"geometry":{"type":"Point","coordinates":[-79.663549,44.414484]}},{"type":"Feature","properties":{"stop_id":"barrie-transit:330","stop_code":"330","stop_name":"Georgian College","source_stop_id":"330","agency_id":"barrie-transit","agency_name":"Barrie Transit","route_ids":["100","101","400","8A","8B"]},"geometry":{"type":"Point","coordinates":[-79.6691320639331,44.4120865709833]}},{"type":"Feature","properties":{"stop_id":"barrie-transit:331","stop_code":"331","stop_name":"Georgian College","source_stop_id":"331","agency_id":"barrie-transit","agency_name":"Barrie Transit","route_ids":["11","7A"]},"geometry":{"type":"Point","coordinates":[-79.6685374842606,44.4104614425435]}},{"type":"Feature","properties":{"stop_id":"barrie-transit:251","stop_code":"251","stop_name":"Rose Street","source_stop_id":"251","agency_id":"barrie-transit","agency_name":"Barrie Transit","route_ids":["7A","7B"]},"geometry":{"type":"Point","coordinates":[-79.673891523654,44.4100089152123]}},{"type":"Feature","properties":{"stop_id":"barrie-transit:725","stop_code":"725","stop_name":"Barrie South GO Station","source_stop_id":"725","agency_id":"barrie-transit","agency_name":"Barrie Transit","route_ids":["15A","15B","8A","8B"]},"geometry":{"type":"Point","coordinates":[-79.62838858,44.35185862]}},{"type":"Feature","properties":{"stop_id":"barrie-transit:782","stop_code":"782","stop_name":"Country Lane","source_stop_id":"782","agency_id":"barrie-transit","agency_name":"Barrie Transit","route_ids":["8B"]},"geometry":{"type":"Point","coordinates":[-79.63273005,44.35162742]}},{"type":"Feature","properties":{"stop_id":"barrie-transit:783","stop_code":"783","stop_name":"Esther Drive","source_stop_id":"783","agency_id":"barrie-transit","agency_name":"Barrie Transit","route_ids":["8B"]},"geometry":{"type":"Point","coordinates":[-79.63584556,44.35275154]}},{"type":"Feature","properties":{"stop_id":"barrie-transit:784","stop_code":"784","stop_name":"Yonge at Ashford","source_stop_id":"784","agency_id":"barrie-transit","agency_name":"Barrie Transit","route_ids":["8B"]},"geometry":{"type":"Point","coordinates":[-79.640712,44.354506]}},{"type":"Feature","properties":{"stop_id":"barrie-transit:724","stop_code":"724","stop_name":"Big Bay Plaza","source_stop_id":"724","agency_id":"barrie-transit","agency_name":"Barrie Transit","route_ids":["8B"]},"geometry":{"type":"Point","coordinates":[-79.64462188,44.35587356]}},{"type":"Feature","properties":{"stop_id":"barrie-transit:704","stop_code":"704","stop_name":"Yonge at Big Bay Point","source_stop_id":"704","agency_id":"barrie-transit","agency_name":"Barrie Transit","route_ids":["15B","8B"]},"geometry":{"type":"Point","coordinates":[-79.646705,44.35662146]}},{"type":"Feature","properties":{"stop_id":"barrie-transit:708","stop_code":"708","stop_name":"Cox Mill Road","source_stop_id":"708","agency_id":"barrie-transit","agency_name":"Barrie Transit","route_ids":["8B"]},"geometry":{"type":"Point","coordinates":[-79.651742,44.358831]}},{"type":"Feature","properties":{"stop_id":"barrie-transit:706","stop_code":"706","stop_name":"Mill Creek","source_stop_id":"706","agency_id":"barrie-transit","agency_name":"Barrie Transit","route_ids":["8B"]},"geometry":{"type":"Point","coordinates":[-79.65346446,44.35967081]}},{"type":"Feature","properties":{"stop_id":"barrie-transit:710","stop_code":"710","stop_name":"D'Ambrosio Drive","source_stop_id":"710","agency_id":"barrie-transit","agency_name":"Barrie Transit","route_ids":["8B"]},"geometry":{"type":"Point","coordinates":[-79.65540499,44.3608334]}},{"type":"Feature","properties":{"stop_id":"barrie-transit:721","stop_code":"721","stop_name":"MacMillan Crescent","source_stop_id":"721","agency_id":"barrie-transit","agency_name":"Barrie Transit","route_ids":["8B"]},"geometry":{"type":"Point","coordinates":[-79.65797763,44.36288783]}},{"type":"Feature","properties":{"stop_id":"barrie-transit:720","stop_code":"720","stop_name":"Maclaren Avenue","source_stop_id":"720","agency_id":"barrie-transit","agency_name":"Barrie Transit","route_ids":["8B"]},"geometry":{"type":"Point","coordinates":[-79.660047,44.364547]}},{"type":"Feature","properties":{"stop_id":"barrie-transit:717","stop_code":"717","stop_name":"Yonge at Little","source_stop_id":"717","agency_id":"barrie-transit","agency_name":"Barrie Transit","route_ids":["8B"]},"geometry":{"type":"Point","coordinates":[-79.66246134,44.36649642]}},{"type":"Feature","properties":{"stop_id":"barrie-transit:711","stop_code":"711","stop_name":"Foster Drive","source_stop_id":"711","agency_id":"barrie-transit","agency_name":"Barrie Transit","route_ids":["8B"]},"geometry":{"type":"Point","coordinates":[-79.66626824,44.36889988]}},{"type":"Feature","properties":{"stop_id":"barrie-transit:715","stop_code":"715","stop_name":"Yonge at Huronia","source_stop_id":"715","agency_id":"barrie-transit","agency_name":"Barrie Transit","route_ids":["8B"]},"geometry":{"type":"Point","coordinates":[-79.670599,44.370509]}},{"type":"Feature","properties":{"stop_id":"barrie-transit:171","stop_code":"171","stop_name":"Peartree Court","source_stop_id":"171","agency_id":"barrie-transit","agency_name":"Barrie Transit","route_ids":["8B"]},"geometry":{"type":"Point","coordinates":[-79.674817,44.371134]}},{"type":"Feature","properties":{"stop_id":"barrie-transit:172","stop_code":"172","stop_name":"Robinson Street","source_stop_id":"172","agency_id":"barrie-transit","agency_name":"Barrie Transit","route_ids":["8B"]},"geometry":{"type":"Point","coordinates":[-79.6807948300078,44.3715655747388]}},{"type":"Feature","properties":{"stop_id":"barrie-transit:163","stop_code":"163","stop_name":"Burton at Bayview","source_stop_id":"163","agency_id":"barrie-transit","agency_name":"Barrie Transit","route_ids":["8B"]},"geometry":{"type":"Point","coordinates":[-79.68556396,44.37112665]}},{"type":"Feature","properties":{"stop_id":"barrie-transit:167","stop_code":"167","stop_name":"Granville Street","source_stop_id":"167","agency_id":"barrie-transit","agency_name":"Barrie Transit","route_ids":["8B"]},"geometry":{"type":"Point","coordinates":[-79.69052443,44.3716525]}},{"type":"Feature","properties":{"stop_id":"barrie-transit:9012","stop_code":"9012","stop_name":"Barrie Allandale Transit Terminal Platform 12","source_stop_id":"9012","agency_id":"barrie-transit","agency_name":"Barrie Transit","route_ids":["8B"]},"geometry":{"type":"Point","coordinates":[-79.6904054879236,44.3742136011531]}},{"type":"Feature","properties":{"stop_id":"barrie-transit:777","stop_code":"777","stop_name":"Park Place","source_stop_id":"777","agency_id":"barrie-transit","agency_name":"Barrie Transit","route_ids":["12A","12B","2A","2B","400","7A","7B","8A","8B"]},"geometry":{"type":"Point","coordinates":[-79.6803262502088,44.3403906345005]}},{"type":"Feature","properties":{"stop_id":"barrie-transit:968","stop_code":"968","stop_name":"Barrie Primary Care Centre","source_stop_id":"968","agency_id":"barrie-transit","agency_name":"Barrie Transit","route_ids":["12A","400"]},"geometry":{"type":"Point","coordinates":[-79.67911743,44.34727521]}},{"type":"Feature","properties":{"stop_id":"barrie-transit:832","stop_code":"832","stop_name":"Big Bay Point at Fairview","source_stop_id":"832","agency_id":"barrie-transit","agency_name":"Barrie Transit","route_ids":["400"]},"geometry":{"type":"Point","coordinates":[-79.685384,44.349134]}},{"type":"Feature","properties":{"stop_id":"barrie-transit:662","stop_code":"662","stop_name":"Veteran's at Essa","source_stop_id":"662","agency_id":"barrie-transit","agency_name":"Barrie Transit","route_ids":["2A","400"]},"geometry":{"type":"Point","coordinates":[-79.70389522,44.34682915]}},{"type":"Feature","properties":{"stop_id":"barrie-transit:295","stop_code":"295","stop_name":"Beacon Road","source_stop_id":"295","agency_id":"barrie-transit","agency_name":"Barrie Transit","route_ids":["400","8A"]},"geometry":{"type":"Point","coordinates":[-79.7000850994681,44.3511477130543]}},{"type":"Feature","properties":{"stop_id":"barrie-transit:296","stop_code":"296","stop_name":"Bryne Drive","source_stop_id":"296","agency_id":"barrie-transit","agency_name":"Barrie Transit","route_ids":["400","8A"]},"geometry":{"type":"Point","coordinates":[-79.69807715,44.3576689]}},{"type":"Feature","properties":{"stop_id":"barrie-transit:63","stop_code":"63","stop_name":"Rose at Highway 400","source_stop_id":"63","agency_id":"barrie-transit","agency_name":"Barrie Transit","route_ids":["400"]},"geometry":{"type":"Point","coordinates":[-79.6975396702252,44.3989014072531]}},{"type":"Feature","properties":{"stop_id":"barrie-transit:329","stop_code":"329","stop_name":"Georgian at Govenors","source_stop_id":"329","agency_id":"barrie-transit","agency_name":"Barrie Transit","route_ids":["400"]},"geometry":{"type":"Point","coordinates":[-79.668493314166,44.4144616428317]}},{"type":"Feature","properties":{"stop_id":"barrie-transit:62","stop_code":"62","stop_name":"Bayfield at Highway 400","source_stop_id":"62","agency_id":"barrie-transit","agency_name":"Barrie Transit","route_ids":["101","400"]},"geometry":{"type":"Point","coordinates":[-79.699485,44.399913]}},{"type":"Feature","properties":{"stop_id":"barrie-transit:294","stop_code":"294","stop_name":"Essa at Ardagh","source_stop_id":"294","agency_id":"barrie-transit","agency_name":"Barrie Transit","route_ids":["400","8B"]},"geometry":{"type":"Point","coordinates":[-79.6986073052161,44.3573986114411]}},{"type":"Feature","properties":{"stop_id":"barrie-transit:307","stop_code":"307","stop_name":"Loggers Run","source_stop_id":"307","agency_id":"barrie-transit","agency_name":"Barrie Transit","route_ids":["400","8B"]},"geometry":{"type":"Point","coordinates":[-79.7005185419228,44.3509698866825]}},{"type":"Feature","properties":{"stop_id":"barrie-transit:847","stop_code":"847","stop_name":"Veteran's at Essa","source_stop_id":"847","agency_id":"barrie-transit","agency_name":"Barrie Transit","route_ids":["2B","400"]},"geometry":{"type":"Point","coordinates":[-79.7040699999913,44.3467173218464]}},{"type":"Feature","properties":{"stop_id":"barrie-transit:833","stop_code":"833","stop_name":"Big Bay Point at Fairview","source_stop_id":"833","agency_id":"barrie-transit","agency_name":"Barrie Transit","route_ids":["400"]},"geometry":{"type":"Point","coordinates":[-79.683827,44.348947]}},{"type":"Feature","properties":{"stop_id":"barrie-transit:969","stop_code":"969","stop_name":"Barrie Primary Care Centre","source_stop_id":"969","agency_id":"barrie-transit","agency_name":"Barrie Transit","route_ids":["12B","400"]},"geometry":{"type":"Point","coordinates":[-79.6795899975056,44.3480152993211]}},{"type":"Feature","properties":{"stop_id":"barrie-transit:333","stop_code":"333","stop_name":"RVH Main Entrance","source_stop_id":"333","agency_id":"barrie-transit","agency_name":"Barrie Transit","route_ids":["8A","8B"]},"geometry":{"type":"Point","coordinates":[-79.6593701636416,44.4152515778096]}},{"type":"Feature","properties":{"stop_id":"barrie-transit:73","stop_code":"73","stop_name":"Bayfield at Wellington","source_stop_id":"73","agency_id":"barrie-transit","agency_name":"Barrie Transit","route_ids":["100","12A","7A"]},"geometry":{"type":"Point","coordinates":[-79.69412,44.394131]}},{"type":"Feature","properties":{"stop_id":"barrie-transit:67","stop_code":"67","stop_name":"Grove Street","source_stop_id":"67","agency_id":"barrie-transit","agency_name":"Barrie Transit","route_ids":["100","12A","7A"]},"geometry":{"type":"Point","coordinates":[-79.69624255,44.39659223]}},{"type":"Feature","properties":{"stop_id":"barrie-transit:57","stop_code":"57","stop_name":"Bayfield at Highway 400","source_stop_id":"57","agency_id":"barrie-transit","agency_name":"Barrie Transit","route_ids":["100","12A"]},"geometry":{"type":"Point","coordinates":[-79.6979186901314,44.3985375544438]}},{"type":"Feature","properties":{"stop_id":"barrie-transit:59","stop_code":"59","stop_name":"Coulter Street","source_stop_id":"59","agency_id":"barrie-transit","agency_name":"Barrie Transit","route_ids":["100","12A"]},"geometry":{"type":"Point","coordinates":[-79.699795,44.400654]}},{"type":"Feature","properties":{"stop_id":"barrie-transit:65","stop_code":"65","stop_name":"Ferris Lane","source_stop_id":"65","agency_id":"barrie-transit","agency_name":"Barrie Transit","route_ids":["100","12A"]},"geometry":{"type":"Point","coordinates":[-79.701782,44.402915]}},{"type":"Feature","properties":{"stop_id":"barrie-transit:61","stop_code":"61","stop_name":"Bayfield at Cundles","source_stop_id":"61","agency_id":"barrie-transit","agency_name":"Barrie Transit","route_ids":["100","12A"]},"geometry":{"type":"Point","coordinates":[-79.70328888,44.40466177]}},{"type":"Feature","properties":{"stop_id":"barrie-transit:70","stop_code":"70","stop_name":"Springwater plaza","source_stop_id":"70","agency_id":"barrie-transit","agency_name":"Barrie Transit","route_ids":["100","12A"]},"geometry":{"type":"Point","coordinates":[-79.70620755,44.40802404]}},{"type":"Feature","properties":{"stop_id":"barrie-transit:441","stop_code":"441","stop_name":"Georgian Mall","source_stop_id":"441","agency_id":"barrie-transit","agency_name":"Barrie Transit","route_ids":["10","100","8B"]},"geometry":{"type":"Point","coordinates":[-79.7051031711759,44.4110941535887]}},{"type":"Feature","properties":{"stop_id":"barrie-transit:443","stop_code":"443","stop_name":"Celeste Drive","source_stop_id":"443","agency_id":"barrie-transit","agency_name":"Barrie Transit","route_ids":["10","100"]},"geometry":{"type":"Point","coordinates":[-79.7010938,44.41588126]}},{"type":"Feature","properties":{"stop_id":"barrie-transit:445","stop_code":"445","stop_name":"Meyer Avenue","source_stop_id":"445","agency_id":"barrie-transit","agency_name":"Barrie Transit","route_ids":["10","100"]},"geometry":{"type":"Point","coordinates":[-79.69606761,44.41804245]}},{"type":"Feature","properties":{"stop_id":"barrie-transit:635","stop_code":"635","stop_name":"Rolston Drive","source_stop_id":"635","agency_id":"barrie-transit","agency_name":"Barrie Transit","route_ids":["100"]},"geometry":{"type":"Point","coordinates":[-79.6925745933879,44.4156935761352]}},{"type":"Feature","properties":{"stop_id":"barrie-transit:634","stop_code":"634","stop_name":"Robin Court","source_stop_id":"634","agency_id":"barrie-transit","agency_name":"Barrie Transit","route_ids":["100"]},"geometry":{"type":"Point","coordinates":[-79.689336,44.41184]}},{"type":"Feature","properties":{"stop_id":"barrie-transit:106","stop_code":"106","stop_name":"Alliance Boulevard","source_stop_id":"106","agency_id":"barrie-transit","agency_name":"Barrie Transit","route_ids":["100","8B"]},"geometry":{"type":"Point","coordinates":[-79.6848232302852,44.4073044512153]}},{"type":"Feature","properties":{"stop_id":"barrie-transit:108","stop_code":"108","stop_name":"115 Bell Farm","source_stop_id":"108","agency_id":"barrie-transit","agency_name":"Barrie Transit","route_ids":["100","8B"]},"geometry":{"type":"Point","coordinates":[-79.67581077,44.4107726]}},{"type":"Feature","properties":{"stop_id":"barrie-transit:559","stop_code":"559","stop_name":"RVH (Atrium Entrance)","source_stop_id":"559","agency_id":"barrie-transit","agency_name":"Barrie Transit","route_ids":["100","8B"]},"geometry":{"type":"Point","coordinates":[-79.663366,44.414355]}},{"type":"Feature","properties":{"stop_id":"barrie-transit:326","stop_code":"326","stop_name":"322 Georgian Drive","source_stop_id":"326","agency_id":"barrie-transit","agency_name":"Barrie Transit","route_ids":["100","8B"]},"geometry":{"type":"Point","coordinates":[-79.6584840334326,44.4164005279766]}},{"type":"Feature","properties":{"stop_id":"barrie-transit:402","stop_code":"402","stop_name":"Cheltenham Road","source_stop_id":"402","agency_id":"barrie-transit","agency_name":"Barrie Transit","route_ids":["100","8B"]},"geometry":{"type":"Point","coordinates":[-79.65399405,44.41152705]}},{"type":"Feature","properties":{"stop_id":"barrie-transit:411","stop_code":"411","stop_name":"Hickling Trail","source_stop_id":"411","agency_id":"barrie-transit","agency_name":"Barrie Transit","route_ids":["100","8B"]},"geometry":{"type":"Point","coordinates":[-79.65458849,44.40830721]}},{"type":"Feature","properties":{"stop_id":"barrie-transit:407","stop_code":"407","stop_name":"Johnson at Grove","source_stop_id":"407","agency_id":"barrie-transit","agency_name":"Barrie Transit","route_ids":["100","8B"]},"geometry":{"type":"Point","coordinates":[-79.65513496,44.40542054]}},{"type":"Feature","properties":{"stop_id":"barrie-transit:399","stop_code":"399","stop_name":"Johnson at Blake","source_stop_id":"399","agency_id":"barrie-transit","agency_name":"Barrie Transit","route_ids":["100"]},"geometry":{"type":"Point","coordinates":[-79.656562,44.397829]}},{"type":"Feature","properties":{"stop_id":"barrie-transit:135","stop_code":"135","stop_name":"Parkview Center","source_stop_id":"135","agency_id":"barrie-transit","agency_name":"Barrie Transit","route_ids":["100","8B"]},"geometry":{"type":"Point","coordinates":[-79.6655858894923,44.3954270587128]}},{"type":"Feature","properties":{"stop_id":"barrie-transit:131","stop_code":"131","stop_name":"Collier Street","source_stop_id":"131","agency_id":"barrie-transit","agency_name":"Barrie Transit","route_ids":["100","8B"]},"geometry":{"type":"Point","coordinates":[-79.676653633905,44.3916623412528]}},{"type":"Feature","properties":{"stop_id":"barrie-transit:190","stop_code":"190","stop_name":"Collier at Mulcaster","source_stop_id":"190","agency_id":"barrie-transit","agency_name":"Barrie Transit","route_ids":["100","8B"]},"geometry":{"type":"Point","coordinates":[-79.68510446,44.39053858]}},{"type":"Feature","properties":{"stop_id":"barrie-transit:191","stop_code":"191","stop_name":"Owen Street","source_stop_id":"191","agency_id":"barrie-transit","agency_name":"Barrie Transit","route_ids":["10","100","8B"]},"geometry":{"type":"Point","coordinates":[-79.6876996569454,44.390480034976]}},{"type":"Feature","properties":{"stop_id":"barrie-transit:88","stop_code":"88","stop_name":"Bayfield at Dunlop","source_stop_id":"88","agency_id":"barrie-transit","agency_name":"Barrie Transit","route_ids":["10","100"]},"geometry":{"type":"Point","coordinates":[-79.6905018781608,44.3894998733594]}},{"type":"Feature","properties":{"stop_id":"barrie-transit:405","stop_code":"405","stop_name":"Johnson at Georgian","source_stop_id":"405","agency_id":"barrie-transit","agency_name":"Barrie Transit","route_ids":["8B"]},"geometry":{"type":"Point","coordinates":[-79.65353099,44.41534493]}},{"type":"Feature","properties":{"stop_id":"barrie-transit:413","stop_code":"413","stop_name":"Steel Street","source_stop_id":"413","agency_id":"barrie-transit","agency_name":"Barrie Transit","route_ids":["8B"]},"geometry":{"type":"Point","coordinates":[-79.6559361118491,44.4012552861428]}},{"type":"Feature","properties":{"stop_id":"barrie-transit:343","stop_code":"343","stop_name":"Steel at Blake ","source_stop_id":"343","agency_id":"barrie-transit","agency_name":"Barrie Transit","route_ids":["8B"]},"geometry":{"type":"Point","coordinates":[-79.6518195072002,44.4006405645997]}},{"type":"Feature","properties":{"stop_id":"barrie-transit:911","stop_code":"911","stop_name":"Lions Gate Centre","source_stop_id":"911","agency_id":"barrie-transit","agency_name":"Barrie Transit","route_ids":["8B"]},"geometry":{"type":"Point","coordinates":[-79.6533941179781,44.3985965562173]}},{"type":"Feature","properties":{"stop_id":"barrie-transit:959","stop_code":"959","stop_name":"Johnson at Indian Arrow Road","source_stop_id":"959","agency_id":"barrie-transit","agency_name":"Barrie Transit","route_ids":["8B"]},"geometry":{"type":"Point","coordinates":[-79.65679556,44.39634709]}},{"type":"Feature","properties":{"stop_id":"barrie-transit:142","stop_code":"142","stop_name":"Vancouver Street","source_stop_id":"142","agency_id":"barrie-transit","agency_name":"Barrie Transit","route_ids":["8B"]},"geometry":{"type":"Point","coordinates":[-79.6627636817308,44.3952250861948]}},{"type":"Feature","properties":{"stop_id":"barrie-transit:138","stop_code":"138","stop_name":"Rodney Street","source_stop_id":"138","agency_id":"barrie-transit","agency_name":"Barrie Transit","route_ids":["8B"]},"geometry":{"type":"Point","coordinates":[-79.6706627183209,44.3937287480268]}},{"type":"Feature","properties":{"stop_id":"barrie-transit:140","stop_code":"140","stop_name":"St. Vincent Street","source_stop_id":"140","agency_id":"barrie-transit","agency_name":"Barrie Transit","route_ids":["8B"]},"geometry":{"type":"Point","coordinates":[-79.6731583504696,44.392862590599]}},{"type":"Feature","properties":{"stop_id":"barrie-transit:185","stop_code":"185","stop_name":"Collier at Berczy","source_stop_id":"185","agency_id":"barrie-transit","agency_name":"Barrie Transit","route_ids":["8B"]},"geometry":{"type":"Point","coordinates":[-79.680825883148,44.3906648708922]}},{"type":"Feature","properties":{"stop_id":"barrie-transit:193","stop_code":"193","stop_name":"Poyntz Street","source_stop_id":"193","agency_id":"barrie-transit","agency_name":"Barrie Transit","route_ids":["8B"]},"geometry":{"type":"Point","coordinates":[-79.68288564,44.39053749]}},{"type":"Feature","properties":{"stop_id":"barrie-transit:187","stop_code":"187","stop_name":"Collier at Clapperton ","source_stop_id":"187","agency_id":"barrie-transit","agency_name":"Barrie Transit","route_ids":["8B"]},"geometry":{"type":"Point","coordinates":[-79.69033262,44.39046905]}},{"type":"Feature","properties":{"stop_id":"barrie-transit:486","stop_code":"486","stop_name":"Maple at Ross","source_stop_id":"486","agency_id":"barrie-transit","agency_name":"Barrie Transit","route_ids":["101","11","12B","7B","8B"]},"geometry":{"type":"Point","coordinates":[-79.69253335,44.39018841]}},{"type":"Feature","properties":{"stop_id":"barrie-transit:1","stop_code":"1","stop_name":"Downtown Hub","source_stop_id":"1","agency_id":"barrie-transit","agency_name":"Barrie Transit","route_ids":["101","11","12B","2A","2B","7B","8B"]},"geometry":{"type":"Point","coordinates":[-79.690372,44.387588]}},{"type":"Feature","properties":{"stop_id":"barrie-transit:159","stop_code":"159","stop_name":"Lakeshore at Marina","source_stop_id":"159","agency_id":"barrie-transit","agency_name":"Barrie Transit","route_ids":["8B"]},"geometry":{"type":"Point","coordinates":[-79.691085,44.384954]}},{"type":"Feature","properties":{"stop_id":"barrie-transit:157","stop_code":"157","stop_name":"Lakeshore at Victoria","source_stop_id":"157","agency_id":"barrie-transit","agency_name":"Barrie Transit","route_ids":["8B"]},"geometry":{"type":"Point","coordinates":[-79.6908644485977,44.3819819844822]}},{"type":"Feature","properties":{"stop_id":"barrie-transit:155","stop_code":"155","stop_name":"Lakeshore at Centennial","source_stop_id":"155","agency_id":"barrie-transit","agency_name":"Barrie Transit","route_ids":["8B"]},"geometry":{"type":"Point","coordinates":[-79.6902760102188,44.3784485290597]}},{"type":"Feature","properties":{"stop_id":"barrie-transit:9004","stop_code":"9004","stop_name":"Barrie Allandale Transit Terminal Platform 4","source_stop_id":"9004","agency_id":"barrie-transit","agency_name":"Barrie Transit","route_ids":["8B"]},"geometry":{"type":"Point","coordinates":[-79.6895401784604,44.3738992303515]}},{"type":"Feature","properties":{"stop_id":"barrie-transit:818","stop_code":"818","stop_name":"Burton Avenue","source_stop_id":"818","agency_id":"barrie-transit","agency_name":"Barrie Transit","route_ids":["12B","8B"]},"geometry":{"type":"Point","coordinates":[-79.692628028649,44.3714356529379]}},{"type":"Feature","properties":{"stop_id":"barrie-transit:293","stop_code":"293","stop_name":"Essa at Anne","source_stop_id":"293","agency_id":"barrie-transit","agency_name":"Barrie Transit","route_ids":["8B"]},"geometry":{"type":"Point","coordinates":[-79.69510843,44.36787963]}},{"type":"Feature","properties":{"stop_id":"barrie-transit:300","stop_code":"300","stop_name":"Essa at Fairview","source_stop_id":"300","agency_id":"barrie-transit","agency_name":"Barrie Transit","route_ids":["8B"]},"geometry":{"type":"Point","coordinates":[-79.697384,44.364613]}},{"type":"Feature","properties":{"stop_id":"barrie-transit:306","stop_code":"306","stop_name":"Loggers Run","source_stop_id":"306","agency_id":"barrie-transit","agency_name":"Barrie Transit","route_ids":["8B"]},"geometry":{"type":"Point","coordinates":[-79.69942096,44.35499844]}},{"type":"Feature","properties":{"stop_id":"barrie-transit:312","stop_code":"312","stop_name":"Essa at Veteran's","source_stop_id":"312","agency_id":"barrie-transit","agency_name":"Barrie Transit","route_ids":["8B"]},"geometry":{"type":"Point","coordinates":[-79.704667,44.346517]}},{"type":"Feature","properties":{"stop_id":"barrie-transit:304","stop_code":"304","stop_name":"Harvie Road","source_stop_id":"304","agency_id":"barrie-transit","agency_name":"Barrie Transit","route_ids":["8B"]},"geometry":{"type":"Point","coordinates":[-79.70590984,44.34432976]}},{"type":"Feature","properties":{"stop_id":"barrie-transit:290","stop_code":"290","stop_name":"Roberta Place","source_stop_id":"290","agency_id":"barrie-transit","agency_name":"Barrie Transit","route_ids":["8B"]},"geometry":{"type":"Point","coordinates":[-79.70716838,44.34217844]}},{"type":"Feature","properties":{"stop_id":"barrie-transit:494","stop_code":"494","stop_name":"Mapleton at Essa","source_stop_id":"494","agency_id":"barrie-transit","agency_name":"Barrie Transit","route_ids":["7A","8B"]},"geometry":{"type":"Point","coordinates":[-79.70998171,44.33965923]}},{"type":"Feature","properties":{"stop_id":"barrie-transit:492","stop_code":"492","stop_name":"Emms Drive","source_stop_id":"492","agency_id":"barrie-transit","agency_name":"Barrie Transit","route_ids":["7A","8B"]},"geometry":{"type":"Point","coordinates":[-79.71360782,44.34062273]}},{"type":"Feature","properties":{"stop_id":"barrie-transit:487","stop_code":"487","stop_name":"Peggy Hill Community Centre","source_stop_id":"487","agency_id":"barrie-transit","agency_name":"Barrie Transit","route_ids":["7A","8B"]},"geometry":{"type":"Point","coordinates":[-79.7171497,44.33993688]}},{"type":"Feature","properties":{"stop_id":"barrie-transit:540","stop_code":"540","stop_name":"Bibby Court","source_stop_id":"540","agency_id":"barrie-transit","agency_name":"Barrie Transit","route_ids":["8B"]},"geometry":{"type":"Point","coordinates":[-79.72003714,44.33854098]}},{"type":"Feature","properties":{"stop_id":"barrie-transit:546","stop_code":"546","stop_name":"Farmstead Crescent","source_stop_id":"546","agency_id":"barrie-transit","agency_name":"Barrie Transit","route_ids":["8B"]},"geometry":{"type":"Point","coordinates":[-79.71945808,44.33625379]}},{"type":"Feature","properties":{"stop_id":"barrie-transit:541","stop_code":"541","stop_name":"Churchland Drive","source_stop_id":"541","agency_id":"barrie-transit","agency_name":"Barrie Transit","route_ids":["8B"]},"geometry":{"type":"Point","coordinates":[-79.72055565,44.33385271]}},{"type":"Feature","properties":{"stop_id":"barrie-transit:544","stop_code":"544","stop_name":"Downing Cresent","source_stop_id":"544","agency_id":"barrie-transit","agency_name":"Barrie Transit","route_ids":["8B"]},"geometry":{"type":"Point","coordinates":[-79.72428821,44.33161711]}},{"type":"Feature","properties":{"stop_id":"barrie-transit:551","stop_code":"551","stop_name":"Sundew Drive","source_stop_id":"551","agency_id":"barrie-transit","agency_name":"Barrie Transit","route_ids":["8B"]},"geometry":{"type":"Point","coordinates":[-79.72534005,44.32871691]}},{"type":"Feature","properties":{"stop_id":"barrie-transit:550","stop_code":"550","stop_name":"Marsellus at Mapleview","source_stop_id":"550","agency_id":"barrie-transit","agency_name":"Barrie Transit","route_ids":["8B"]},"geometry":{"type":"Point","coordinates":[-79.72481436,44.32671816]}},{"type":"Feature","properties":{"stop_id":"barrie-transit:472","stop_code":"472","stop_name":"Lougheed at Mapleview","source_stop_id":"472","agency_id":"barrie-transit","agency_name":"Barrie Transit","route_ids":["8B"]},"geometry":{"type":"Point","coordinates":[-79.7290948,44.32473266]}},{"type":"Feature","properties":{"stop_id":"barrie-transit:48","stop_code":"48","stop_name":"Lougheed Road","source_stop_id":"48","agency_id":"barrie-transit","agency_name":"Barrie Transit","route_ids":["8B"]},"geometry":{"type":"Point","coordinates":[-79.72753192,44.3218044]}},{"type":"Feature","properties":{"stop_id":"barrie-transit:50","stop_code":"50","stop_name":"Rundle Cresent","source_stop_id":"50","agency_id":"barrie-transit","agency_name":"Barrie Transit","route_ids":["8B"]},"geometry":{"type":"Point","coordinates":[-79.72355319,44.32258387]}},{"type":"Feature","properties":{"stop_id":"barrie-transit:45","stop_code":"45","stop_name":"Athabaska at Essa","source_stop_id":"45","agency_id":"barrie-transit","agency_name":"Barrie Transit","route_ids":["8B"]},"geometry":{"type":"Point","coordinates":[-79.72029115,44.32207598]}},{"type":"Feature","properties":{"stop_id":"barrie-transit:298","stop_code":"298","stop_name":"Dunn Street","source_stop_id":"298","agency_id":"barrie-transit","agency_name":"Barrie Transit","route_ids":["8B"]},"geometry":{"type":"Point","coordinates":[-79.7171432728998,44.3244517561209]}},{"type":"Feature","properties":{"stop_id":"barrie-transit:292","stop_code":"292","stop_name":"Ecole Romeo Dallaire","source_stop_id":"292","agency_id":"barrie-transit","agency_name":"Barrie Transit","route_ids":["8B"]},"geometry":{"type":"Point","coordinates":[-79.7159575406882,44.3265123881818]}},{"type":"Feature","properties":{"stop_id":"barrie-transit:870","stop_code":"870","stop_name":"Mapleview at Essa","source_stop_id":"870","agency_id":"barrie-transit","agency_name":"Barrie Transit","route_ids":["7B","8B"]},"geometry":{"type":"Point","coordinates":[-79.713514,44.328896]}},{"type":"Feature","properties":{"stop_id":"barrie-transit:531","stop_code":"531","stop_name":"Hollyholme Farm Road","source_stop_id":"531","agency_id":"barrie-transit","agency_name":"Barrie Transit","route_ids":["7B","8B"]},"geometry":{"type":"Point","coordinates":[-79.70927336,44.32980473]}},{"type":"Feature","properties":{"stop_id":"barrie-transit:534","stop_code":"534","stop_name":"Reid Drive","source_stop_id":"534","agency_id":"barrie-transit","agency_name":"Barrie Transit","route_ids":["7B","8B"]},"geometry":{"type":"Point","coordinates":[-79.70430153,44.33089332]}},{"type":"Feature","properties":{"stop_id":"barrie-transit:539","stop_code":"539","stop_name":"Mapleview at Veteran's","source_stop_id":"539","agency_id":"barrie-transit","agency_name":"Barrie Transit","route_ids":["7B","8B"]},"geometry":{"type":"Point","coordinates":[-79.69937219,44.33201262]}},{"type":"Feature","properties":{"stop_id":"barrie-transit:537","stop_code":"537","stop_name":"125 Mapleview Drive West","source_stop_id":"537","agency_id":"barrie-transit","agency_name":"Barrie Transit","route_ids":["2B","8B"]},"geometry":{"type":"Point","coordinates":[-79.6956955337636,44.3328494607732]}},{"type":"Feature","properties":{"stop_id":"barrie-transit:527","stop_code":"527","stop_name":"Canadian Tire Plaza","source_stop_id":"527","agency_id":"barrie-transit","agency_name":"Barrie Transit","route_ids":["2B","8B"]},"geometry":{"type":"Point","coordinates":[-79.69292148,44.33345762]}},{"type":"Feature","properties":{"stop_id":"barrie-transit:529","stop_code":"529","stop_name":"Bryne Drive","source_stop_id":"529","agency_id":"barrie-transit","agency_name":"Barrie Transit","route_ids":["2B","8B"]},"geometry":{"type":"Point","coordinates":[-79.6906506769021,44.3339930714143]}},{"type":"Feature","properties":{"stop_id":"barrie-transit:525","stop_code":"525","stop_name":"Barrie View Drive","source_stop_id":"525","agency_id":"barrie-transit","agency_name":"Barrie Transit","route_ids":["2B","7B","8B"]},"geometry":{"type":"Point","coordinates":[-79.6880175958364,44.3345261026526]}},{"type":"Feature","properties":{"stop_id":"barrie-transit:736","stop_code":"736","stop_name":"North Village Way","source_stop_id":"736","agency_id":"barrie-transit","agency_name":"Barrie Transit","route_ids":["12A","8B"]},"geometry":{"type":"Point","coordinates":[-79.67819993,44.34150661]}},{"type":"Feature","properties":{"stop_id":"barrie-transit:982","stop_code":"982","stop_name":"47 Churchhill Dr","source_stop_id":"982","agency_id":"barrie-transit","agency_name":"Barrie Transit","route_ids":["8B"]},"geometry":{"type":"Point","coordinates":[-79.6741548876226,44.3443019301488]}},{"type":"Feature","properties":{"stop_id":"barrie-transit:676","stop_code":"676","stop_name":"Churchill Drive","source_stop_id":"676","agency_id":"barrie-transit","agency_name":"Barrie Transit","route_ids":["12B","8B"]},"geometry":{"type":"Point","coordinates":[-79.6697395843112,44.3454591539776]}},{"type":"Feature","properties":{"stop_id":"barrie-transit:677","stop_code":"677","stop_name":"Ellis Drive","source_stop_id":"677","agency_id":"barrie-transit","agency_name":"Barrie Transit","route_ids":["12B","8B"]},"geometry":{"type":"Point","coordinates":[-79.669915,44.348495]}},{"type":"Feature","properties":{"stop_id":"barrie-transit:752","stop_code":"752","stop_name":"Huronia Medical Clinic","source_stop_id":"752","agency_id":"barrie-transit","agency_name":"Barrie Transit","route_ids":["8B"]},"geometry":{"type":"Point","coordinates":[-79.66391904,44.34749335]}},{"type":"Feature","properties":{"stop_id":"barrie-transit:513","stop_code":"513","stop_name":"Mapleview at Huronia","source_stop_id":"513","agency_id":"barrie-transit","agency_name":"Barrie Transit","route_ids":["8B"]},"geometry":{"type":"Point","coordinates":[-79.6613567060982,44.3407190028568]}},{"type":"Feature","properties":{"stop_id":"barrie-transit:519","stop_code":"519","stop_name":"Stunden Lane","source_stop_id":"519","agency_id":"barrie-transit","agency_name":"Barrie Transit","route_ids":["8B"]},"geometry":{"type":"Point","coordinates":[-79.65314658,44.34256241]}},{"type":"Feature","properties":{"stop_id":"barrie-transit:518","stop_code":"518","stop_name":"Seline Crescent","source_stop_id":"518","agency_id":"barrie-transit","agency_name":"Barrie Transit","route_ids":["8B"]},"geometry":{"type":"Point","coordinates":[-79.6484537711538,44.3436345060581]}},{"type":"Feature","properties":{"stop_id":"barrie-transit:965","stop_code":"965","stop_name":"Madelaine Drive","source_stop_id":"965","agency_id":"barrie-transit","agency_name":"Barrie Transit","route_ids":["8B"]},"geometry":{"type":"Point","coordinates":[-79.6438029075502,44.3446419926873]}},{"type":"Feature","properties":{"stop_id":"barrie-transit:966","stop_code":"966","stop_name":"Mapleview at Greer","source_stop_id":"966","agency_id":"barrie-transit","agency_name":"Barrie Transit","route_ids":["8B"]},"geometry":{"type":"Point","coordinates":[-79.6366080350698,44.3462835170264]}},{"type":"Feature","properties":{"stop_id":"barrie-transit:967","stop_code":"967","stop_name":"Goodwin Drive","source_stop_id":"967","agency_id":"barrie-transit","agency_name":"Barrie Transit","route_ids":["8B"]},"geometry":{"type":"Point","coordinates":[-79.63193984,44.34733971]}},{"type":"Feature","properties":{"stop_id":"barrie-transit:954","stop_code":"954","stop_name":"Yonge at Mapleview","source_stop_id":"954","agency_id":"barrie-transit","agency_name":"Barrie Transit","route_ids":["8B"]},"geometry":{"type":"Point","coordinates":[-79.628225,44.349404]}},{"type":"Feature","properties":{"stop_id":"barrie-transit:89","stop_code":"89","stop_name":"Bayfield at Chase McEachern","source_stop_id":"89","agency_id":"barrie-transit","agency_name":"Barrie Transit","route_ids":["101","11"]},"geometry":{"type":"Point","coordinates":[-79.6893494311657,44.3884489290011]}},{"type":"Feature","properties":{"stop_id":"barrie-transit:556","stop_code":"556","stop_name":"Mulcaster at Collier","source_stop_id":"556","agency_id":"barrie-transit","agency_name":"Barrie Transit","route_ids":["11"]},"geometry":{"type":"Point","coordinates":[-79.685422,44.391058]}},{"type":"Feature","properties":{"stop_id":"barrie-transit:558","stop_code":"558","stop_name":"Codrington Street","source_stop_id":"558","agency_id":"barrie-transit","agency_name":"Barrie Transit","route_ids":["11"]},"geometry":{"type":"Point","coordinates":[-79.68554378,44.39333734]}},{"type":"Feature","properties":{"stop_id":"barrie-transit:587","stop_code":"587","stop_name":"Penetang at Berczy","source_stop_id":"587","agency_id":"barrie-transit","agency_name":"Barrie Transit","route_ids":["11"]},"geometry":{"type":"Point","coordinates":[-79.6845021528776,44.394883948272]}},{"type":"Feature","properties":{"stop_id":"barrie-transit:585","stop_code":"585","stop_name":"Dundonald Street","source_stop_id":"585","agency_id":"barrie-transit","agency_name":"Barrie Transit","route_ids":["11"]},"geometry":{"type":"Point","coordinates":[-79.68163124,44.39663299]}},{"type":"Feature","properties":{"stop_id":"barrie-transit:586","stop_code":"586","stop_name":"Penetang at St. Vincent","source_stop_id":"586","agency_id":"barrie-transit","agency_name":"Barrie Transit","route_ids":["11"]},"geometry":{"type":"Point","coordinates":[-79.67817368,44.3987596]}},{"type":"Feature","properties":{"stop_id":"barrie-transit:936","stop_code":"936","stop_name":"Cook Street","source_stop_id":"936","agency_id":"barrie-transit","agency_name":"Barrie Transit","route_ids":["11"]},"geometry":{"type":"Point","coordinates":[-79.6698589384717,44.3990088978748]}},{"type":"Feature","properties":{"stop_id":"barrie-transit:567","stop_code":"567","stop_name":"Napier at Nelson","source_stop_id":"567","agency_id":"barrie-transit","agency_name":"Barrie Transit","route_ids":["11"]},"geometry":{"type":"Point","coordinates":[-79.6653213764542,44.3985925610153]}},{"type":"Feature","properties":{"stop_id":"barrie-transit:568","stop_code":"568","stop_name":"Steel Street","source_stop_id":"568","agency_id":"barrie-transit","agency_name":"Barrie Transit","route_ids":["11"]},"geometry":{"type":"Point","coordinates":[-79.6640278198736,44.4020886362844]}},{"type":"Feature","properties":{"stop_id":"barrie-transit:408","stop_code":"408","stop_name":"Nelson at Grove ","source_stop_id":"408","agency_id":"barrie-transit","agency_name":"Barrie Transit","route_ids":["11"]},"geometry":{"type":"Point","coordinates":[-79.663423,44.405342]}},{"type":"Feature","properties":{"stop_id":"barrie-transit:940","stop_code":"940","stop_name":"Grove at Cook  ","source_stop_id":"940","agency_id":"barrie-transit","agency_name":"Barrie Transit","route_ids":["11"]},"geometry":{"type":"Point","coordinates":[-79.6682130756304,44.4065788459921]}},{"type":"Feature","properties":{"stop_id":"barrie-transit:327","stop_code":"327","stop_name":"Grizzlies Way at Duckworth","source_stop_id":"327","agency_id":"barrie-transit","agency_name":"Barrie Transit","route_ids":["11"]},"geometry":{"type":"Point","coordinates":[-79.6728052102984,44.4109252039477]}},{"type":"Feature","properties":{"stop_id":"barrie-transit:216","stop_code":"216","stop_name":"Cundles at J.C. Massie Way","source_stop_id":"216","agency_id":"barrie-transit","agency_name":"Barrie Transit","route_ids":["11"]},"geometry":{"type":"Point","coordinates":[-79.67614223,44.41661353]}},{"type":"Feature","properties":{"stop_id":"barrie-transit:222","stop_code":"222","stop_name":"Lions Gate","source_stop_id":"222","agency_id":"barrie-transit","agency_name":"Barrie Transit","route_ids":["11"]},"geometry":{"type":"Point","coordinates":[-79.6789985703825,44.4160079607968]}},{"type":"Feature","properties":{"stop_id":"barrie-transit:950","stop_code":"950","stop_name":"Livingstone Street East","source_stop_id":"950","agency_id":"barrie-transit","agency_name":"Barrie Transit","route_ids":["11"]},"geometry":{"type":"Point","coordinates":[-79.683365,44.414121]}},{"type":"Feature","properties":{"stop_id":"barrie-transit:928","stop_code":"928","stop_name":"Osprey Ridge Road ","source_stop_id":"928","agency_id":"barrie-transit","agency_name":"Barrie Transit","route_ids":["11"]},"geometry":{"type":"Point","coordinates":[-79.686628,44.416756]}},{"type":"Feature","properties":{"stop_id":"barrie-transit:929","stop_code":"929","stop_name":"Marjoy Avenue","source_stop_id":"929","agency_id":"barrie-transit","agency_name":"Barrie Transit","route_ids":["11"]},"geometry":{"type":"Point","coordinates":[-79.68977918,44.42018615]}},{"type":"Feature","properties":{"stop_id":"barrie-transit:444","stop_code":"444","stop_name":"Margaret Drive","source_stop_id":"444","agency_id":"barrie-transit","agency_name":"Barrie Transit","route_ids":["101","11"]},"geometry":{"type":"Point","coordinates":[-79.69612789,44.41822043]}},{"type":"Feature","properties":{"stop_id":"barrie-transit:446","stop_code":"446","stop_name":"Michael Crescent","source_stop_id":"446","agency_id":"barrie-transit","agency_name":"Barrie Transit","route_ids":["101","11"]},"geometry":{"type":"Point","coordinates":[-79.70096226,44.41611771]}},{"type":"Feature","properties":{"stop_id":"barrie-transit:447","stop_code":"447","stop_name":"East Bayfield Community Centre","source_stop_id":"447","agency_id":"barrie-transit","agency_name":"Barrie Transit","route_ids":["101","11"]},"geometry":{"type":"Point","coordinates":[-79.70283155,44.41430522]}},{"type":"Feature","properties":{"stop_id":"barrie-transit:440","stop_code":"440","stop_name":"Georgian Mall","source_stop_id":"440","agency_id":"barrie-transit","agency_name":"Barrie Transit","route_ids":["101","11","8A"]},"geometry":{"type":"Point","coordinates":[-79.7064871911101,44.4106623179115]}},{"type":"Feature","properties":{"stop_id":"barrie-transit:453","stop_code":"453","stop_name":"Wal-Mart Plaza","source_stop_id":"453","agency_id":"barrie-transit","agency_name":"Barrie Transit","route_ids":["11","8A"]},"geometry":{"type":"Point","coordinates":[-79.71030063,44.40902611]}},{"type":"Feature","properties":{"stop_id":"barrie-transit:462","stop_code":"462","stop_name":"Kozlov Street","source_stop_id":"462","agency_id":"barrie-transit","agency_name":"Barrie Transit","route_ids":["11"]},"geometry":{"type":"Point","coordinates":[-79.7124228,44.40835746]}},{"type":"Feature","properties":{"stop_id":"barrie-transit:466","stop_code":"466","stop_name":"McDougall Drive","source_stop_id":"466","agency_id":"barrie-transit","agency_name":"Barrie Transit","route_ids":["11"]},"geometry":{"type":"Point","coordinates":[-79.71601334,44.40743543]}},{"type":"Feature","properties":{"stop_id":"barrie-transit:460","stop_code":"460","stop_name":"Ford Street","source_stop_id":"460","agency_id":"barrie-transit","agency_name":"Barrie Transit","route_ids":["11"]},"geometry":{"type":"Point","coordinates":[-79.71931928,44.40596299]}},{"type":"Feature","properties":{"stop_id":"barrie-transit:450","stop_code":"450","stop_name":"Livingstone at Anne","source_stop_id":"450","agency_id":"barrie-transit","agency_name":"Barrie Transit","route_ids":["11"]},"geometry":{"type":"Point","coordinates":[-79.72361565,44.40407683]}},{"type":"Feature","properties":{"stop_id":"barrie-transit:452","stop_code":"452","stop_name":"Balliston Crescent","source_stop_id":"452","agency_id":"barrie-transit","agency_name":"Barrie Transit","route_ids":["11"]},"geometry":{"type":"Point","coordinates":[-79.72786874,44.40288702]}},{"type":"Feature","properties":{"stop_id":"barrie-transit:469","stop_code":"469","stop_name":"Livingstone at Sunnidale","source_stop_id":"469","agency_id":"barrie-transit","agency_name":"Barrie Transit","route_ids":["11"]},"geometry":{"type":"Point","coordinates":[-79.7292215990385,44.401080509322]}},{"type":"Feature","properties":{"stop_id":"barrie-transit:458","stop_code":"458","stop_name":"Delaney Crescent","source_stop_id":"458","agency_id":"barrie-transit","agency_name":"Barrie Transit","route_ids":["11"]},"geometry":{"type":"Point","coordinates":[-79.73327138,44.3982085]}},{"type":"Feature","properties":{"stop_id":"barrie-transit:241","stop_code":"241","stop_name":"Cundles at Livingstone","source_stop_id":"241","agency_id":"barrie-transit","agency_name":"Barrie Transit","route_ids":["11"]},"geometry":{"type":"Point","coordinates":[-79.73525923,44.39653309]}},{"type":"Feature","properties":{"stop_id":"barrie-transit:247","stop_code":"247","stop_name":"Emma King Elementary School","source_stop_id":"247","agency_id":"barrie-transit","agency_name":"Barrie Transit","route_ids":["11"]},"geometry":{"type":"Point","coordinates":[-79.73291097,44.39626026]}},{"type":"Feature","properties":{"stop_id":"barrie-transit:243","stop_code":"243","stop_name":"Longman Drive","source_stop_id":"243","agency_id":"barrie-transit","agency_name":"Barrie Transit","route_ids":["11"]},"geometry":{"type":"Point","coordinates":[-79.73039499,44.39732265]}},{"type":"Feature","properties":{"stop_id":"barrie-transit:231","stop_code":"231","stop_name":"Burns Circle","source_stop_id":"231","agency_id":"barrie-transit","agency_name":"Barrie Transit","route_ids":["11"]},"geometry":{"type":"Point","coordinates":[-79.72634251,44.39612658]}},{"type":"Feature","properties":{"stop_id":"barrie-transit:915","stop_code":"915","stop_name":"Leacock Drive","source_stop_id":"915","agency_id":"barrie-transit","agency_name":"Barrie Transit","route_ids":["11"]},"geometry":{"type":"Point","coordinates":[-79.72366027,44.39607969]}},{"type":"Feature","properties":{"stop_id":"barrie-transit:916","stop_code":"916","stop_name":"Browning Trail","source_stop_id":"916","agency_id":"barrie-transit","agency_name":"Barrie Transit","route_ids":["11"]},"geometry":{"type":"Point","coordinates":[-79.7228537590307,44.3937022823887]}},{"type":"Feature","properties":{"stop_id":"barrie-transit:419","stop_code":"419","stop_name":"Lampman plaza","source_stop_id":"419","agency_id":"barrie-transit","agency_name":"Barrie Transit","route_ids":["11"]},"geometry":{"type":"Point","coordinates":[-79.72249002,44.39150367]}},{"type":"Feature","properties":{"stop_id":"barrie-transit:421","stop_code":"421","stop_name":"Browning Trail","source_stop_id":"421","agency_id":"barrie-transit","agency_name":"Barrie Transit","route_ids":["11"]},"geometry":{"type":"Point","coordinates":[-79.71995757,44.3885896]}},{"type":"Feature","properties":{"stop_id":"barrie-transit:921","stop_code":"921","stop_name":"Path to Browning Trail","source_stop_id":"921","agency_id":"barrie-transit","agency_name":"Barrie Transit","route_ids":["11"]},"geometry":{"type":"Point","coordinates":[-79.72086836,44.38656933]}},{"type":"Feature","properties":{"stop_id":"barrie-transit:922","stop_code":"922","stop_name":"Fox at Moore","source_stop_id":"922","agency_id":"barrie-transit","agency_name":"Barrie Transit","route_ids":["11"]},"geometry":{"type":"Point","coordinates":[-79.722005,44.385026]}},{"type":"Feature","properties":{"stop_id":"barrie-transit:890","stop_code":"890","stop_name":"Edgehill at Fox Run","source_stop_id":"890","agency_id":"barrie-transit","agency_name":"Barrie Transit","route_ids":["11"]},"geometry":{"type":"Point","coordinates":[-79.7181939653941,44.3827399625204]}},{"type":"Feature","properties":{"stop_id":"barrie-transit:891","stop_code":"891","stop_name":"Engel Crescent","source_stop_id":"891","agency_id":"barrie-transit","agency_name":"Barrie Transit","route_ids":["11"]},"geometry":{"type":"Point","coordinates":[-79.71526005,44.38330295]}},{"type":"Feature","properties":{"stop_id":"barrie-transit:422","stop_code":"422","stop_name":"Edgehill Drive","source_stop_id":"422","agency_id":"barrie-transit","agency_name":"Barrie Transit","route_ids":["11"]},"geometry":{"type":"Point","coordinates":[-79.71221396,44.38464894]}},{"type":"Feature","properties":{"stop_id":"barrie-transit:925","stop_code":"925","stop_name":"Edgehill at Anne","source_stop_id":"925","agency_id":"barrie-transit","agency_name":"Barrie Transit","route_ids":["11"]},"geometry":{"type":"Point","coordinates":[-79.70931,44.38637]}},{"type":"Feature","properties":{"stop_id":"barrie-transit:249","stop_code":"249","stop_name":"Anne Street","source_stop_id":"249","agency_id":"barrie-transit","agency_name":"Barrie Transit","route_ids":["11"]},"geometry":{"type":"Point","coordinates":[-79.70599285,44.38473684]}},{"type":"Feature","properties":{"stop_id":"barrie-transit:699","stop_code":"699","stop_name":"Wellington Plaza","source_stop_id":"699","agency_id":"barrie-transit","agency_name":"Barrie Transit","route_ids":["11"]},"geometry":{"type":"Point","coordinates":[-79.70626444,44.38769346]}},{"type":"Feature","properties":{"stop_id":"barrie-transit:695","stop_code":"695","stop_name":"Barrie Medical Arts","source_stop_id":"695","agency_id":"barrie-transit","agency_name":"Barrie Transit","route_ids":["11"]},"geometry":{"type":"Point","coordinates":[-79.70355348,44.38939941]}},{"type":"Feature","properties":{"stop_id":"barrie-transit:608","stop_code":"608","stop_name":"Victoria Village","source_stop_id":"608","agency_id":"barrie-transit","agency_name":"Barrie Transit","route_ids":["11"]},"geometry":{"type":"Point","coordinates":[-79.69806293,44.39075455]}},{"type":"Feature","properties":{"stop_id":"barrie-transit:607","stop_code":"607","stop_name":"Victoria Village","source_stop_id":"607","agency_id":"barrie-transit","agency_name":"Barrie Transit","route_ids":["10"]},"geometry":{"type":"Point","coordinates":[-79.69802649,44.39089524]}},{"type":"Feature","properties":{"stop_id":"barrie-transit:696","stop_code":"696","stop_name":"Barrie Medical Arts","source_stop_id":"696","agency_id":"barrie-transit","agency_name":"Barrie Transit","route_ids":["10"]},"geometry":{"type":"Point","coordinates":[-79.703612145914,44.3894948472056]}},{"type":"Feature","properties":{"stop_id":"barrie-transit:700","stop_code":"700","stop_name":"Wellington Plaza","source_stop_id":"700","agency_id":"barrie-transit","agency_name":"Barrie Transit","route_ids":["10"]},"geometry":{"type":"Point","coordinates":[-79.70698462,44.38667327]}},{"type":"Feature","properties":{"stop_id":"barrie-transit:248","stop_code":"248","stop_name":"Donald at Anne","source_stop_id":"248","agency_id":"barrie-transit","agency_name":"Barrie Transit","route_ids":["10"]},"geometry":{"type":"Point","coordinates":[-79.706561,44.384555]}},{"type":"Feature","properties":{"stop_id":"barrie-transit:894","stop_code":"894","stop_name":"Edgehill Drive","source_stop_id":"894","agency_id":"barrie-transit","agency_name":"Barrie Transit","route_ids":["10"]},"geometry":{"type":"Point","coordinates":[-79.7094952886996,44.3868188194525]}},{"type":"Feature","properties":{"stop_id":"barrie-transit:895","stop_code":"895","stop_name":"Leacock Drive","source_stop_id":"895","agency_id":"barrie-transit","agency_name":"Barrie Transit","route_ids":["10"]},"geometry":{"type":"Point","coordinates":[-79.71186572,44.38493693]}},{"type":"Feature","properties":{"stop_id":"barrie-transit:281","stop_code":"281","stop_name":"Engel Crescent","source_stop_id":"281","agency_id":"barrie-transit","agency_name":"Barrie Transit","route_ids":["10"]},"geometry":{"type":"Point","coordinates":[-79.71534062,44.38339257]}},{"type":"Feature","properties":{"stop_id":"barrie-transit:324","stop_code":"324","stop_name":"Eden Drive","source_stop_id":"324","agency_id":"barrie-transit","agency_name":"Barrie Transit","route_ids":["10"]},"geometry":{"type":"Point","coordinates":[-79.71933538,44.38342827]}},{"type":"Feature","properties":{"stop_id":"barrie-transit:322","stop_code":"322","stop_name":"Lewis Lane","source_stop_id":"322","agency_id":"barrie-transit","agency_name":"Barrie Transit","route_ids":["10"]},"geometry":{"type":"Point","coordinates":[-79.72106688,44.38611843]}},{"type":"Feature","properties":{"stop_id":"barrie-transit:897","stop_code":"897","stop_name":"Fox Run & Leacock Drive","source_stop_id":"897","agency_id":"barrie-transit","agency_name":"Barrie Transit","route_ids":["10"]},"geometry":{"type":"Point","coordinates":[-79.71917122,44.38753486]}},{"type":"Feature","properties":{"stop_id":"barrie-transit:898","stop_code":"898","stop_name":"Letitia Street","source_stop_id":"898","agency_id":"barrie-transit","agency_name":"Barrie Transit","route_ids":["10"]},"geometry":{"type":"Point","coordinates":[-79.72088082,44.38991961]}},{"type":"Feature","properties":{"stop_id":"barrie-transit:899","stop_code":"899","stop_name":"Leacock at Frost","source_stop_id":"899","agency_id":"barrie-transit","agency_name":"Barrie Transit","route_ids":["10"]},"geometry":{"type":"Point","coordinates":[-79.7226158,44.39255316]}},{"type":"Feature","properties":{"stop_id":"barrie-transit:947","stop_code":"947","stop_name":"Cundles Road","source_stop_id":"947","agency_id":"barrie-transit","agency_name":"Barrie Transit","route_ids":["10"]},"geometry":{"type":"Point","coordinates":[-79.72350518,44.39616283]}},{"type":"Feature","properties":{"stop_id":"barrie-transit:230","stop_code":"230","stop_name":"Burns Circle","source_stop_id":"230","agency_id":"barrie-transit","agency_name":"Barrie Transit","route_ids":["10"]},"geometry":{"type":"Point","coordinates":[-79.72676632,44.39635486]}},{"type":"Feature","properties":{"stop_id":"barrie-transit:242","stop_code":"242","stop_name":"Longman Drive","source_stop_id":"242","agency_id":"barrie-transit","agency_name":"Barrie Transit","route_ids":["10"]},"geometry":{"type":"Point","coordinates":[-79.73016723,44.39752466]}},{"type":"Feature","properties":{"stop_id":"barrie-transit:246","stop_code":"246","stop_name":"Emma King Elementary School","source_stop_id":"246","agency_id":"barrie-transit","agency_name":"Barrie Transit","route_ids":["10"]},"geometry":{"type":"Point","coordinates":[-79.73277125,44.39649]}},{"type":"Feature","properties":{"stop_id":"barrie-transit:240","stop_code":"240","stop_name":"Cundles at Livingstone","source_stop_id":"240","agency_id":"barrie-transit","agency_name":"Barrie Transit","route_ids":["10"]},"geometry":{"type":"Point","coordinates":[-79.7354748668057,44.3971873317756]}},{"type":"Feature","properties":{"stop_id":"barrie-transit:457","stop_code":"457","stop_name":"Delaney Crescent","source_stop_id":"457","agency_id":"barrie-transit","agency_name":"Barrie Transit","route_ids":["10"]},"geometry":{"type":"Point","coordinates":[-79.73220591,44.39850887]}},{"type":"Feature","properties":{"stop_id":"barrie-transit:470","stop_code":"470","stop_name":"Livingstone at Sunnidale","source_stop_id":"470","agency_id":"barrie-transit","agency_name":"Barrie Transit","route_ids":["10"]},"geometry":{"type":"Point","coordinates":[-79.72902032,44.40124971]}},{"type":"Feature","properties":{"stop_id":"barrie-transit:468","stop_code":"468","stop_name":"Neelands Street","source_stop_id":"468","agency_id":"barrie-transit","agency_name":"Barrie Transit","route_ids":["10"]},"geometry":{"type":"Point","coordinates":[-79.72606062,44.40302252]}},{"type":"Feature","properties":{"stop_id":"barrie-transit:451","stop_code":"451","stop_name":"Livingstone at Anne","source_stop_id":"451","agency_id":"barrie-transit","agency_name":"Barrie Transit","route_ids":["10"]},"geometry":{"type":"Point","coordinates":[-79.72389526,44.40378993]}},{"type":"Feature","properties":{"stop_id":"barrie-transit:461","stop_code":"461","stop_name":"Ford Street","source_stop_id":"461","agency_id":"barrie-transit","agency_name":"Barrie Transit","route_ids":["10"]},"geometry":{"type":"Point","coordinates":[-79.71952208,44.40570289]}},{"type":"Feature","properties":{"stop_id":"barrie-transit:467","stop_code":"467","stop_name":"Milne Court","source_stop_id":"467","agency_id":"barrie-transit","agency_name":"Barrie Transit","route_ids":["10"]},"geometry":{"type":"Point","coordinates":[-79.7157955248321,44.407362001401]}},{"type":"Feature","properties":{"stop_id":"barrie-transit:463","stop_code":"463","stop_name":"Kozlov Street","source_stop_id":"463","agency_id":"barrie-transit","agency_name":"Barrie Transit","route_ids":["10"]},"geometry":{"type":"Point","coordinates":[-79.71265922,44.40809146]}},{"type":"Feature","properties":{"stop_id":"barrie-transit:454","stop_code":"454","stop_name":"Wal-Mart Plaza","source_stop_id":"454","agency_id":"barrie-transit","agency_name":"Barrie Transit","route_ids":["10","8B"]},"geometry":{"type":"Point","coordinates":[-79.71010882,44.40887955]}},{"type":"Feature","properties":{"stop_id":"barrie-transit:455","stop_code":"455","stop_name":"Livingstone at  Bayfield","source_stop_id":"455","agency_id":"barrie-transit","agency_name":"Barrie Transit","route_ids":["10","8B"]},"geometry":{"type":"Point","coordinates":[-79.70817312,44.40971361]}},{"type":"Feature","properties":{"stop_id":"barrie-transit:449","stop_code":"449","stop_name":"Stanley Street","source_stop_id":"449","agency_id":"barrie-transit","agency_name":"Barrie Transit","route_ids":["10","8B"]},"geometry":{"type":"Point","coordinates":[-79.70290207,44.41288804]}},{"type":"Feature","properties":{"stop_id":"barrie-transit:926","stop_code":"926","stop_name":"Marjoy Avenue","source_stop_id":"926","agency_id":"barrie-transit","agency_name":"Barrie Transit","route_ids":["10"]},"geometry":{"type":"Point","coordinates":[-79.6902143,44.42020676]}},{"type":"Feature","properties":{"stop_id":"barrie-transit:927","stop_code":"927","stop_name":"Osprey Ridge Road ","source_stop_id":"927","agency_id":"barrie-transit","agency_name":"Barrie Transit","route_ids":["10"]},"geometry":{"type":"Point","coordinates":[-79.686737,44.416625]}},{"type":"Feature","properties":{"stop_id":"barrie-transit:224","stop_code":"224","stop_name":"Cundles at Livingstone","source_stop_id":"224","agency_id":"barrie-transit","agency_name":"Barrie Transit","route_ids":["10"]},"geometry":{"type":"Point","coordinates":[-79.6832638706081,44.4138944920924]}},{"type":"Feature","properties":{"stop_id":"barrie-transit:223","stop_code":"223","stop_name":"Lions Gate ","source_stop_id":"223","agency_id":"barrie-transit","agency_name":"Barrie Transit","route_ids":["10"]},"geometry":{"type":"Point","coordinates":[-79.6791957115579,44.415659586618]}},{"type":"Feature","properties":{"stop_id":"barrie-transit:215","stop_code":"215","stop_name":"Cundles at J.C. Massie Way","source_stop_id":"215","agency_id":"barrie-transit","agency_name":"Barrie Transit","route_ids":["10"]},"geometry":{"type":"Point","coordinates":[-79.67620116,44.41633987]}},{"type":"Feature","properties":{"stop_id":"barrie-transit:328","stop_code":"328","stop_name":"Grizzlies Way at Duckworth","source_stop_id":"328","agency_id":"barrie-transit","agency_name":"Barrie Transit","route_ids":["10"]},"geometry":{"type":"Point","coordinates":[-79.6728429783532,44.410695880263]}},{"type":"Feature","properties":{"stop_id":"barrie-transit:335","stop_code":"335","stop_name":"Georgian College","source_stop_id":"335","agency_id":"barrie-transit","agency_name":"Barrie Transit","route_ids":["10"]},"geometry":{"type":"Point","coordinates":[-79.668890868154,44.410379812508]}},{"type":"Feature","properties":{"stop_id":"barrie-transit:941","stop_code":"941","stop_name":"Grove at Cook","source_stop_id":"941","agency_id":"barrie-transit","agency_name":"Barrie Transit","route_ids":["10"]},"geometry":{"type":"Point","coordinates":[-79.6682759116238,44.4064604353705]}},{"type":"Feature","properties":{"stop_id":"barrie-transit:403","stop_code":"403","stop_name":"Grove at Nelson","source_stop_id":"403","agency_id":"barrie-transit","agency_name":"Barrie Transit","route_ids":["10"]},"geometry":{"type":"Point","coordinates":[-79.6637060769042,44.4060150245197]}},{"type":"Feature","properties":{"stop_id":"barrie-transit:942","stop_code":"942","stop_name":"Nelson at Steel ","source_stop_id":"942","agency_id":"barrie-transit","agency_name":"Barrie Transit","route_ids":["10"]},"geometry":{"type":"Point","coordinates":[-79.6642157487105,44.4020750699446]}},{"type":"Feature","properties":{"stop_id":"barrie-transit:943","stop_code":"943","stop_name":"Nelson at Napier","source_stop_id":"943","agency_id":"barrie-transit","agency_name":"Barrie Transit","route_ids":["10"]},"geometry":{"type":"Point","coordinates":[-79.6648657110533,44.3987305395077]}},{"type":"Feature","properties":{"stop_id":"barrie-transit:944","stop_code":"944","stop_name":"Napier at Rodney","source_stop_id":"944","agency_id":"barrie-transit","agency_name":"Barrie Transit","route_ids":["10"]},"geometry":{"type":"Point","coordinates":[-79.6733497858264,44.3994329416309]}},{"type":"Feature","properties":{"stop_id":"barrie-transit:583","stop_code":"583","stop_name":"Penetang at St Vincent","source_stop_id":"583","agency_id":"barrie-transit","agency_name":"Barrie Transit","route_ids":["10"]},"geometry":{"type":"Point","coordinates":[-79.678689,44.398664]}},{"type":"Feature","properties":{"stop_id":"barrie-transit:584","stop_code":"584","stop_name":"Penetang at Dundonald","source_stop_id":"584","agency_id":"barrie-transit","agency_name":"Barrie Transit","route_ids":["10"]},"geometry":{"type":"Point","coordinates":[-79.6817894090289,44.3967215357257]}},{"type":"Feature","properties":{"stop_id":"barrie-transit:588","stop_code":"588","stop_name":"Penetang at Berczy","source_stop_id":"588","agency_id":"barrie-transit","agency_name":"Barrie Transit","route_ids":["10"]},"geometry":{"type":"Point","coordinates":[-79.6845837078696,44.3949811934619]}},{"type":"Feature","properties":{"stop_id":"barrie-transit:946","stop_code":"946","stop_name":"Mulcaster at Codrington","source_stop_id":"946","agency_id":"barrie-transit","agency_name":"Barrie Transit","route_ids":["10"]},"geometry":{"type":"Point","coordinates":[-79.685739,44.393088]}},{"type":"Feature","properties":{"stop_id":"barrie-transit:557","stop_code":"557","stop_name":"Mulcaster at Collier","source_stop_id":"557","agency_id":"barrie-transit","agency_name":"Barrie Transit","route_ids":["10"]},"geometry":{"type":"Point","coordinates":[-79.685633,44.391061]}},{"type":"Feature","properties":{"stop_id":"barrie-transit:147","stop_code":"147","stop_name":"Brock Street","source_stop_id":"147","agency_id":"barrie-transit","agency_name":"Barrie Transit","route_ids":["12A","7A","8B"]},"geometry":{"type":"Point","coordinates":[-79.6930328178954,44.3769033910184]}},{"type":"Feature","properties":{"stop_id":"barrie-transit:115","stop_code":"115","stop_name":"Brock at Innisfil","source_stop_id":"115","agency_id":"barrie-transit","agency_name":"Barrie Transit","route_ids":["8B"]},"geometry":{"type":"Point","coordinates":[-79.695832,44.376459]}},{"type":"Feature","properties":{"stop_id":"barrie-transit:8","stop_code":"8","stop_name":"Brock Street","source_stop_id":"8","agency_id":"barrie-transit","agency_name":"Barrie Transit","route_ids":["8B"]},"geometry":{"type":"Point","coordinates":[-79.69885335,44.37535431]}},{"type":"Feature","properties":{"stop_id":"barrie-transit:21","stop_code":"21","stop_name":"Anne at John Street","source_stop_id":"21","agency_id":"barrie-transit","agency_name":"Barrie Transit","route_ids":["8B"]},"geometry":{"type":"Point","coordinates":[-79.701153,44.3781]}},{"type":"Feature","properties":{"stop_id":"barrie-transit:29","stop_code":"29","stop_name":"Anne at Vespra Street","source_stop_id":"29","agency_id":"barrie-transit","agency_name":"Barrie Transit","route_ids":["8B"]},"geometry":{"type":"Point","coordinates":[-79.7029749017154,44.3801185273645]}},{"type":"Feature","properties":{"stop_id":"barrie-transit:5","stop_code":"5","stop_name":"Anne at Dunlop","source_stop_id":"5","agency_id":"barrie-transit","agency_name":"Barrie Transit","route_ids":["8B"]},"geometry":{"type":"Point","coordinates":[-79.7047341249506,44.3822016034244]}},{"type":"Feature","properties":{"stop_id":"barrie-transit:27","stop_code":"27","stop_name":"Anne at Donald","source_stop_id":"27","agency_id":"barrie-transit","agency_name":"Barrie Transit","route_ids":["8B"]},"geometry":{"type":"Point","coordinates":[-79.706414,44.38407]}},{"type":"Feature","properties":{"stop_id":"barrie-transit:17","stop_code":"17","stop_name":"Edgehill Drive","source_stop_id":"17","agency_id":"barrie-transit","agency_name":"Barrie Transit","route_ids":["8B"]},"geometry":{"type":"Point","coordinates":[-79.70892086,44.38697443]}},{"type":"Feature","properties":{"stop_id":"barrie-transit:25","stop_code":"25","stop_name":"Shirley Avenue","source_stop_id":"25","agency_id":"barrie-transit","agency_name":"Barrie Transit","route_ids":["8B"]},"geometry":{"type":"Point","coordinates":[-79.71217627,44.3907245]}},{"type":"Feature","properties":{"stop_id":"barrie-transit:13","stop_code":"13","stop_name":"Castle Drive","source_stop_id":"13","agency_id":"barrie-transit","agency_name":"Barrie Transit","route_ids":["8B"]},"geometry":{"type":"Point","coordinates":[-79.7140195369729,44.3928578224691]}},{"type":"Feature","properties":{"stop_id":"barrie-transit:28","stop_code":"28","stop_name":"Valley Drive","source_stop_id":"28","agency_id":"barrie-transit","agency_name":"Barrie Transit","route_ids":["8B"]},"geometry":{"type":"Point","coordinates":[-79.7155891605399,44.3946499335438]}},{"type":"Feature","properties":{"stop_id":"barrie-transit:3","stop_code":"3","stop_name":"Ecole Catholique","source_stop_id":"3","agency_id":"barrie-transit","agency_name":"Barrie Transit","route_ids":["8B"]},"geometry":{"type":"Point","coordinates":[-79.71669424,44.39596232]}},{"type":"Feature","properties":{"stop_id":"barrie-transit:16","stop_code":"16","stop_name":"Cundles at Anne","source_stop_id":"16","agency_id":"barrie-transit","agency_name":"Barrie Transit","route_ids":["8B"]},"geometry":{"type":"Point","coordinates":[-79.7187904196088,44.3988682546069]}},{"type":"Feature","properties":{"stop_id":"barrie-transit:239","stop_code":"239","stop_name":"Cundles at Sunnidale","source_stop_id":"239","agency_id":"barrie-transit","agency_name":"Barrie Transit","route_ids":["8B"]},"geometry":{"type":"Point","coordinates":[-79.7163513264051,44.3999276079177]}},{"type":"Feature","properties":{"stop_id":"barrie-transit:235","stop_code":"235","stop_name":"Cundles at Kozlov","source_stop_id":"235","agency_id":"barrie-transit","agency_name":"Barrie Transit","route_ids":["8B"]},"geometry":{"type":"Point","coordinates":[-79.706866,44.403534]}},{"type":"Feature","properties":{"stop_id":"barrie-transit:415","stop_code":"415","stop_name":"Kozlov at Cundles","source_stop_id":"415","agency_id":"barrie-transit","agency_name":"Barrie Transit","route_ids":["8B"]},"geometry":{"type":"Point","coordinates":[-79.70684254,44.40499142]}},{"type":"Feature","properties":{"stop_id":"barrie-transit:416","stop_code":"416","stop_name":"Heather Street","source_stop_id":"416","agency_id":"barrie-transit","agency_name":"Barrie Transit","route_ids":["8B"]},"geometry":{"type":"Point","coordinates":[-79.70875024,44.40678734]}},{"type":"Feature","properties":{"stop_id":"barrie-transit:901","stop_code":"901","stop_name":"Gloria Street","source_stop_id":"901","agency_id":"barrie-transit","agency_name":"Barrie Transit","route_ids":["8B"]},"geometry":{"type":"Point","coordinates":[-79.71133586,44.40735307]}},{"type":"Feature","properties":{"stop_id":"barrie-transit:127","stop_code":"127","stop_name":"Birchwood Drive","source_stop_id":"127","agency_id":"barrie-transit","agency_name":"Barrie Transit","route_ids":["8B"]},"geometry":{"type":"Point","coordinates":[-79.7010821536591,44.4128970045612]}},{"type":"Feature","properties":{"stop_id":"barrie-transit:126","stop_code":"126","stop_name":"Springdale Drive","source_stop_id":"126","agency_id":"barrie-transit","agency_name":"Barrie Transit","route_ids":["8B"]},"geometry":{"type":"Point","coordinates":[-79.7000672365142,44.4111788090053]}},{"type":"Feature","properties":{"stop_id":"barrie-transit:623","stop_code":"623","stop_name":"Deerpark Drive","source_stop_id":"623","agency_id":"barrie-transit","agency_name":"Barrie Transit","route_ids":["8B"]},"geometry":{"type":"Point","coordinates":[-79.6987148683065,44.4101804951428]}},{"type":"Feature","properties":{"stop_id":"barrie-transit:622","stop_code":"622","stop_name":"Springdale at Cundles","source_stop_id":"622","agency_id":"barrie-transit","agency_name":"Barrie Transit","route_ids":["8B"]},"geometry":{"type":"Point","coordinates":[-79.69693756,44.40817261]}},{"type":"Feature","properties":{"stop_id":"barrie-transit:219","stop_code":"219","stop_name":"Janine Street","source_stop_id":"219","agency_id":"barrie-transit","agency_name":"Barrie Transit","route_ids":["8B"]},"geometry":{"type":"Point","coordinates":[-79.695047,44.408752]}},{"type":"Feature","properties":{"stop_id":"barrie-transit:221","stop_code":"221","stop_name":"Cundles at Daphne","source_stop_id":"221","agency_id":"barrie-transit","agency_name":"Barrie Transit","route_ids":["8B"]},"geometry":{"type":"Point","coordinates":[-79.6910211641738,44.4105574003499]}},{"type":"Feature","properties":{"stop_id":"barrie-transit:631","stop_code":"631","stop_name":"St. Vincent at Sperling","source_stop_id":"631","agency_id":"barrie-transit","agency_name":"Barrie Transit","route_ids":["8B"]},"geometry":{"type":"Point","coordinates":[-79.688256,44.410584]}},{"type":"Feature","properties":{"stop_id":"barrie-transit:105","stop_code":"105","stop_name":"Alliance Boulevard","source_stop_id":"105","agency_id":"barrie-transit","agency_name":"Barrie Transit","route_ids":["8B"]},"geometry":{"type":"Point","coordinates":[-79.67933789,44.40923713]}},{"type":"Feature","properties":{"stop_id":"barrie-transit:109","stop_code":"109","stop_name":"130 Bell Farm","source_stop_id":"109","agency_id":"barrie-transit","agency_name":"Barrie Transit","route_ids":["101","8A"]},"geometry":{"type":"Point","coordinates":[-79.6755204643516,44.4110465941396]}},{"type":"Feature","properties":{"stop_id":"barrie-transit:104","stop_code":"104","stop_name":"Alliance Boulevard","source_stop_id":"104","agency_id":"barrie-transit","agency_name":"Barrie Transit","route_ids":["8A"]},"geometry":{"type":"Point","coordinates":[-79.6791094210608,44.4094947544879]}},{"type":"Feature","properties":{"stop_id":"barrie-transit:107","stop_code":"107","stop_name":"Bell Farm at St Vincent","source_stop_id":"107","agency_id":"barrie-transit","agency_name":"Barrie Transit","route_ids":["101","8A"]},"geometry":{"type":"Point","coordinates":[-79.6849183019861,44.4074402863619]}},{"type":"Feature","properties":{"stop_id":"barrie-transit:630","stop_code":"630","stop_name":"St. Vincent at Sperling","source_stop_id":"630","agency_id":"barrie-transit","agency_name":"Barrie Transit","route_ids":["8A"]},"geometry":{"type":"Point","coordinates":[-79.687994,44.41055]}},{"type":"Feature","properties":{"stop_id":"barrie-transit:220","stop_code":"220","stop_name":"Cundles at Bluejay","source_stop_id":"220","agency_id":"barrie-transit","agency_name":"Barrie Transit","route_ids":["8A"]},"geometry":{"type":"Point","coordinates":[-79.692545,44.410025]}},{"type":"Feature","properties":{"stop_id":"barrie-transit:621","stop_code":"621","stop_name":"Spingdale at Cundles","source_stop_id":"621","agency_id":"barrie-transit","agency_name":"Barrie Transit","route_ids":["8A"]},"geometry":{"type":"Point","coordinates":[-79.696881,44.408279]}},{"type":"Feature","properties":{"stop_id":"barrie-transit:624","stop_code":"624","stop_name":"Springdale at Deerpark","source_stop_id":"624","agency_id":"barrie-transit","agency_name":"Barrie Transit","route_ids":["8A"]},"geometry":{"type":"Point","coordinates":[-79.6986483181159,44.4102925536513]}},{"type":"Feature","properties":{"stop_id":"barrie-transit:125","stop_code":"125","stop_name":"Birchwood at Stanley","source_stop_id":"125","agency_id":"barrie-transit","agency_name":"Barrie Transit","route_ids":["8A"]},"geometry":{"type":"Point","coordinates":[-79.7009490532778,44.4129920801055]}},{"type":"Feature","properties":{"stop_id":"barrie-transit:448","stop_code":"448","stop_name":"Livingstone at Stanley","source_stop_id":"448","agency_id":"barrie-transit","agency_name":"Barrie Transit","route_ids":["8A"]},"geometry":{"type":"Point","coordinates":[-79.703261,44.412615]}},{"type":"Feature","properties":{"stop_id":"barrie-transit:912","stop_code":"912","stop_name":"Gloria Street","source_stop_id":"912","agency_id":"barrie-transit","agency_name":"Barrie Transit","route_ids":["8A"]},"geometry":{"type":"Point","coordinates":[-79.71163434,44.40734596]}},{"type":"Feature","properties":{"stop_id":"barrie-transit:913","stop_code":"913","stop_name":"Heather Street","source_stop_id":"913","agency_id":"barrie-transit","agency_name":"Barrie Transit","route_ids":["8A"]},"geometry":{"type":"Point","coordinates":[-79.70874205,44.4066849]}},{"type":"Feature","properties":{"stop_id":"barrie-transit:914","stop_code":"914","stop_name":"Kozlov at Cundles","source_stop_id":"914","agency_id":"barrie-transit","agency_name":"Barrie Transit","route_ids":["8A"]},"geometry":{"type":"Point","coordinates":[-79.70689529,44.40489571]}},{"type":"Feature","properties":{"stop_id":"barrie-transit:232","stop_code":"232","stop_name":"Cundles at Lillian","source_stop_id":"232","agency_id":"barrie-transit","agency_name":"Barrie Transit","route_ids":["8A"]},"geometry":{"type":"Point","coordinates":[-79.70744886,44.40347316]}},{"type":"Feature","properties":{"stop_id":"barrie-transit:238","stop_code":"238","stop_name":"Coleman Health Care Centre","source_stop_id":"238","agency_id":"barrie-transit","agency_name":"Barrie Transit","route_ids":["8A"]},"geometry":{"type":"Point","coordinates":[-79.71489181,44.40075877]}},{"type":"Feature","properties":{"stop_id":"barrie-transit:244","stop_code":"244","stop_name":"Cundles at Sunnidale","source_stop_id":"244","agency_id":"barrie-transit","agency_name":"Barrie Transit","route_ids":["8A"]},"geometry":{"type":"Point","coordinates":[-79.71692684,44.39987102]}},{"type":"Feature","properties":{"stop_id":"barrie-transit:15","stop_code":"15","stop_name":"Anne at Cundles","source_stop_id":"15","agency_id":"barrie-transit","agency_name":"Barrie Transit","route_ids":["8A"]},"geometry":{"type":"Point","coordinates":[-79.71897992,44.39832266]}},{"type":"Feature","properties":{"stop_id":"barrie-transit:4","stop_code":"4","stop_name":"Austen Lane","source_stop_id":"4","agency_id":"barrie-transit","agency_name":"Barrie Transit","route_ids":["8A"]},"geometry":{"type":"Point","coordinates":[-79.71720756,44.39621595]}},{"type":"Feature","properties":{"stop_id":"barrie-transit:23","stop_code":"23","stop_name":"Shelly Lane","source_stop_id":"23","agency_id":"barrie-transit","agency_name":"Barrie Transit","route_ids":["8A"]},"geometry":{"type":"Point","coordinates":[-79.71562628,44.3944009]}},{"type":"Feature","properties":{"stop_id":"barrie-transit:12","stop_code":"12","stop_name":"Portageview Public School","source_stop_id":"12","agency_id":"barrie-transit","agency_name":"Barrie Transit","route_ids":["8A"]},"geometry":{"type":"Point","coordinates":[-79.71430148008,44.392902926609]}},{"type":"Feature","properties":{"stop_id":"barrie-transit:24","stop_code":"24","stop_name":"Shirley Avenue","source_stop_id":"24","agency_id":"barrie-transit","agency_name":"Barrie Transit","route_ids":["8A"]},"geometry":{"type":"Point","coordinates":[-79.71222054,44.39053543]}},{"type":"Feature","properties":{"stop_id":"barrie-transit:18","stop_code":"18","stop_name":"Anne at Edgehill Drive","source_stop_id":"18","agency_id":"barrie-transit","agency_name":"Barrie Transit","route_ids":["8A"]},"geometry":{"type":"Point","coordinates":[-79.70935615,44.38715706]}},{"type":"Feature","properties":{"stop_id":"barrie-transit:26","stop_code":"26","stop_name":"Anne at Donald","source_stop_id":"26","agency_id":"barrie-transit","agency_name":"Barrie Transit","route_ids":["8A"]},"geometry":{"type":"Point","coordinates":[-79.706722,44.384088]}},{"type":"Feature","properties":{"stop_id":"barrie-transit:6","stop_code":"6","stop_name":"Anne at Dunlop","source_stop_id":"6","agency_id":"barrie-transit","agency_name":"Barrie Transit","route_ids":["8A"]},"geometry":{"type":"Point","coordinates":[-79.7052238546621,44.382374906576]}},{"type":"Feature","properties":{"stop_id":"barrie-transit:30","stop_code":"30","stop_name":"Anne at Victoria Street","source_stop_id":"30","agency_id":"barrie-transit","agency_name":"Barrie Transit","route_ids":["8A"]},"geometry":{"type":"Point","coordinates":[-79.7027086409014,44.3794456745632]}},{"type":"Feature","properties":{"stop_id":"barrie-transit:22","stop_code":"22","stop_name":"Anne at John Street","source_stop_id":"22","agency_id":"barrie-transit","agency_name":"Barrie Transit","route_ids":["8A"]},"geometry":{"type":"Point","coordinates":[-79.701,44.377472]}},{"type":"Feature","properties":{"stop_id":"barrie-transit:7","stop_code":"7","stop_name":"Brock Street","source_stop_id":"7","agency_id":"barrie-transit","agency_name":"Barrie Transit","route_ids":["8A"]},"geometry":{"type":"Point","coordinates":[-79.6995420390779,44.3757380489773]}},{"type":"Feature","properties":{"stop_id":"barrie-transit:114","stop_code":"114","stop_name":"Brock at Innisfil","source_stop_id":"114","agency_id":"barrie-transit","agency_name":"Barrie Transit","route_ids":["8A"]},"geometry":{"type":"Point","coordinates":[-79.6959002000811,44.3763282626631]}},{"type":"Feature","properties":{"stop_id":"barrie-transit:146","stop_code":"146","stop_name":"Brock Street","source_stop_id":"146","agency_id":"barrie-transit","agency_name":"Barrie Transit","route_ids":["12B","7B","8A"]},"geometry":{"type":"Point","coordinates":[-79.6934811588216,44.3772017584563]}},{"type":"Feature","properties":{"stop_id":"barrie-transit:9003","stop_code":"9003","stop_name":"Barrie Allandale Transit Terminal Platform 3","source_stop_id":"9003","agency_id":"barrie-transit","agency_name":"Barrie Transit","route_ids":["8A"]},"geometry":{"type":"Point","coordinates":[-79.6893515732343,44.3738731374332]}},{"type":"Feature","properties":{"stop_id":"barrie-transit:168","stop_code":"168","stop_name":"Granville Street","source_stop_id":"168","agency_id":"barrie-transit","agency_name":"Barrie Transit","route_ids":["8A"]},"geometry":{"type":"Point","coordinates":[-79.690533,44.371544]}},{"type":"Feature","properties":{"stop_id":"barrie-transit:165","stop_code":"165","stop_name":"Burton at Bayview","source_stop_id":"165","agency_id":"barrie-transit","agency_name":"Barrie Transit","route_ids":["8A"]},"geometry":{"type":"Point","coordinates":[-79.68436993,44.3711314]}},{"type":"Feature","properties":{"stop_id":"barrie-transit:173","stop_code":"173","stop_name":"Robinson Street","source_stop_id":"173","agency_id":"barrie-transit","agency_name":"Barrie Transit","route_ids":["8A"]},"geometry":{"type":"Point","coordinates":[-79.68121647,44.3713991784508]}},{"type":"Feature","properties":{"stop_id":"barrie-transit:166","stop_code":"166","stop_name":"Garden Drive","source_stop_id":"166","agency_id":"barrie-transit","agency_name":"Barrie Transit","route_ids":["8A"]},"geometry":{"type":"Point","coordinates":[-79.67420508,44.37077229]}},{"type":"Feature","properties":{"stop_id":"barrie-transit:716","stop_code":"716","stop_name":"Yonge at Huronia","source_stop_id":"716","agency_id":"barrie-transit","agency_name":"Barrie Transit","route_ids":["8A"]},"geometry":{"type":"Point","coordinates":[-79.6694589381413,44.3700865992118]}},{"type":"Feature","properties":{"stop_id":"barrie-transit:712","stop_code":"712","stop_name":"Foster Drive","source_stop_id":"712","agency_id":"barrie-transit","agency_name":"Barrie Transit","route_ids":["8A"]},"geometry":{"type":"Point","coordinates":[-79.66673841,44.36896555]}},{"type":"Feature","properties":{"stop_id":"barrie-transit:718","stop_code":"718","stop_name":"Yonge at Little","source_stop_id":"718","agency_id":"barrie-transit","agency_name":"Barrie Transit","route_ids":["8A"]},"geometry":{"type":"Point","coordinates":[-79.6625544500458,44.3663186060521]}},{"type":"Feature","properties":{"stop_id":"barrie-transit:719","stop_code":"719","stop_name":"Barrington Residence","source_stop_id":"719","agency_id":"barrie-transit","agency_name":"Barrie Transit","route_ids":["8A"]},"geometry":{"type":"Point","coordinates":[-79.65957671,44.3639105]}},{"type":"Feature","properties":{"stop_id":"barrie-transit:709","stop_code":"709","stop_name":"D'Ambrosio Drive","source_stop_id":"709","agency_id":"barrie-transit","agency_name":"Barrie Transit","route_ids":["8A"]},"geometry":{"type":"Point","coordinates":[-79.6560054953643,44.3610631476135]}},{"type":"Feature","properties":{"stop_id":"barrie-transit:707","stop_code":"707","stop_name":"Cox Mill Road","source_stop_id":"707","agency_id":"barrie-transit","agency_name":"Barrie Transit","route_ids":["8A"]},"geometry":{"type":"Point","coordinates":[-79.6524391237634,44.3589560951849]}},{"type":"Feature","properties":{"stop_id":"barrie-transit:705","stop_code":"705","stop_name":"Yonge at Big Bay Point","source_stop_id":"705","agency_id":"barrie-transit","agency_name":"Barrie Transit","route_ids":["15A","8A"]},"geometry":{"type":"Point","coordinates":[-79.64697827,44.35651809]}},{"type":"Feature","properties":{"stop_id":"barrie-transit:722","stop_code":"722","stop_name":"Madelaine Drive","source_stop_id":"722","agency_id":"barrie-transit","agency_name":"Barrie Transit","route_ids":["8A"]},"geometry":{"type":"Point","coordinates":[-79.64176327,44.35464896]}},{"type":"Feature","properties":{"stop_id":"barrie-transit:800","stop_code":"800","stop_name":"Esther Drive","source_stop_id":"800","agency_id":"barrie-transit","agency_name":"Barrie Transit","route_ids":["8A"]},"geometry":{"type":"Point","coordinates":[-79.63652178,44.35279936]}},{"type":"Feature","properties":{"stop_id":"barrie-transit:801","stop_code":"801","stop_name":"Country Lane","source_stop_id":"801","agency_id":"barrie-transit","agency_name":"Barrie Transit","route_ids":["8A"]},"geometry":{"type":"Point","coordinates":[-79.63343444,44.35168136]}},{"type":"Feature","properties":{"stop_id":"barrie-transit:953","stop_code":"953","stop_name":"Yonge at Mapleview","source_stop_id":"953","agency_id":"barrie-transit","agency_name":"Barrie Transit","route_ids":["8A"]},"geometry":{"type":"Point","coordinates":[-79.6277658603594,44.3487262656842]}},{"type":"Feature","properties":{"stop_id":"barrie-transit:955","stop_code":"955","stop_name":"Goodwin Drive","source_stop_id":"955","agency_id":"barrie-transit","agency_name":"Barrie Transit","route_ids":["8A"]},"geometry":{"type":"Point","coordinates":[-79.63144988,44.34762231]}},{"type":"Feature","properties":{"stop_id":"barrie-transit:956","stop_code":"956","stop_name":"Mapleview at Dean","source_stop_id":"956","agency_id":"barrie-transit","agency_name":"Barrie Transit","route_ids":["8A"]},"geometry":{"type":"Point","coordinates":[-79.636806,44.346424]}},{"type":"Feature","properties":{"stop_id":"barrie-transit:957","stop_code":"957","stop_name":"Madelaine Drive","source_stop_id":"957","agency_id":"barrie-transit","agency_name":"Barrie Transit","route_ids":["8A"]},"geometry":{"type":"Point","coordinates":[-79.6432432600627,44.3449835681279]}},{"type":"Feature","properties":{"stop_id":"barrie-transit:516","stop_code":"516","stop_name":"430 Mapleview East","source_stop_id":"516","agency_id":"barrie-transit","agency_name":"Barrie Transit","route_ids":["8A"]},"geometry":{"type":"Point","coordinates":[-79.6496798874192,44.343538732384]}},{"type":"Feature","properties":{"stop_id":"barrie-transit:511","stop_code":"511","stop_name":"Country Lane","source_stop_id":"511","agency_id":"barrie-transit","agency_name":"Barrie Transit","route_ids":["8A"]},"geometry":{"type":"Point","coordinates":[-79.6527697176988,44.3428520127043]}},{"type":"Feature","properties":{"stop_id":"barrie-transit:512","stop_code":"512","stop_name":"Mapleview at Huronia","source_stop_id":"512","agency_id":"barrie-transit","agency_name":"Barrie Transit","route_ids":["8A"]},"geometry":{"type":"Point","coordinates":[-79.661454517577,44.3409481933128]}},{"type":"Feature","properties":{"stop_id":"barrie-transit:741","stop_code":"741","stop_name":"Huronia Medical Clinic","source_stop_id":"741","agency_id":"barrie-transit","agency_name":"Barrie Transit","route_ids":["8A"]},"geometry":{"type":"Point","coordinates":[-79.6637841,44.34714163]}},{"type":"Feature","properties":{"stop_id":"barrie-transit:678","stop_code":"678","stop_name":"Ellis Drive","source_stop_id":"678","agency_id":"barrie-transit","agency_name":"Barrie Transit","route_ids":["12A","8A"]},"geometry":{"type":"Point","coordinates":[-79.67003749,44.34842448]}},{"type":"Feature","properties":{"stop_id":"barrie-transit:675","stop_code":"675","stop_name":"Churchill Drive","source_stop_id":"675","agency_id":"barrie-transit","agency_name":"Barrie Transit","route_ids":["12A","8A"]},"geometry":{"type":"Point","coordinates":[-79.66983149,44.3454862]}},{"type":"Feature","properties":{"stop_id":"barrie-transit:987","stop_code":"987","stop_name":"40 Churchill","source_stop_id":"987","agency_id":"barrie-transit","agency_name":"Barrie Transit","route_ids":["8A"]},"geometry":{"type":"Point","coordinates":[-79.6741355862378,44.3444434151717]}},{"type":"Feature","properties":{"stop_id":"barrie-transit:506","stop_code":"506","stop_name":"Mapleview at Park Place","source_stop_id":"506","agency_id":"barrie-transit","agency_name":"Barrie Transit","route_ids":["2A","7A","8A"]},"geometry":{"type":"Point","coordinates":[-79.6805858136048,44.336527844436]}},{"type":"Feature","properties":{"stop_id":"barrie-transit:524","stop_code":"524","stop_name":"Barrie View Drive","source_stop_id":"524","agency_id":"barrie-transit","agency_name":"Barrie Transit","route_ids":["2A","8A"]},"geometry":{"type":"Point","coordinates":[-79.6887176431181,44.3346779349066]}},{"type":"Feature","properties":{"stop_id":"barrie-transit:526","stop_code":"526","stop_name":"Mapleview at Bryne","source_stop_id":"526","agency_id":"barrie-transit","agency_name":"Barrie Transit","route_ids":["2A","8A"]},"geometry":{"type":"Point","coordinates":[-79.6912784612385,44.3340835255415]}},{"type":"Feature","properties":{"stop_id":"barrie-transit:536","stop_code":"536","stop_name":"120 Mapleview Drive West","source_stop_id":"536","agency_id":"barrie-transit","agency_name":"Barrie Transit","route_ids":["2A","8A"]},"geometry":{"type":"Point","coordinates":[-79.6958626418244,44.3330529863322]}},{"type":"Feature","properties":{"stop_id":"barrie-transit:538","stop_code":"538","stop_name":"Mapleview at Veteran's","source_stop_id":"538","agency_id":"barrie-transit","agency_name":"Barrie Transit","route_ids":["2A","8A"]},"geometry":{"type":"Point","coordinates":[-79.69856992,44.33243152]}},{"type":"Feature","properties":{"stop_id":"barrie-transit:533","stop_code":"533","stop_name":"Reid Drive","source_stop_id":"533","agency_id":"barrie-transit","agency_name":"Barrie Transit","route_ids":["7A","8A"]},"geometry":{"type":"Point","coordinates":[-79.70367789,44.33128177]}},{"type":"Feature","properties":{"stop_id":"barrie-transit:530","stop_code":"530","stop_name":"Hollyholme Farm Road","source_stop_id":"530","agency_id":"barrie-transit","agency_name":"Barrie Transit","route_ids":["7A","8A"]},"geometry":{"type":"Point","coordinates":[-79.70874238,44.33016375]}},{"type":"Feature","properties":{"stop_id":"barrie-transit:308","stop_code":"308","stop_name":"Essa at Mapleview","source_stop_id":"308","agency_id":"barrie-transit","agency_name":"Barrie Transit","route_ids":["8A"]},"geometry":{"type":"Point","coordinates":[-79.7151209097202,44.3283316647392]}},{"type":"Feature","properties":{"stop_id":"barrie-transit:299","stop_code":"299","stop_name":"Dyer Boulevard","source_stop_id":"299","agency_id":"barrie-transit","agency_name":"Barrie Transit","route_ids":["8A"]},"geometry":{"type":"Point","coordinates":[-79.7173883697872,44.3243937950235]}},{"type":"Feature","properties":{"stop_id":"barrie-transit:46","stop_code":"46","stop_name":"Athabaska at Essa","source_stop_id":"46","agency_id":"barrie-transit","agency_name":"Barrie Transit","route_ids":["8A"]},"geometry":{"type":"Point","coordinates":[-79.7188191988857,44.3219724520084]}},{"type":"Feature","properties":{"stop_id":"barrie-transit:49","stop_code":"49","stop_name":"Rundle Crescent","source_stop_id":"49","agency_id":"barrie-transit","agency_name":"Barrie Transit","route_ids":["8A"]},"geometry":{"type":"Point","coordinates":[-79.72353994,44.32269687]}},{"type":"Feature","properties":{"stop_id":"barrie-transit:47","stop_code":"47","stop_name":"Lougheed Road","source_stop_id":"47","agency_id":"barrie-transit","agency_name":"Barrie Transit","route_ids":["8A"]},"geometry":{"type":"Point","coordinates":[-79.72805133,44.32184739]}},{"type":"Feature","properties":{"stop_id":"barrie-transit:473","stop_code":"473","stop_name":"Lougheed at Mapleview","source_stop_id":"473","agency_id":"barrie-transit","agency_name":"Barrie Transit","route_ids":["8A"]},"geometry":{"type":"Point","coordinates":[-79.72906455,44.32504571]}},{"type":"Feature","properties":{"stop_id":"barrie-transit:548","stop_code":"548","stop_name":"Marsellus at Mapleview","source_stop_id":"548","agency_id":"barrie-transit","agency_name":"Barrie Transit","route_ids":["8A"]},"geometry":{"type":"Point","coordinates":[-79.72470867,44.32693573]}},{"type":"Feature","properties":{"stop_id":"barrie-transit:552","stop_code":"552","stop_name":"Sundew Drive","source_stop_id":"552","agency_id":"barrie-transit","agency_name":"Barrie Transit","route_ids":["8A"]},"geometry":{"type":"Point","coordinates":[-79.7252220571849,44.3287974989075]}},{"type":"Feature","properties":{"stop_id":"barrie-transit:545","stop_code":"545","stop_name":"Downing Crescent","source_stop_id":"545","agency_id":"barrie-transit","agency_name":"Barrie Transit","route_ids":["8A"]},"geometry":{"type":"Point","coordinates":[-79.72400905,44.33163557]}},{"type":"Feature","properties":{"stop_id":"barrie-transit:542","stop_code":"542","stop_name":"Churchland Drive","source_stop_id":"542","agency_id":"barrie-transit","agency_name":"Barrie Transit","route_ids":["8A"]},"geometry":{"type":"Point","coordinates":[-79.72085917,44.33349211]}},{"type":"Feature","properties":{"stop_id":"barrie-transit:543","stop_code":"543","stop_name":"Clute Cresent","source_stop_id":"543","agency_id":"barrie-transit","agency_name":"Barrie Transit","route_ids":["8A"]},"geometry":{"type":"Point","coordinates":[-79.71954061,44.33718263]}},{"type":"Feature","properties":{"stop_id":"barrie-transit:547","stop_code":"547","stop_name":"Marsellus at Mapleton","source_stop_id":"547","agency_id":"barrie-transit","agency_name":"Barrie Transit","route_ids":["8A"]},"geometry":{"type":"Point","coordinates":[-79.72006099,44.33921511]}},{"type":"Feature","properties":{"stop_id":"barrie-transit:488","stop_code":"488","stop_name":"Peggy Hill Community Centre","source_stop_id":"488","agency_id":"barrie-transit","agency_name":"Barrie Transit","route_ids":["7B","8A"]},"geometry":{"type":"Point","coordinates":[-79.71668472,44.33987811]}},{"type":"Feature","properties":{"stop_id":"barrie-transit:493","stop_code":"493","stop_name":"Emms Drive","source_stop_id":"493","agency_id":"barrie-transit","agency_name":"Barrie Transit","route_ids":["7B","8A"]},"geometry":{"type":"Point","coordinates":[-79.71421573,44.34041427]}},{"type":"Feature","properties":{"stop_id":"barrie-transit:495","stop_code":"495","stop_name":"Mapleton at Essa","source_stop_id":"495","agency_id":"barrie-transit","agency_name":"Barrie Transit","route_ids":["7B","8A"]},"geometry":{"type":"Point","coordinates":[-79.71003526,44.33954493]}},{"type":"Feature","properties":{"stop_id":"barrie-transit:291","stop_code":"291","stop_name":"Roberta Place","source_stop_id":"291","agency_id":"barrie-transit","agency_name":"Barrie Transit","route_ids":["8A"]},"geometry":{"type":"Point","coordinates":[-79.70697499,44.34205309]}},{"type":"Feature","properties":{"stop_id":"barrie-transit:305","stop_code":"305","stop_name":"Harvie Road","source_stop_id":"305","agency_id":"barrie-transit","agency_name":"Barrie Transit","route_ids":["8A"]},"geometry":{"type":"Point","coordinates":[-79.7059510234131,44.3438527021096]}},{"type":"Feature","properties":{"stop_id":"barrie-transit:313","stop_code":"313","stop_name":"Essa at Veteran's","source_stop_id":"313","agency_id":"barrie-transit","agency_name":"Barrie Transit","route_ids":["8A"]},"geometry":{"type":"Point","coordinates":[-79.70433311,44.34656133]}},{"type":"Feature","properties":{"stop_id":"barrie-transit:983","stop_code":"983","stop_name":"Loggers Run","source_stop_id":"983","agency_id":"barrie-transit","agency_name":"Barrie Transit","route_ids":["8A"]},"geometry":{"type":"Point","coordinates":[-79.6992157220373,44.3548817548085]}},{"type":"Feature","properties":{"stop_id":"barrie-transit:301","stop_code":"301","stop_name":"Essa at Fairview","source_stop_id":"301","agency_id":"barrie-transit","agency_name":"Barrie Transit","route_ids":["8A"]},"geometry":{"type":"Point","coordinates":[-79.69708789759,44.3642076345109]}},{"type":"Feature","properties":{"stop_id":"barrie-transit:873","stop_code":"873","stop_name":"Anne Street","source_stop_id":"873","agency_id":"barrie-transit","agency_name":"Barrie Transit","route_ids":["8A"]},"geometry":{"type":"Point","coordinates":[-79.69473858,44.3681091]}},{"type":"Feature","properties":{"stop_id":"barrie-transit:817","stop_code":"817","stop_name":"Burton Avenue","source_stop_id":"817","agency_id":"barrie-transit","agency_name":"Barrie Transit","route_ids":["12A","8A"]},"geometry":{"type":"Point","coordinates":[-79.6924711603425,44.3713371118895]}},{"type":"Feature","properties":{"stop_id":"barrie-transit:76","stop_code":"76","stop_name":"Georgian Mall","source_stop_id":"76","agency_id":"barrie-transit","agency_name":"Barrie Transit","route_ids":["12A","12B"]},"geometry":{"type":"Point","coordinates":[-79.7085762670262,44.4118745345584]}},{"type":"Feature","properties":{"stop_id":"barrie-transit:77","stop_code":"77","stop_name":"Georgian Mall North Entrance","source_stop_id":"77","agency_id":"barrie-transit","agency_name":"Barrie Transit","route_ids":["12B"]},"geometry":{"type":"Point","coordinates":[-79.7094756531775,44.4130404915071]}},{"type":"Feature","properties":{"stop_id":"barrie-transit:72","stop_code":"72","stop_name":"Bayfield at Livingstone","source_stop_id":"72","agency_id":"barrie-transit","agency_name":"Barrie Transit","route_ids":["12B"]},"geometry":{"type":"Point","coordinates":[-79.708415,44.410105]}},{"type":"Feature","properties":{"stop_id":"barrie-transit:69","stop_code":"69","stop_name":"Heather Street","source_stop_id":"69","agency_id":"barrie-transit","agency_name":"Barrie Transit","route_ids":["101","12B"]},"geometry":{"type":"Point","coordinates":[-79.706456,44.407827]}},{"type":"Feature","properties":{"stop_id":"barrie-transit:60","stop_code":"60","stop_name":"Kozlov Centre","source_stop_id":"60","agency_id":"barrie-transit","agency_name":"Barrie Transit","route_ids":["101","12B"]},"geometry":{"type":"Point","coordinates":[-79.7032472547631,44.4042596188183]}},{"type":"Feature","properties":{"stop_id":"barrie-transit:58","stop_code":"58","stop_name":"Bayfield Mall","source_stop_id":"58","agency_id":"barrie-transit","agency_name":"Barrie Transit","route_ids":["101","12B"]},"geometry":{"type":"Point","coordinates":[-79.70051743,44.40113899]}},{"type":"Feature","properties":{"stop_id":"barrie-transit:64","stop_code":"64","stop_name":"Bayfield at Highway 400","source_stop_id":"64","agency_id":"barrie-transit","agency_name":"Barrie Transit","route_ids":["101","12B"]},"geometry":{"type":"Point","coordinates":[-79.6980873874874,44.3984106314398]}},{"type":"Feature","properties":{"stop_id":"barrie-transit:68","stop_code":"68","stop_name":"Grove Street","source_stop_id":"68","agency_id":"barrie-transit","agency_name":"Barrie Transit","route_ids":["101","12B","7B"]},"geometry":{"type":"Point","coordinates":[-79.6963538048478,44.3964425859715]}},{"type":"Feature","properties":{"stop_id":"barrie-transit:74","stop_code":"74","stop_name":"Wellington Street","source_stop_id":"74","agency_id":"barrie-transit","agency_name":"Barrie Transit","route_ids":["101","12B","7B"]},"geometry":{"type":"Point","coordinates":[-79.6942707,44.39395278]}},{"type":"Feature","properties":{"stop_id":"barrie-transit:75","stop_code":"75","stop_name":"Bayfield at Sophia","source_stop_id":"75","agency_id":"barrie-transit","agency_name":"Barrie Transit","route_ids":["101","12B","7B"]},"geometry":{"type":"Point","coordinates":[-79.692739,44.392146]}},{"type":"Feature","properties":{"stop_id":"barrie-transit:144","stop_code":"144","stop_name":"Barrie By the Bay Plaza","source_stop_id":"144","agency_id":"barrie-transit","agency_name":"Barrie Transit","route_ids":["12B","7B"]},"geometry":{"type":"Point","coordinates":[-79.69396387,44.38419889]}},{"type":"Feature","properties":{"stop_id":"barrie-transit:151","stop_code":"151","stop_name":"Victoria Street","source_stop_id":"151","agency_id":"barrie-transit","agency_name":"Barrie Transit","route_ids":["12B","7B"]},"geometry":{"type":"Point","coordinates":[-79.69378391,44.38145815]}},{"type":"Feature","properties":{"stop_id":"barrie-transit:148","stop_code":"148","stop_name":"John Street","source_stop_id":"148","agency_id":"barrie-transit","agency_name":"Barrie Transit","route_ids":["12B","7B"]},"geometry":{"type":"Point","coordinates":[-79.69372107,44.37990156]}},{"type":"Feature","properties":{"stop_id":"barrie-transit:14","stop_code":"14","stop_name":"Essa at Gowan","source_stop_id":"14","agency_id":"barrie-transit","agency_name":"Barrie Transit","route_ids":["12B"]},"geometry":{"type":"Point","coordinates":[-79.691152,44.373522]}},{"type":"Feature","properties":{"stop_id":"barrie-transit:381","stop_code":"381","stop_name":"Adelaide Street","source_stop_id":"381","agency_id":"barrie-transit","agency_name":"Barrie Transit","route_ids":["12B"]},"geometry":{"type":"Point","coordinates":[-79.69280688,44.36875087]}},{"type":"Feature","properties":{"stop_id":"barrie-transit:749","stop_code":"749","stop_name":"Marshall Street","source_stop_id":"749","agency_id":"barrie-transit","agency_name":"Barrie Transit","route_ids":["12B"]},"geometry":{"type":"Point","coordinates":[-79.6900418309468,44.3678332817759]}},{"type":"Feature","properties":{"stop_id":"barrie-transit:748","stop_code":"748","stop_name":"Baldwin at Brooks","source_stop_id":"748","agency_id":"barrie-transit","agency_name":"Barrie Transit","route_ids":["12B"]},"geometry":{"type":"Point","coordinates":[-79.6869561446697,44.3678672702138]}},{"type":"Feature","properties":{"stop_id":"barrie-transit:92","stop_code":"92","stop_name":"Glenridge Road","source_stop_id":"92","agency_id":"barrie-transit","agency_name":"Barrie Transit","route_ids":["12B"]},"geometry":{"type":"Point","coordinates":[-79.68471616,44.36660415]}},{"type":"Feature","properties":{"stop_id":"barrie-transit:94","stop_code":"94","stop_name":"Bayview at Little","source_stop_id":"94","agency_id":"barrie-transit","agency_name":"Barrie Transit","route_ids":["12B"]},"geometry":{"type":"Point","coordinates":[-79.68368112,44.36268923]}},{"type":"Feature","properties":{"stop_id":"barrie-transit:82","stop_code":"82","stop_name":"230 Bayview Drive","source_stop_id":"82","agency_id":"barrie-transit","agency_name":"Barrie Transit","route_ids":["12B"]},"geometry":{"type":"Point","coordinates":[-79.682528,44.358364]}},{"type":"Feature","properties":{"stop_id":"barrie-transit:99","stop_code":"99","stop_name":"Bayview at Mollard Court","source_stop_id":"99","agency_id":"barrie-transit","agency_name":"Barrie Transit","route_ids":["12B"]},"geometry":{"type":"Point","coordinates":[-79.68178,44.355701]}},{"type":"Feature","properties":{"stop_id":"barrie-transit:86","stop_code":"86","stop_name":"330 Bayview Drive","source_stop_id":"86","agency_id":"barrie-transit","agency_name":"Barrie Transit","route_ids":["12B"]},"geometry":{"type":"Point","coordinates":[-79.680587,44.351791]}},{"type":"Feature","properties":{"stop_id":"barrie-transit:91","stop_code":"91","stop_name":"Bayview at Churchill","source_stop_id":"91","agency_id":"barrie-transit","agency_name":"Barrie Transit","route_ids":["12B"]},"geometry":{"type":"Point","coordinates":[-79.67825741,44.34288369]}},{"type":"Feature","properties":{"stop_id":"barrie-transit:984","stop_code":"984","stop_name":"Bayview at Mapleview","source_stop_id":"984","agency_id":"barrie-transit","agency_name":"Barrie Transit","route_ids":["12B"]},"geometry":{"type":"Point","coordinates":[-79.6786487412157,44.3359075589912]}},{"type":"Feature","properties":{"stop_id":"barrie-transit:738","stop_code":"738","stop_name":"Saunders Road","source_stop_id":"738","agency_id":"barrie-transit","agency_name":"Barrie Transit","route_ids":["12B"]},"geometry":{"type":"Point","coordinates":[-79.6778266,44.33288834]}},{"type":"Feature","properties":{"stop_id":"barrie-transit:617","stop_code":"617","stop_name":"Hooper Road","source_stop_id":"617","agency_id":"barrie-transit","agency_name":"Barrie Transit","route_ids":["12B"]},"geometry":{"type":"Point","coordinates":[-79.6738000844693,44.3329970653987]}},{"type":"Feature","properties":{"stop_id":"barrie-transit:618","stop_code":"618","stop_name":"Saunders at Welham","source_stop_id":"618","agency_id":"barrie-transit","agency_name":"Barrie Transit","route_ids":["12B"]},"geometry":{"type":"Point","coordinates":[-79.6689847028184,44.3341021179439]}},{"type":"Feature","properties":{"stop_id":"barrie-transit:931","stop_code":"931","stop_name":"Welham at Hooper","source_stop_id":"931","agency_id":"barrie-transit","agency_name":"Barrie Transit","route_ids":["12B"]},"geometry":{"type":"Point","coordinates":[-79.6690892816893,44.3362645605257]}},{"type":"Feature","properties":{"stop_id":"barrie-transit:680","stop_code":"680","stop_name":"Welham at Mapleview","source_stop_id":"680","agency_id":"barrie-transit","agency_name":"Barrie Transit","route_ids":["12B"]},"geometry":{"type":"Point","coordinates":[-79.6698593624666,44.3393652824279]}},{"type":"Feature","properties":{"stop_id":"barrie-transit:684","stop_code":"684","stop_name":"545 Welham ","source_stop_id":"684","agency_id":"barrie-transit","agency_name":"Barrie Transit","route_ids":["12B"]},"geometry":{"type":"Point","coordinates":[-79.6700637666236,44.3421292745709]}},{"type":"Feature","properties":{"stop_id":"barrie-transit:674","stop_code":"674","stop_name":"Big Bay at Welham ","source_stop_id":"674","agency_id":"barrie-transit","agency_name":"Barrie Transit","route_ids":["12B"]},"geometry":{"type":"Point","coordinates":[-79.670147,44.35189]}},{"type":"Feature","properties":{"stop_id":"barrie-transit:116","stop_code":"116","stop_name":"Huronia Road","source_stop_id":"116","agency_id":"barrie-transit","agency_name":"Barrie Transit","route_ids":["12B"]},"geometry":{"type":"Point","coordinates":[-79.66438248,44.35324087]}},{"type":"Feature","properties":{"stop_id":"barrie-transit:113","stop_code":"113","stop_name":"Willow Landing School","source_stop_id":"113","agency_id":"barrie-transit","agency_name":"Barrie Transit","route_ids":["12B"]},"geometry":{"type":"Point","coordinates":[-79.6621861,44.35374366]}},{"type":"Feature","properties":{"stop_id":"barrie-transit:118","stop_code":"118","stop_name":"Loon Avenue","source_stop_id":"118","agency_id":"barrie-transit","agency_name":"Barrie Transit","route_ids":["12B"]},"geometry":{"type":"Point","coordinates":[-79.65939591,44.3543867]}},{"type":"Feature","properties":{"stop_id":"barrie-transit:765","stop_code":"765","stop_name":"Big Bay Point at Yonge ","source_stop_id":"765","agency_id":"barrie-transit","agency_name":"Barrie Transit","route_ids":["12B"]},"geometry":{"type":"Point","coordinates":[-79.6485984115957,44.3567955110547]}},{"type":"Feature","properties":{"stop_id":"barrie-transit:971","stop_code":"971","stop_name":"Ashford Drive ","source_stop_id":"971","agency_id":"barrie-transit","agency_name":"Barrie Transit","route_ids":["12B","15B"]},"geometry":{"type":"Point","coordinates":[-79.6417989499432,44.3583196389474]}},{"type":"Feature","properties":{"stop_id":"barrie-transit:120","stop_code":"120","stop_name":"Big Bay Point at Pine ","source_stop_id":"120","agency_id":"barrie-transit","agency_name":"Barrie Transit","route_ids":["12B","15B"]},"geometry":{"type":"Point","coordinates":[-79.635556,44.359682]}},{"type":"Feature","properties":{"stop_id":"barrie-transit:822","stop_code":"822","stop_name":"Pine Drive","source_stop_id":"822","agency_id":"barrie-transit","agency_name":"Barrie Transit","route_ids":["12B","15B"]},"geometry":{"type":"Point","coordinates":[-79.6315787420956,44.3605831462157]}},{"type":"Feature","properties":{"stop_id":"barrie-transit:122","stop_code":"122","stop_name":"Big Bay at Sandringham ","source_stop_id":"122","agency_id":"barrie-transit","agency_name":"Barrie Transit","route_ids":["12B","15B"]},"geometry":{"type":"Point","coordinates":[-79.622547,44.362622]}},{"type":"Feature","properties":{"stop_id":"barrie-transit:119","stop_code":"119","stop_name":"Big Bay at Prince William Way","source_stop_id":"119","agency_id":"barrie-transit","agency_name":"Barrie Transit","route_ids":["12B","15B"]},"geometry":{"type":"Point","coordinates":[-79.6161581122082,44.3641311708247]}},{"type":"Feature","properties":{"stop_id":"barrie-transit:601","stop_code":"601","stop_name":"Sovereign's Gate","source_stop_id":"601","agency_id":"barrie-transit","agency_name":"Barrie Transit","route_ids":["12B","15B"]},"geometry":{"type":"Point","coordinates":[-79.61469591,44.36196381]}},{"type":"Feature","properties":{"stop_id":"barrie-transit:599","stop_code":"599","stop_name":"Prince William Way at Sandringham","source_stop_id":"599","agency_id":"barrie-transit","agency_name":"Barrie Transit","route_ids":["12B","15B"]},"geometry":{"type":"Point","coordinates":[-79.612627,44.358756]}},{"type":"Feature","properties":{"stop_id":"barrie-transit:597","stop_code":"597","stop_name":"Mapleview at Prince William Way","source_stop_id":"597","agency_id":"barrie-transit","agency_name":"Barrie Transit","route_ids":["12B","15B"]},"geometry":{"type":"Point","coordinates":[-79.611357,44.35223]}},{"type":"Feature","properties":{"stop_id":"barrie-transit:400","stop_code":"400","stop_name":"Johnson at Napier","source_stop_id":"400","agency_id":"barrie-transit","agency_name":"Barrie Transit","route_ids":["101"]},"geometry":{"type":"Point","coordinates":[-79.65635548,44.39796716]}},{"type":"Feature","properties":{"stop_id":"barrie-transit:628","stop_code":"628","stop_name":"St Vincent at Cundles","source_stop_id":"628","agency_id":"barrie-transit","agency_name":"Barrie Transit","route_ids":["101"]},"geometry":{"type":"Point","coordinates":[-79.68921308,44.41205785]}},{"type":"Feature","properties":{"stop_id":"barrie-transit:633","stop_code":"633","stop_name":"Osprey Ridge Road","source_stop_id":"633","agency_id":"barrie-transit","agency_name":"Barrie Transit","route_ids":["101"]},"geometry":{"type":"Point","coordinates":[-79.6923366818957,44.4156840022944]}},{"type":"Feature","properties":{"stop_id":"barrie-transit:276","stop_code":"276","stop_name":"Dunlop at Eccles","source_stop_id":"276","agency_id":"barrie-transit","agency_name":"Barrie Transit","route_ids":["2B"]},"geometry":{"type":"Point","coordinates":[-79.6969058026447,44.3864151646584]}},{"type":"Feature","properties":{"stop_id":"barrie-transit:269","stop_code":"269","stop_name":"Eccles Street","source_stop_id":"269","agency_id":"barrie-transit","agency_name":"Barrie Transit","route_ids":["2B"]},"geometry":{"type":"Point","coordinates":[-79.69882951,44.38553734]}},{"type":"Feature","properties":{"stop_id":"barrie-transit:268","stop_code":"268","stop_name":"Boys Street","source_stop_id":"268","agency_id":"barrie-transit","agency_name":"Barrie Transit","route_ids":["2B"]},"geometry":{"type":"Point","coordinates":[-79.701050928804,44.3845671157399]}},{"type":"Feature","properties":{"stop_id":"barrie-transit:265","stop_code":"265","stop_name":"Dunlop at Anne","source_stop_id":"265","agency_id":"barrie-transit","agency_name":"Barrie Transit","route_ids":["2B"]},"geometry":{"type":"Point","coordinates":[-79.705091,44.382816]}},{"type":"Feature","properties":{"stop_id":"barrie-transit:934","stop_code":"934","stop_name":"Sarjeant Drive","source_stop_id":"934","agency_id":"barrie-transit","agency_name":"Barrie Transit","route_ids":["2B"]},"geometry":{"type":"Point","coordinates":[-79.7165309785042,44.3777451359251]}},{"type":"Feature","properties":{"stop_id":"barrie-transit:893","stop_code":"893","stop_name":"Ferndale Drive","source_stop_id":"893","agency_id":"barrie-transit","agency_name":"Barrie Transit","route_ids":["2B"]},"geometry":{"type":"Point","coordinates":[-79.719061,44.376627]}},{"type":"Feature","properties":{"stop_id":"barrie-transit:263","stop_code":"263","stop_name":"Ferndale at Barrie Operations","source_stop_id":"263","agency_id":"barrie-transit","agency_name":"Barrie Transit","route_ids":["2B"]},"geometry":{"type":"Point","coordinates":[-79.7223129246719,44.3788197205279]}},{"type":"Feature","properties":{"stop_id":"barrie-transit:282","stop_code":"282","stop_name":"Ferndale at Edgehill","source_stop_id":"282","agency_id":"barrie-transit","agency_name":"Barrie Transit","route_ids":["2B"]},"geometry":{"type":"Point","coordinates":[-79.7237754421132,44.3805650745577]}},{"type":"Feature","properties":{"stop_id":"barrie-transit:285","stop_code":"285","stop_name":"Jagges Drive","source_stop_id":"285","agency_id":"barrie-transit","agency_name":"Barrie Transit","route_ids":["2B"]},"geometry":{"type":"Point","coordinates":[-79.7284268250802,44.3805395937924]}},{"type":"Feature","properties":{"stop_id":"barrie-transit:288","stop_code":"288","stop_name":"Pringle at Ruffet","source_stop_id":"288","agency_id":"barrie-transit","agency_name":"Barrie Transit","route_ids":["2B"]},"geometry":{"type":"Point","coordinates":[-79.7343878207274,44.3778589553549]}},{"type":"Feature","properties":{"stop_id":"barrie-transit:610","stop_code":"610","stop_name":"Pringle at Sproule","source_stop_id":"610","agency_id":"barrie-transit","agency_name":"Barrie Transit","route_ids":["2B"]},"geometry":{"type":"Point","coordinates":[-79.7312307035959,44.3747871196799]}},{"type":"Feature","properties":{"stop_id":"barrie-transit:626","stop_code":"626","stop_name":"Sproule at Kraus","source_stop_id":"626","agency_id":"barrie-transit","agency_name":"Barrie Transit","route_ids":["2B"]},"geometry":{"type":"Point","coordinates":[-79.7360251709694,44.3725249533954]}},{"type":"Feature","properties":{"stop_id":"barrie-transit:834","stop_code":"834","stop_name":"Miller at Dunlop","source_stop_id":"834","agency_id":"barrie-transit","agency_name":"Barrie Transit","route_ids":["2B"]},"geometry":{"type":"Point","coordinates":[-79.7324162713315,44.3662380390138]}},{"type":"Feature","properties":{"stop_id":"barrie-transit:837","stop_code":"837","stop_name":"Ferndale at Tiffin","source_stop_id":"837","agency_id":"barrie-transit","agency_name":"Barrie Transit","route_ids":["2B"]},"geometry":{"type":"Point","coordinates":[-79.7144266547982,44.3688096821151]}},{"type":"Feature","properties":{"stop_id":"barrie-transit:839","stop_code":"839","stop_name":"Manhattan Homes","source_stop_id":"839","agency_id":"barrie-transit","agency_name":"Barrie Transit","route_ids":["2B"]},"geometry":{"type":"Point","coordinates":[-79.713506510023,44.3660137530365]}},{"type":"Feature","properties":{"stop_id":"barrie-transit:840","stop_code":"840","stop_name":"Bishop Drive","source_stop_id":"840","agency_id":"barrie-transit","agency_name":"Barrie Transit","route_ids":["2B"]},"geometry":{"type":"Point","coordinates":[-79.71551185,44.36128835]}},{"type":"Feature","properties":{"stop_id":"barrie-transit:841","stop_code":"841","stop_name":"Ferndale Woods Public School","source_stop_id":"841","agency_id":"barrie-transit","agency_name":"Barrie Transit","route_ids":["2B"]},"geometry":{"type":"Point","coordinates":[-79.715637,44.358115]}},{"type":"Feature","properties":{"stop_id":"barrie-transit:842","stop_code":"842","stop_name":"Ferndale at Ardagh","source_stop_id":"842","agency_id":"barrie-transit","agency_name":"Barrie Transit","route_ids":["2B"]},"geometry":{"type":"Point","coordinates":[-79.71493634,44.3551172]}},{"type":"Feature","properties":{"stop_id":"barrie-transit:843","stop_code":"843","stop_name":"Hawthorne and Wildwood","source_stop_id":"843","agency_id":"barrie-transit","agency_name":"Barrie Transit","route_ids":["2B"]},"geometry":{"type":"Point","coordinates":[-79.71402112,44.35219286]}},{"type":"Feature","properties":{"stop_id":"barrie-transit:844","stop_code":"844","stop_name":"Hawthorne Crescent","source_stop_id":"844","agency_id":"barrie-transit","agency_name":"Barrie Transit","route_ids":["2B"]},"geometry":{"type":"Point","coordinates":[-79.711673,44.350153]}},{"type":"Feature","properties":{"stop_id":"barrie-transit:846","stop_code":"846","stop_name":"Stroud Place","source_stop_id":"846","agency_id":"barrie-transit","agency_name":"Barrie Transit","route_ids":["2B"]},"geometry":{"type":"Point","coordinates":[-79.70631313,44.34750067]}},{"type":"Feature","properties":{"stop_id":"barrie-transit:663","stop_code":"663","stop_name":"Veteran's at Harvie","source_stop_id":"663","agency_id":"barrie-transit","agency_name":"Barrie Transit","route_ids":["2B"]},"geometry":{"type":"Point","coordinates":[-79.7020598772354,44.344485099946]}},{"type":"Feature","properties":{"stop_id":"barrie-transit:670","stop_code":"670","stop_name":"Veterans at Touchette","source_stop_id":"670","agency_id":"barrie-transit","agency_name":"Barrie Transit","route_ids":["2B"]},"geometry":{"type":"Point","coordinates":[-79.701425,44.342022]}},{"type":"Feature","properties":{"stop_id":"barrie-transit:667","stop_code":"667","stop_name":"Mapleton Avenue","source_stop_id":"667","agency_id":"barrie-transit","agency_name":"Barrie Transit","route_ids":["2B"]},"geometry":{"type":"Point","coordinates":[-79.70086525,44.33988511]}},{"type":"Feature","properties":{"stop_id":"barrie-transit:660","stop_code":"660","stop_name":"Caplan Avenue","source_stop_id":"660","agency_id":"barrie-transit","agency_name":"Barrie Transit","route_ids":["2B"]},"geometry":{"type":"Point","coordinates":[-79.700329,44.33712995]}},{"type":"Feature","properties":{"stop_id":"barrie-transit:255","stop_code":"255","stop_name":"Duckworth at Grove","source_stop_id":"255","agency_id":"barrie-transit","agency_name":"Barrie Transit","route_ids":["7B"]},"geometry":{"type":"Point","coordinates":[-79.674258,44.408195]}},{"type":"Feature","properties":{"stop_id":"barrie-transit:345","stop_code":"345","stop_name":"Maple Grove Public School","source_stop_id":"345","agency_id":"barrie-transit","agency_name":"Barrie Transit","route_ids":["7B"]},"geometry":{"type":"Point","coordinates":[-79.6792987606875,44.4052614957148]}},{"type":"Feature","properties":{"stop_id":"barrie-transit:353","stop_code":"353","stop_name":"Grove at St. Vincent","source_stop_id":"353","agency_id":"barrie-transit","agency_name":"Barrie Transit","route_ids":["7B"]},"geometry":{"type":"Point","coordinates":[-79.6829910970722,44.4036229292424]}},{"type":"Feature","properties":{"stop_id":"barrie-transit:337","stop_code":"337","stop_name":"Bothwell Crescent","source_stop_id":"337","agency_id":"barrie-transit","agency_name":"Barrie Transit","route_ids":["7B"]},"geometry":{"type":"Point","coordinates":[-79.68602289,44.40161247]}},{"type":"Feature","properties":{"stop_id":"barrie-transit:339","stop_code":"339","stop_name":"Barrie North Collegiate","source_stop_id":"339","agency_id":"barrie-transit","agency_name":"Barrie Transit","route_ids":["7B"]},"geometry":{"type":"Point","coordinates":[-79.68909394,44.40000377]}},{"type":"Feature","properties":{"stop_id":"barrie-transit:349","stop_code":"349","stop_name":"Owen Street","source_stop_id":"349","agency_id":"barrie-transit","agency_name":"Barrie Transit","route_ids":["7B"]},"geometry":{"type":"Point","coordinates":[-79.6930308,44.39829531]}},{"type":"Feature","properties":{"stop_id":"barrie-transit:9006","stop_code":"9006","stop_name":"Barrie Allandale Transit Terminal Platform 6","source_stop_id":"9006","agency_id":"barrie-transit","agency_name":"Barrie Transit","route_ids":["7A","7B"]},"geometry":{"type":"Point","coordinates":[-79.689689905126,44.3742472026524]}},{"type":"Feature","properties":{"stop_id":"barrie-transit:651","stop_code":"651","stop_name":"Tiffin at Innisfil Street","source_stop_id":"651","agency_id":"barrie-transit","agency_name":"Barrie Transit","route_ids":["7B"]},"geometry":{"type":"Point","coordinates":[-79.694588,44.373773]}},{"type":"Feature","properties":{"stop_id":"barrie-transit:647","stop_code":"647","stop_name":"Tiffin at Anne","source_stop_id":"647","agency_id":"barrie-transit","agency_name":"Barrie Transit","route_ids":["7B"]},"geometry":{"type":"Point","coordinates":[-79.6979667304276,44.3730674161507]}},{"type":"Feature","properties":{"stop_id":"barrie-transit:641","stop_code":"641","stop_name":"204 Tiffin Street","source_stop_id":"641","agency_id":"barrie-transit","agency_name":"Barrie Transit","route_ids":["7B"]},"geometry":{"type":"Point","coordinates":[-79.701962,44.372123]}},{"type":"Feature","properties":{"stop_id":"barrie-transit:645","stop_code":"645","stop_name":"Dyment Road","source_stop_id":"645","agency_id":"barrie-transit","agency_name":"Barrie Transit","route_ids":["7B"]},"geometry":{"type":"Point","coordinates":[-79.7066077918998,44.371075018374]}},{"type":"Feature","properties":{"stop_id":"barrie-transit:581","stop_code":"581","stop_name":"Patterson at Tiffin","source_stop_id":"581","agency_id":"barrie-transit","agency_name":"Barrie Transit","route_ids":["7B"]},"geometry":{"type":"Point","coordinates":[-79.70888486,44.36978945]}},{"type":"Feature","properties":{"stop_id":"barrie-transit:580","stop_code":"580","stop_name":"Phillips Street","source_stop_id":"580","agency_id":"barrie-transit","agency_name":"Barrie Transit","route_ids":["7B"]},"geometry":{"type":"Point","coordinates":[-79.708327186604,44.367497525662]}},{"type":"Feature","properties":{"stop_id":"barrie-transit:574","stop_code":"574","stop_name":"Alva Street","source_stop_id":"574","agency_id":"barrie-transit","agency_name":"Barrie Transit","route_ids":["7B"]},"geometry":{"type":"Point","coordinates":[-79.70745891,44.36420057]}},{"type":"Feature","properties":{"stop_id":"barrie-transit:577","stop_code":"577","stop_name":"Patterson Place","source_stop_id":"577","agency_id":"barrie-transit","agency_name":"Barrie Transit","route_ids":["7B"]},"geometry":{"type":"Point","coordinates":[-79.70689989,44.36191744]}},{"type":"Feature","properties":{"stop_id":"barrie-transit:575","stop_code":"575","stop_name":"Patterson at Ardagh","source_stop_id":"575","agency_id":"barrie-transit","agency_name":"Barrie Transit","route_ids":["7B"]},"geometry":{"type":"Point","coordinates":[-79.70564801,44.35720901]}},{"type":"Feature","properties":{"stop_id":"barrie-transit:39","stop_code":"39","stop_name":"Snowshoe Trail","source_stop_id":"39","agency_id":"barrie-transit","agency_name":"Barrie Transit","route_ids":["7B"]},"geometry":{"type":"Point","coordinates":[-79.70982703,44.3561345]}},{"type":"Feature","properties":{"stop_id":"barrie-transit:34","stop_code":"34","stop_name":"Ardagh at Ferndale","source_stop_id":"34","agency_id":"barrie-transit","agency_name":"Barrie Transit","route_ids":["7B"]},"geometry":{"type":"Point","coordinates":[-79.7144519034478,44.355135024126]}},{"type":"Feature","properties":{"stop_id":"barrie-transit:37","stop_code":"37","stop_name":"Hawkins Drive","source_stop_id":"37","agency_id":"barrie-transit","agency_name":"Barrie Transit","route_ids":["7B"]},"geometry":{"type":"Point","coordinates":[-79.72189311,44.35342967]}},{"type":"Feature","properties":{"stop_id":"barrie-transit:42","stop_code":"42","stop_name":"Wright Drive","source_stop_id":"42","agency_id":"barrie-transit","agency_name":"Barrie Transit","route_ids":["7B"]},"geometry":{"type":"Point","coordinates":[-79.72698487,44.35231205]}},{"type":"Feature","properties":{"stop_id":"barrie-transit:40","stop_code":"40","stop_name":"Wildflower Court","source_stop_id":"40","agency_id":"barrie-transit","agency_name":"Barrie Transit","route_ids":["7B"]},"geometry":{"type":"Point","coordinates":[-79.73092996,44.35141836]}},{"type":"Feature","properties":{"stop_id":"barrie-transit:490","stop_code":"490","stop_name":"Saint Joan of Arc High School","source_stop_id":"490","agency_id":"barrie-transit","agency_name":"Barrie Transit","route_ids":["7B"]},"geometry":{"type":"Point","coordinates":[-79.73426711,44.34900391]}},{"type":"Feature","properties":{"stop_id":"barrie-transit:491","stop_code":"491","stop_name":"Batteaux Street","source_stop_id":"491","agency_id":"barrie-transit","agency_name":"Barrie Transit","route_ids":["7B"]},"geometry":{"type":"Point","coordinates":[-79.7340239837118,44.3479796029384]}},{"type":"Feature","properties":{"stop_id":"barrie-transit:498","stop_code":"498","stop_name":"Oakside Court","source_stop_id":"498","agency_id":"barrie-transit","agency_name":"Barrie Transit","route_ids":["7B"]},"geometry":{"type":"Point","coordinates":[-79.72906609,44.34083908]}},{"type":"Feature","properties":{"stop_id":"barrie-transit:505","stop_code":"505","stop_name":"White Elm Road","source_stop_id":"505","agency_id":"barrie-transit","agency_name":"Barrie Transit","route_ids":["7B"]},"geometry":{"type":"Point","coordinates":[-79.72437457,44.33952273]}},{"type":"Feature","properties":{"stop_id":"barrie-transit:497","stop_code":"497","stop_name":"Mapleton at Marsellus","source_stop_id":"497","agency_id":"barrie-transit","agency_name":"Barrie Transit","route_ids":["7B"]},"geometry":{"type":"Point","coordinates":[-79.7204554,44.33929434]}},{"type":"Feature","properties":{"stop_id":"barrie-transit:868","stop_code":"868","stop_name":"Coughlin Road","source_stop_id":"868","agency_id":"barrie-transit","agency_name":"Barrie Transit","route_ids":["7B"]},"geometry":{"type":"Point","coordinates":[-79.71018188,44.33700717]}},{"type":"Feature","properties":{"stop_id":"barrie-transit:666","stop_code":"666","stop_name":"King Street","source_stop_id":"666","agency_id":"barrie-transit","agency_name":"Barrie Transit","route_ids":["7B"]},"geometry":{"type":"Point","coordinates":[-79.69842755,44.32966122]}},{"type":"Feature","properties":{"stop_id":"barrie-transit:201","stop_code":"201","stop_name":"Norris Drive","source_stop_id":"201","agency_id":"barrie-transit","agency_name":"Barrie Transit","route_ids":["7B"]},"geometry":{"type":"Point","coordinates":[-79.69352622,44.32364713]}},{"type":"Feature","properties":{"stop_id":"barrie-transit:198","stop_code":"198","stop_name":"112 Commerce Park Drive","source_stop_id":"198","agency_id":"barrie-transit","agency_name":"Barrie Transit","route_ids":["7B"]},"geometry":{"type":"Point","coordinates":[-79.68949655,44.32453901]}},{"type":"Feature","properties":{"stop_id":"barrie-transit:162","stop_code":"162","stop_name":"Bryne Drive","source_stop_id":"162","agency_id":"barrie-transit","agency_name":"Barrie Transit","route_ids":["7B"]},"geometry":{"type":"Point","coordinates":[-79.68724698,44.32563066]}},{"type":"Feature","properties":{"stop_id":"barrie-transit:161","stop_code":"161","stop_name":"Mill Road","source_stop_id":"161","agency_id":"barrie-transit","agency_name":"Barrie Transit","route_ids":["7B"]},"geometry":{"type":"Point","coordinates":[-79.68785321,44.327047]}},{"type":"Feature","properties":{"stop_id":"barrie-transit:871","stop_code":"871","stop_name":"Bryne at Commerce Park","source_stop_id":"871","agency_id":"barrie-transit","agency_name":"Barrie Transit","route_ids":["7B"]},"geometry":{"type":"Point","coordinates":[-79.688396,44.330246]}},{"type":"Feature","properties":{"stop_id":"barrie-transit:849","stop_code":"849","stop_name":"505 Bryne Drive","source_stop_id":"849","agency_id":"barrie-transit","agency_name":"Barrie Transit","route_ids":["7B"]},"geometry":{"type":"Point","coordinates":[-79.68939828,44.33210072]}},{"type":"Feature","properties":{"stop_id":"barrie-transit:737","stop_code":"737","stop_name":"South Village Way","source_stop_id":"737","agency_id":"barrie-transit","agency_name":"Barrie Transit","route_ids":["2A","7A"]},"geometry":{"type":"Point","coordinates":[-79.67928743,44.33917077]}},{"type":"Feature","properties":{"stop_id":"barrie-transit:661","stop_code":"661","stop_name":"Caplan Avenue","source_stop_id":"661","agency_id":"barrie-transit","agency_name":"Barrie Transit","route_ids":["2A"]},"geometry":{"type":"Point","coordinates":[-79.6999816297007,44.3367809327167]}},{"type":"Feature","properties":{"stop_id":"barrie-transit:659","stop_code":"659","stop_name":"Brookwood Drive","source_stop_id":"659","agency_id":"barrie-transit","agency_name":"Barrie Transit","route_ids":["2A"]},"geometry":{"type":"Point","coordinates":[-79.70053342,44.33963864]}},{"type":"Feature","properties":{"stop_id":"barrie-transit:671","stop_code":"671","stop_name":"Touchette Drive","source_stop_id":"671","agency_id":"barrie-transit","agency_name":"Barrie Transit","route_ids":["2A"]},"geometry":{"type":"Point","coordinates":[-79.70118081,44.34217782]}},{"type":"Feature","properties":{"stop_id":"barrie-transit:664","stop_code":"664","stop_name":"Veteran's at Harvie","source_stop_id":"664","agency_id":"barrie-transit","agency_name":"Barrie Transit","route_ids":["2A"]},"geometry":{"type":"Point","coordinates":[-79.7017889228878,44.3447128678515]}},{"type":"Feature","properties":{"stop_id":"barrie-transit:826","stop_code":"826","stop_name":"Hawthorne Crescent","source_stop_id":"826","agency_id":"barrie-transit","agency_name":"Barrie Transit","route_ids":["2A"]},"geometry":{"type":"Point","coordinates":[-79.711339,44.350161]}},{"type":"Feature","properties":{"stop_id":"barrie-transit:827","stop_code":"827","stop_name":"Wildwood Trail","source_stop_id":"827","agency_id":"barrie-transit","agency_name":"Barrie Transit","route_ids":["2A"]},"geometry":{"type":"Point","coordinates":[-79.71363959,44.35190209]}},{"type":"Feature","properties":{"stop_id":"barrie-transit:828","stop_code":"828","stop_name":"Ferndale at Ardagh","source_stop_id":"828","agency_id":"barrie-transit","agency_name":"Barrie Transit","route_ids":["2A"]},"geometry":{"type":"Point","coordinates":[-79.714754,44.355333]}},{"type":"Feature","properties":{"stop_id":"barrie-transit:829","stop_code":"829","stop_name":"Cuthbert Street","source_stop_id":"829","agency_id":"barrie-transit","agency_name":"Barrie Transit","route_ids":["2A"]},"geometry":{"type":"Point","coordinates":[-79.7152786,44.35732942]}},{"type":"Feature","properties":{"stop_id":"barrie-transit:830","stop_code":"830","stop_name":"Bishop Drive","source_stop_id":"830","agency_id":"barrie-transit","agency_name":"Barrie Transit","route_ids":["2A"]},"geometry":{"type":"Point","coordinates":[-79.71530502,44.36103958]}},{"type":"Feature","properties":{"stop_id":"barrie-transit:831","stop_code":"831","stop_name":"Manhattan Homes","source_stop_id":"831","agency_id":"barrie-transit","agency_name":"Barrie Transit","route_ids":["2A"]},"geometry":{"type":"Point","coordinates":[-79.713236,44.366088]}},{"type":"Feature","properties":{"stop_id":"barrie-transit:836","stop_code":"836","stop_name":"Tiffin at Ferndale","source_stop_id":"836","agency_id":"barrie-transit","agency_name":"Barrie Transit","route_ids":["2A"]},"geometry":{"type":"Point","coordinates":[-79.7149520889512,44.369218253457]}},{"type":"Feature","properties":{"stop_id":"barrie-transit:835","stop_code":"835","stop_name":"Miller at Dunlop","source_stop_id":"835","agency_id":"barrie-transit","agency_name":"Barrie Transit","route_ids":["2A"]},"geometry":{"type":"Point","coordinates":[-79.7323009412816,44.3664093965397]}},{"type":"Feature","properties":{"stop_id":"barrie-transit:627","stop_code":"627","stop_name":"Sproule at Kraus","source_stop_id":"627","agency_id":"barrie-transit","agency_name":"Barrie Transit","route_ids":["2A"]},"geometry":{"type":"Point","coordinates":[-79.73537759,44.37265817]}},{"type":"Feature","properties":{"stop_id":"barrie-transit:604","stop_code":"604","stop_name":"Pringle at Sproule","source_stop_id":"604","agency_id":"barrie-transit","agency_name":"Barrie Transit","route_ids":["2A"]},"geometry":{"type":"Point","coordinates":[-79.7310793,44.37479916]}},{"type":"Feature","properties":{"stop_id":"barrie-transit:603","stop_code":"603","stop_name":"Pringle at Edgehill","source_stop_id":"603","agency_id":"barrie-transit","agency_name":"Barrie Transit","route_ids":["2A"]},"geometry":{"type":"Point","coordinates":[-79.73431069,44.37803338]}},{"type":"Feature","properties":{"stop_id":"barrie-transit:286","stop_code":"286","stop_name":"Jagges Drive","source_stop_id":"286","agency_id":"barrie-transit","agency_name":"Barrie Transit","route_ids":["2A"]},"geometry":{"type":"Point","coordinates":[-79.7289542230522,44.380282474276]}},{"type":"Feature","properties":{"stop_id":"barrie-transit:283","stop_code":"283","stop_name":"Edgehill at Ferndale","source_stop_id":"283","agency_id":"barrie-transit","agency_name":"Barrie Transit","route_ids":["2A"]},"geometry":{"type":"Point","coordinates":[-79.7248207,44.38118332]}},{"type":"Feature","properties":{"stop_id":"barrie-transit:262","stop_code":"262","stop_name":"Ferndale at Barrie Operations","source_stop_id":"262","agency_id":"barrie-transit","agency_name":"Barrie Transit","route_ids":["2A"]},"geometry":{"type":"Point","coordinates":[-79.722574962295,44.3787551389461]}},{"type":"Feature","properties":{"stop_id":"barrie-transit:271","stop_code":"271","stop_name":"Dunlop at Ferndale","source_stop_id":"271","agency_id":"barrie-transit","agency_name":"Barrie Transit","route_ids":["2A"]},"geometry":{"type":"Point","coordinates":[-79.7187483094185,44.3765722395898]}},{"type":"Feature","properties":{"stop_id":"barrie-transit:277","stop_code":"277","stop_name":"Sarjeant Drive","source_stop_id":"277","agency_id":"barrie-transit","agency_name":"Barrie Transit","route_ids":["2A"]},"geometry":{"type":"Point","coordinates":[-79.7169727786267,44.3773343261257]}},{"type":"Feature","properties":{"stop_id":"barrie-transit:266","stop_code":"266","stop_name":"Dunlop at Anne","source_stop_id":"266","agency_id":"barrie-transit","agency_name":"Barrie Transit","route_ids":["2A"]},"geometry":{"type":"Point","coordinates":[-79.70486031539,44.3827364602891]}},{"type":"Feature","properties":{"stop_id":"barrie-transit:272","stop_code":"272","stop_name":"Frances Street","source_stop_id":"272","agency_id":"barrie-transit","agency_name":"Barrie Transit","route_ids":["2A"]},"geometry":{"type":"Point","coordinates":[-79.69991235,44.38488824]}},{"type":"Feature","properties":{"stop_id":"barrie-transit:270","stop_code":"270","stop_name":"Eccles Street","source_stop_id":"270","agency_id":"barrie-transit","agency_name":"Barrie Transit","route_ids":["2A"]},"geometry":{"type":"Point","coordinates":[-79.69723418,44.38605848]}},{"type":"Feature","properties":{"stop_id":"barrie-transit:275","stop_code":"275","stop_name":"Dunlop at High Street","source_stop_id":"275","agency_id":"barrie-transit","agency_name":"Barrie Transit","route_ids":["2A"]},"geometry":{"type":"Point","coordinates":[-79.6954134072855,44.3868950859228]}},{"type":"Feature","properties":{"stop_id":"barrie-transit:867","stop_code":"867","stop_name":"Barrie View Drive","source_stop_id":"867","agency_id":"barrie-transit","agency_name":"Barrie Transit","route_ids":["7A"]},"geometry":{"type":"Point","coordinates":[-79.6871910884008,44.335026824554]}},{"type":"Feature","properties":{"stop_id":"barrie-transit:848","stop_code":"848","stop_name":"506 Bryne Drive","source_stop_id":"848","agency_id":"barrie-transit","agency_name":"Barrie Transit","route_ids":["7A"]},"geometry":{"type":"Point","coordinates":[-79.6894192,44.33187138]}},{"type":"Feature","properties":{"stop_id":"barrie-transit:850","stop_code":"850","stop_name":"Commerce Park Drive ","source_stop_id":"850","agency_id":"barrie-transit","agency_name":"Barrie Transit","route_ids":["7A"]},"geometry":{"type":"Point","coordinates":[-79.6886076945666,44.3299402339952]}},{"type":"Feature","properties":{"stop_id":"barrie-transit:851","stop_code":"851","stop_name":"Mills Road","source_stop_id":"851","agency_id":"barrie-transit","agency_name":"Barrie Transit","route_ids":["7A"]},"geometry":{"type":"Point","coordinates":[-79.68813661,44.32725928]}},{"type":"Feature","properties":{"stop_id":"barrie-transit:852","stop_code":"852","stop_name":"Commerce Park Drive","source_stop_id":"852","agency_id":"barrie-transit","agency_name":"Barrie Transit","route_ids":["7A"]},"geometry":{"type":"Point","coordinates":[-79.6872821,44.3253194]}},{"type":"Feature","properties":{"stop_id":"barrie-transit:199","stop_code":"199","stop_name":"121 Commerce Park Drive","source_stop_id":"199","agency_id":"barrie-transit","agency_name":"Barrie Transit","route_ids":["7A"]},"geometry":{"type":"Point","coordinates":[-79.68975503,44.32467468]}},{"type":"Feature","properties":{"stop_id":"barrie-transit:200","stop_code":"200","stop_name":"Norris Drive","source_stop_id":"200","agency_id":"barrie-transit","agency_name":"Barrie Transit","route_ids":["7A"]},"geometry":{"type":"Point","coordinates":[-79.69301672,44.32395013]}},{"type":"Feature","properties":{"stop_id":"barrie-transit:665","stop_code":"665","stop_name":"King Street","source_stop_id":"665","agency_id":"barrie-transit","agency_name":"Barrie Transit","route_ids":["7A"]},"geometry":{"type":"Point","coordinates":[-79.6980946619216,44.3294318763364]}},{"type":"Feature","properties":{"stop_id":"barrie-transit:853","stop_code":"853","stop_name":"Essa Road","source_stop_id":"853","agency_id":"barrie-transit","agency_name":"Barrie Transit","route_ids":["7A"]},"geometry":{"type":"Point","coordinates":[-79.71319544,44.32921574]}},{"type":"Feature","properties":{"stop_id":"barrie-transit:855","stop_code":"855","stop_name":"Coughlin Road","source_stop_id":"855","agency_id":"barrie-transit","agency_name":"Barrie Transit","route_ids":["7A"]},"geometry":{"type":"Point","coordinates":[-79.70991124,44.33691527]}},{"type":"Feature","properties":{"stop_id":"barrie-transit:504","stop_code":"504","stop_name":"White Elm Road","source_stop_id":"504","agency_id":"barrie-transit","agency_name":"Barrie Transit","route_ids":["7A"]},"geometry":{"type":"Point","coordinates":[-79.72473666,44.33976471]}},{"type":"Feature","properties":{"stop_id":"barrie-transit:499","stop_code":"499","stop_name":"Pinecliff Crescent","source_stop_id":"499","agency_id":"barrie-transit","agency_name":"Barrie Transit","route_ids":["7A"]},"geometry":{"type":"Point","coordinates":[-79.72988353,44.34123342]}},{"type":"Feature","properties":{"stop_id":"barrie-transit:500","stop_code":"500","stop_name":"Silvercreek Crescent","source_stop_id":"500","agency_id":"barrie-transit","agency_name":"Barrie Transit","route_ids":["7A"]},"geometry":{"type":"Point","coordinates":[-79.7337463694123,44.3476937275325]}},{"type":"Feature","properties":{"stop_id":"barrie-transit:489","stop_code":"489","stop_name":"Saint Joan of Arc High School","source_stop_id":"489","agency_id":"barrie-transit","agency_name":"Barrie Transit","route_ids":["7A"]},"geometry":{"type":"Point","coordinates":[-79.73412737,44.34901936]}},{"type":"Feature","properties":{"stop_id":"barrie-transit:41","stop_code":"41","stop_name":"Wildflower Court","source_stop_id":"41","agency_id":"barrie-transit","agency_name":"Barrie Transit","route_ids":["7A"]},"geometry":{"type":"Point","coordinates":[-79.73086153,44.35127803]}},{"type":"Feature","properties":{"stop_id":"barrie-transit:36","stop_code":"36","stop_name":"Grant's Way","source_stop_id":"36","agency_id":"barrie-transit","agency_name":"Barrie Transit","route_ids":["7A"]},"geometry":{"type":"Point","coordinates":[-79.72746197,44.3520781]}},{"type":"Feature","properties":{"stop_id":"barrie-transit:32","stop_code":"32","stop_name":"Eaglestone Lane","source_stop_id":"32","agency_id":"barrie-transit","agency_name":"Barrie Transit","route_ids":["7A"]},"geometry":{"type":"Point","coordinates":[-79.72225259,44.3532061]}},{"type":"Feature","properties":{"stop_id":"barrie-transit:35","stop_code":"35","stop_name":"Ardagh at Ferndale","source_stop_id":"35","agency_id":"barrie-transit","agency_name":"Barrie Transit","route_ids":["7A"]},"geometry":{"type":"Point","coordinates":[-79.7141051908426,44.355004546844]}},{"type":"Feature","properties":{"stop_id":"barrie-transit:38","stop_code":"38","stop_name":"Snowshoe Trail","source_stop_id":"38","agency_id":"barrie-transit","agency_name":"Barrie Transit","route_ids":["7A"]},"geometry":{"type":"Point","coordinates":[-79.70986103,44.35598594]}},{"type":"Feature","properties":{"stop_id":"barrie-transit:576","stop_code":"576","stop_name":"Patterson at Ardagh","source_stop_id":"576","agency_id":"barrie-transit","agency_name":"Barrie Transit","route_ids":["7A"]},"geometry":{"type":"Point","coordinates":[-79.7055103678404,44.3572226211294]}},{"type":"Feature","properties":{"stop_id":"barrie-transit:578","stop_code":"578","stop_name":"Patterson Place","source_stop_id":"578","agency_id":"barrie-transit","agency_name":"Barrie Transit","route_ids":["7A"]},"geometry":{"type":"Point","coordinates":[-79.70672568,44.36170278]}},{"type":"Feature","properties":{"stop_id":"barrie-transit:573","stop_code":"573","stop_name":"Alva Street","source_stop_id":"573","agency_id":"barrie-transit","agency_name":"Barrie Transit","route_ids":["7A"]},"geometry":{"type":"Point","coordinates":[-79.70730927,44.36419828]}},{"type":"Feature","properties":{"stop_id":"barrie-transit:579","stop_code":"579","stop_name":"Phillips Street","source_stop_id":"579","agency_id":"barrie-transit","agency_name":"Barrie Transit","route_ids":["7A"]},"geometry":{"type":"Point","coordinates":[-79.70815659,44.36760738]}},{"type":"Feature","properties":{"stop_id":"barrie-transit:582","stop_code":"582","stop_name":"Patterson at Tiffin","source_stop_id":"582","agency_id":"barrie-transit","agency_name":"Barrie Transit","route_ids":["7A"]},"geometry":{"type":"Point","coordinates":[-79.70862279,44.36936283]}},{"type":"Feature","properties":{"stop_id":"barrie-transit:646","stop_code":"646","stop_name":"Dyment Road","source_stop_id":"646","agency_id":"barrie-transit","agency_name":"Barrie Transit","route_ids":["7A"]},"geometry":{"type":"Point","coordinates":[-79.70622622,44.37101971]}},{"type":"Feature","properties":{"stop_id":"barrie-transit:642","stop_code":"642","stop_name":"207 Tiffin Street","source_stop_id":"642","agency_id":"barrie-transit","agency_name":"Barrie Transit","route_ids":["7A"]},"geometry":{"type":"Point","coordinates":[-79.7014221,44.37211017]}},{"type":"Feature","properties":{"stop_id":"barrie-transit:648","stop_code":"648","stop_name":"Tiffin at Anne","source_stop_id":"648","agency_id":"barrie-transit","agency_name":"Barrie Transit","route_ids":["7A"]},"geometry":{"type":"Point","coordinates":[-79.697584,44.372957]}},{"type":"Feature","properties":{"stop_id":"barrie-transit:652","stop_code":"652","stop_name":"Innisfil Street","source_stop_id":"652","agency_id":"barrie-transit","agency_name":"Barrie Transit","route_ids":["7A"]},"geometry":{"type":"Point","coordinates":[-79.6938499949973,44.3738163024311]}},{"type":"Feature","properties":{"stop_id":"barrie-transit:149","stop_code":"149","stop_name":"John Street","source_stop_id":"149","agency_id":"barrie-transit","agency_name":"Barrie Transit","route_ids":["12A","7A"]},"geometry":{"type":"Point","coordinates":[-79.69351954,44.37959209]}},{"type":"Feature","properties":{"stop_id":"barrie-transit:152","stop_code":"152","stop_name":"Victoria Street","source_stop_id":"152","agency_id":"barrie-transit","agency_name":"Barrie Transit","route_ids":["12A","7A"]},"geometry":{"type":"Point","coordinates":[-79.69361715,44.38125324]}},{"type":"Feature","properties":{"stop_id":"barrie-transit:150","stop_code":"150","stop_name":"Bradford at Simcoe","source_stop_id":"150","agency_id":"barrie-transit","agency_name":"Barrie Transit","route_ids":["12A","7A"]},"geometry":{"type":"Point","coordinates":[-79.693828,44.385598]}},{"type":"Feature","properties":{"stop_id":"barrie-transit:348","stop_code":"348","stop_name":"Owen Street","source_stop_id":"348","agency_id":"barrie-transit","agency_name":"Barrie Transit","route_ids":["7A"]},"geometry":{"type":"Point","coordinates":[-79.69232901,44.3984896]}},{"type":"Feature","properties":{"stop_id":"barrie-transit:340","stop_code":"340","stop_name":"Grove at Davidson","source_stop_id":"340","agency_id":"barrie-transit","agency_name":"Barrie Transit","route_ids":["7A"]},"geometry":{"type":"Point","coordinates":[-79.68845319,44.40018354]}},{"type":"Feature","properties":{"stop_id":"barrie-transit:347","stop_code":"347","stop_name":"Oak Street","source_stop_id":"347","agency_id":"barrie-transit","agency_name":"Barrie Transit","route_ids":["7A"]},"geometry":{"type":"Point","coordinates":[-79.68568914,44.40178296]}},{"type":"Feature","properties":{"stop_id":"barrie-transit:354","stop_code":"354","stop_name":"Grove at St. Vincent","source_stop_id":"354","agency_id":"barrie-transit","agency_name":"Barrie Transit","route_ids":["7A"]},"geometry":{"type":"Point","coordinates":[-79.6828703393263,44.4035517813892]}},{"type":"Feature","properties":{"stop_id":"barrie-transit:937","stop_code":"937","stop_name":"229 Grove","source_stop_id":"937","agency_id":"barrie-transit","agency_name":"Barrie Transit","route_ids":["7A"]},"geometry":{"type":"Point","coordinates":[-79.6798461524248,44.4048769355288]}},{"type":"Feature","properties":{"stop_id":"barrie-transit:938","stop_code":"938","stop_name":"Grove at Duckworth ","source_stop_id":"938","agency_id":"barrie-transit","agency_name":"Barrie Transit","route_ids":["7A"]},"geometry":{"type":"Point","coordinates":[-79.6736408916931,44.4070060108741]}},{"type":"Feature","properties":{"stop_id":"barrie-transit:939","stop_code":"939","stop_name":"Grove at Cook Street ","source_stop_id":"939","agency_id":"barrie-transit","agency_name":"Barrie Transit","route_ids":["7A"]},"geometry":{"type":"Point","coordinates":[-79.6690914822083,44.4065758569999]}},{"type":"Feature","properties":{"stop_id":"barrie-transit:5960","stop_code":"5960","stop_name":"Prince William at Mapleview","source_stop_id":"5960","agency_id":"barrie-transit","agency_name":"Barrie Transit","route_ids":["12A","15A","15B"]},"geometry":{"type":"Point","coordinates":[-79.610514,44.352003]}},{"type":"Feature","properties":{"stop_id":"barrie-transit:602","stop_code":"602","stop_name":"The Queensway","source_stop_id":"602","agency_id":"barrie-transit","agency_name":"Barrie Transit","route_ids":["12A","15A"]},"geometry":{"type":"Point","coordinates":[-79.611327,44.35490312]}},{"type":"Feature","properties":{"stop_id":"barrie-transit:595","stop_code":"595","stop_name":"Prince William Way at Empire","source_stop_id":"595","agency_id":"barrie-transit","agency_name":"Barrie Transit","route_ids":["12A","15A"]},"geometry":{"type":"Point","coordinates":[-79.612888,44.359826]}},{"type":"Feature","properties":{"stop_id":"barrie-transit:600","stop_code":"600","stop_name":"Sovereign's Gate","source_stop_id":"600","agency_id":"barrie-transit","agency_name":"Barrie Transit","route_ids":["12A","15A"]},"geometry":{"type":"Point","coordinates":[-79.61448897,44.36201245]}},{"type":"Feature","properties":{"stop_id":"barrie-transit:121","stop_code":"121","stop_name":"Royal Park Side Drive","source_stop_id":"121","agency_id":"barrie-transit","agency_name":"Barrie Transit","route_ids":["12A","15A"]},"geometry":{"type":"Point","coordinates":[-79.62251539,44.36280583]}},{"type":"Feature","properties":{"stop_id":"barrie-transit:117","stop_code":"117","stop_name":"Hurst Drive ","source_stop_id":"117","agency_id":"barrie-transit","agency_name":"Barrie Transit","route_ids":["12A","15A"]},"geometry":{"type":"Point","coordinates":[-79.6325912557102,44.3605729504331]}},{"type":"Feature","properties":{"stop_id":"barrie-transit:802","stop_code":"802","stop_name":"Grand Forest Drive","source_stop_id":"802","agency_id":"barrie-transit","agency_name":"Barrie Transit","route_ids":["12A","15A"]},"geometry":{"type":"Point","coordinates":[-79.6357761576905,44.3598592412401]}},{"type":"Feature","properties":{"stop_id":"barrie-transit:972","stop_code":"972","stop_name":"Big Bay Point at Dodson","source_stop_id":"972","agency_id":"barrie-transit","agency_name":"Barrie Transit","route_ids":["12A","15A"]},"geometry":{"type":"Point","coordinates":[-79.6411999982275,44.3586561117771]}},{"type":"Feature","properties":{"stop_id":"barrie-transit:7250","stop_code":"7250","stop_name":"Yonge at Barrie South GO","source_stop_id":"7250","agency_id":"barrie-transit","agency_name":"Barrie Transit","route_ids":["15A"]},"geometry":{"type":"Point","coordinates":[-79.629634,44.35004]}},{"type":"Feature","properties":{"stop_id":"barrie-transit:510","stop_code":"510","stop_name":"Mapleview at Chef","source_stop_id":"510","agency_id":"barrie-transit","agency_name":"Barrie Transit","route_ids":["15A"]},"geometry":{"type":"Point","coordinates":[-79.6213009184752,44.3497622362459]}},{"type":"Feature","properties":{"stop_id":"barrie-transit:593","stop_code":"593","stop_name":"Saint Gabriel Catholic School","source_stop_id":"593","agency_id":"barrie-transit","agency_name":"Barrie Transit","route_ids":["15B"]},"geometry":{"type":"Point","coordinates":[-79.61162789,44.35519739]}},{"type":"Feature","properties":{"stop_id":"barrie-transit:787","stop_code":"787","stop_name":"Lally at Gateway","source_stop_id":"787","agency_id":"barrie-transit","agency_name":"Barrie Transit","route_ids":["12A","15B"]},"geometry":{"type":"Point","coordinates":[-79.614675,44.348353]}},{"type":"Feature","properties":{"stop_id":"barrie-transit:1000","stop_code":"1000","stop_name":"Layover","source_stop_id":"1000","agency_id":"barrie-transit","agency_name":"Barrie Transit","route_ids":["12A"]},"geometry":{"type":"Point","coordinates":[-79.615745,44.35015]}},{"type":"Feature","properties":{"stop_id":"barrie-transit:774","stop_code":"774","stop_name":"Yonge and Big Bay Point ","source_stop_id":"774","agency_id":"barrie-transit","agency_name":"Barrie Transit","route_ids":["12A"]},"geometry":{"type":"Point","coordinates":[-79.6489913552398,44.3569027994217]}},{"type":"Feature","properties":{"stop_id":"barrie-transit:878","stop_code":"878","stop_name":"Leggott Avenue","source_stop_id":"878","agency_id":"barrie-transit","agency_name":"Barrie Transit","route_ids":["12A"]},"geometry":{"type":"Point","coordinates":[-79.6588236243284,44.3547156713007]}},{"type":"Feature","properties":{"stop_id":"barrie-transit:879","stop_code":"879","stop_name":"Willow Landing School","source_stop_id":"879","agency_id":"barrie-transit","agency_name":"Barrie Transit","route_ids":["12A"]},"geometry":{"type":"Point","coordinates":[-79.66165791,44.35403734]}},{"type":"Feature","properties":{"stop_id":"barrie-transit:751","stop_code":"751","stop_name":"Big Bay Point at Huronia","source_stop_id":"751","agency_id":"barrie-transit","agency_name":"Barrie Transit","route_ids":["12A"]},"geometry":{"type":"Point","coordinates":[-79.6645142401895,44.3533394082488]}},{"type":"Feature","properties":{"stop_id":"barrie-transit:124","stop_code":"124","stop_name":"Welham Road","source_stop_id":"124","agency_id":"barrie-transit","agency_name":"Barrie Transit","route_ids":["12A"]},"geometry":{"type":"Point","coordinates":[-79.67045613,44.35102962]}},{"type":"Feature","properties":{"stop_id":"barrie-transit:672","stop_code":"672","stop_name":"530 Welham","source_stop_id":"672","agency_id":"barrie-transit","agency_name":"Barrie Transit","route_ids":["12A"]},"geometry":{"type":"Point","coordinates":[-79.67023057,44.3420197]}},{"type":"Feature","properties":{"stop_id":"barrie-transit:681","stop_code":"681","stop_name":"Welham at Mapleview","source_stop_id":"681","agency_id":"barrie-transit","agency_name":"Barrie Transit","route_ids":["12A"]},"geometry":{"type":"Point","coordinates":[-79.670006723603,44.3392224896262]}},{"type":"Feature","properties":{"stop_id":"barrie-transit:932","stop_code":"932","stop_name":"Hooper Road","source_stop_id":"932","agency_id":"barrie-transit","agency_name":"Barrie Transit","route_ids":["12A"]},"geometry":{"type":"Point","coordinates":[-79.66942321,44.33673653]}},{"type":"Feature","properties":{"stop_id":"barrie-transit:933","stop_code":"933","stop_name":"Saunders at Welham","source_stop_id":"933","agency_id":"barrie-transit","agency_name":"Barrie Transit","route_ids":["12A"]},"geometry":{"type":"Point","coordinates":[-79.6689704420632,44.3342517234573]}},{"type":"Feature","properties":{"stop_id":"barrie-transit:756","stop_code":"756","stop_name":"Hooper Road","source_stop_id":"756","agency_id":"barrie-transit","agency_name":"Barrie Transit","route_ids":["12A"]},"geometry":{"type":"Point","coordinates":[-79.67365255,44.33312923]}},{"type":"Feature","properties":{"stop_id":"barrie-transit:757","stop_code":"757","stop_name":"Saunders at Bayview","source_stop_id":"757","agency_id":"barrie-transit","agency_name":"Barrie Transit","route_ids":["12A"]},"geometry":{"type":"Point","coordinates":[-79.67729778,44.332292]}},{"type":"Feature","properties":{"stop_id":"barrie-transit:97","stop_code":"97","stop_name":"Bayview at Mapleview","source_stop_id":"97","agency_id":"barrie-transit","agency_name":"Barrie Transit","route_ids":["12A"]},"geometry":{"type":"Point","coordinates":[-79.678502600447,44.3365079542406]}},{"type":"Feature","properties":{"stop_id":"barrie-transit:90","stop_code":"90","stop_name":"Churchill Drive","source_stop_id":"90","agency_id":"barrie-transit","agency_name":"Barrie Transit","route_ids":["12A"]},"geometry":{"type":"Point","coordinates":[-79.67807608,44.34321618]}},{"type":"Feature","properties":{"stop_id":"barrie-transit:87","stop_code":"87","stop_name":"Bayview at Lansdown","source_stop_id":"87","agency_id":"barrie-transit","agency_name":"Barrie Transit","route_ids":["12A"]},"geometry":{"type":"Point","coordinates":[-79.680602,44.352537]}},{"type":"Feature","properties":{"stop_id":"barrie-transit:100","stop_code":"100","stop_name":"Bayview at Mollard ","source_stop_id":"100","agency_id":"barrie-transit","agency_name":"Barrie Transit","route_ids":["12A"]},"geometry":{"type":"Point","coordinates":[-79.681731,44.35613]}},{"type":"Feature","properties":{"stop_id":"barrie-transit:83","stop_code":"83","stop_name":"231 Bayview Drive","source_stop_id":"83","agency_id":"barrie-transit","agency_name":"Barrie Transit","route_ids":["12A"]},"geometry":{"type":"Point","coordinates":[-79.682381,44.358461]}},{"type":"Feature","properties":{"stop_id":"barrie-transit:95","stop_code":"95","stop_name":"Bayview at Little","source_stop_id":"95","agency_id":"barrie-transit","agency_name":"Barrie Transit","route_ids":["12A"]},"geometry":{"type":"Point","coordinates":[-79.683233,44.361703]}},{"type":"Feature","properties":{"stop_id":"barrie-transit:102","stop_code":"102","stop_name":"Springhome Road","source_stop_id":"102","agency_id":"barrie-transit","agency_name":"Barrie Transit","route_ids":["12A"]},"geometry":{"type":"Point","coordinates":[-79.684603,44.366635]}},{"type":"Feature","properties":{"stop_id":"barrie-transit:54","stop_code":"54","stop_name":"Brooks Street","source_stop_id":"54","agency_id":"barrie-transit","agency_name":"Barrie Transit","route_ids":["12A"]},"geometry":{"type":"Point","coordinates":[-79.687174852788,44.3679658365721]}},{"type":"Feature","properties":{"stop_id":"barrie-transit:56","stop_code":"56","stop_name":"Marshall Street","source_stop_id":"56","agency_id":"barrie-transit","agency_name":"Barrie Transit","route_ids":["12A"]},"geometry":{"type":"Point","coordinates":[-79.6896995051965,44.367945443546]}},{"type":"Feature","properties":{"stop_id":"barrie-transit:55","stop_code":"55","stop_name":"Innisfil Street","source_stop_id":"55","agency_id":"barrie-transit","agency_name":"Barrie Transit","route_ids":["12A"]},"geometry":{"type":"Point","coordinates":[-79.692285966421,44.3679216516733]}},{"type":"Feature","properties":{"stop_id":"barrie-transit:386","stop_code":"386","stop_name":"Innisfil at Essa","source_stop_id":"386","agency_id":"barrie-transit","agency_name":"Barrie Transit","route_ids":["12A"]},"geometry":{"type":"Point","coordinates":[-79.69299401,44.36995142]}},{"type":"Feature","properties":{"stop_id":"barrie-transit:9013","stop_code":"9013","stop_name":"Barrie Allandale Transit Terminal Platform 13","source_stop_id":"9013","agency_id":"barrie-transit","agency_name":"Barrie Transit","route_ids":["12A"]},"geometry":{"type":"Point","coordinates":[-79.6904420505482,44.3741351975798]}},{"type":"Feature","properties":{"stop_id":"barrie-transit:71","stop_code":"71","stop_name":"Bayfield at Livingstone","source_stop_id":"71","agency_id":"barrie-transit","agency_name":"Barrie Transit","route_ids":["12A"]},"geometry":{"type":"Point","coordinates":[-79.7081283,44.41032007]}},{"type":"Feature","properties":{"stop_id":"barrie-transit:640","stop_code":"640","stop_name":"Sundew at Red Oak","source_stop_id":"640","agency_id":"barrie-transit","agency_name":"Barrie Transit","route_ids":["8B"]},"geometry":{"type":"Point","coordinates":[-79.7331687964823,44.3280461743963]}},{"type":"Feature","properties":{"stop_id":"barrie-transit:606","stop_code":"606","stop_name":"Red Oak at Sundew","source_stop_id":"606","agency_id":"barrie-transit","agency_name":"Barrie Transit","route_ids":["8A"]},"geometry":{"type":"Point","coordinates":[-79.7333161576187,44.3277163268364]}},{"type":"Feature","properties":{"stop_id":"barrie-transit:Barrie Allandale Transit Terminal","stop_code":"Barrie Allandale Transit Terminal","stop_name":"Barrie Allandale Transit Terminal","source_stop_id":"Barrie Allandale Transit Terminal","agency_id":"barrie-transit","agency_name":"Barrie Transit","route_ids":[]},"geometry":{"type":"Point","coordinates":[-79.690216,44.374029]}},{"type":"Feature","properties":{"stop_id":"simcoe-linx:SCSTOP106","source_stop_id":"SCSTOP106","stop_code":null,"stop_name":"RVH","agency_id":"simcoe-linx","agency_name":"Simcoe County LINX","route_ids":["LINX-1","LINX-3"]},"geometry":{"type":"Point","coordinates":[-79.660687,44.415478]}},{"type":"Feature","properties":{"stop_id":"simcoe-linx:SCSTOP110","source_stop_id":"SCSTOP110","stop_code":null,"stop_name":"Barrie, Georgian College","agency_id":"simcoe-linx","agency_name":"Simcoe County LINX","route_ids":["LINX-1","LINX-3"]},"geometry":{"type":"Point","coordinates":[-79.669214,44.412052]}},{"type":"Feature","properties":{"stop_id":"simcoe-linx:SCSTOP118","source_stop_id":"SCSTOP118","stop_code":null,"stop_name":"Cundles at Livingstone","agency_id":"simcoe-linx","agency_name":"Simcoe County LINX","route_ids":["LINX-1"]},"geometry":{"type":"Point","coordinates":[-79.683356,44.414096]}},{"type":"Feature","properties":{"stop_id":"simcoe-linx:SCSTOP119","source_stop_id":"SCSTOP119","stop_code":null,"stop_name":"Cundles at Livingstone SB","agency_id":"simcoe-linx","agency_name":"Simcoe County LINX","route_ids":["LINX-1"]},"geometry":{"type":"Point","coordinates":[-79.683172,44.413935]}},{"type":"Feature","properties":{"stop_id":"simcoe-linx:SCSTOP120","source_stop_id":"SCSTOP120","stop_code":null,"stop_name":"Saint Vincent at Cedar Creek (NB)","agency_id":"simcoe-linx","agency_name":"Simcoe County LINX","route_ids":["LINX-1"]},"geometry":{"type":"Point","coordinates":[-79.719576,44.442672]}},{"type":"Feature","properties":{"stop_id":"simcoe-linx:SCSTOP121","source_stop_id":"SCSTOP121","stop_code":null,"stop_name":"Saint Vincent at Cedar Creek (SB)","agency_id":"simcoe-linx","agency_name":"Simcoe County LINX","route_ids":["LINX-1"]},"geometry":{"type":"Point","coordinates":[-79.719676,44.442625]}},{"type":"Feature","properties":{"stop_id":"simcoe-linx:SCSTOP128","source_stop_id":"SCSTOP128","stop_code":null,"stop_name":"Finlay Mill at Library (NB)","agency_id":"simcoe-linx","agency_name":"Simcoe County LINX","route_ids":["LINX-1"]},"geometry":{"type":"Point","coordinates":[-79.731928,44.4397]}},{"type":"Feature","properties":{"stop_id":"simcoe-linx:SCSTOP129","source_stop_id":"SCSTOP129","stop_code":null,"stop_name":"Finlay Mill at Library (SB)","agency_id":"simcoe-linx","agency_name":"Simcoe County LINX","route_ids":["LINX-1"]},"geometry":{"type":"Point","coordinates":[-79.731729,44.439654]}},{"type":"Feature","properties":{"stop_id":"simcoe-linx:SCSTOP150","source_stop_id":"SCSTOP150","stop_code":null,"stop_name":"Elmvale (NB)","agency_id":"simcoe-linx","agency_name":"Simcoe County LINX","route_ids":["LINX-1"]},"geometry":{"type":"Point","coordinates":[-79.866815,44.584534]}},{"type":"Feature","properties":{"stop_id":"simcoe-linx:SCSTOP151","source_stop_id":"SCSTOP151","stop_code":null,"stop_name":"Elmvale (SB)","agency_id":"simcoe-linx","agency_name":"Simcoe County LINX","route_ids":["LINX-1"]},"geometry":{"type":"Point","coordinates":[-79.866009,44.583261]}},{"type":"Feature","properties":{"stop_id":"simcoe-linx:SCSTOP160","source_stop_id":"SCSTOP160","stop_code":null,"stop_name":"Waverley (NB)","agency_id":"simcoe-linx","agency_name":"Simcoe County LINX","route_ids":["LINX-1"]},"geometry":{"type":"Point","coordinates":[-79.824466,44.643706]}},{"type":"Feature","properties":{"stop_id":"simcoe-linx:SCSTOP161","source_stop_id":"SCSTOP161","stop_code":null,"stop_name":"Waverley (SB)","agency_id":"simcoe-linx","agency_name":"Simcoe County LINX","route_ids":["LINX-1"]},"geometry":{"type":"Point","coordinates":[-79.824633,44.643518]}},{"type":"Feature","properties":{"stop_id":"simcoe-linx:SCSTOP170","source_stop_id":"SCSTOP170","stop_code":null,"stop_name":"Wyebridge (NB)","agency_id":"simcoe-linx","agency_name":"Simcoe County LINX","route_ids":["LINX-1"]},"geometry":{"type":"Point","coordinates":[-79.882785,44.694428]}},{"type":"Feature","properties":{"stop_id":"simcoe-linx:SCSTOP171","source_stop_id":"SCSTOP171","stop_code":null,"stop_name":"Wyebridge (SB)","agency_id":"simcoe-linx","agency_name":"Simcoe County LINX","route_ids":["LINX-1"]},"geometry":{"type":"Point","coordinates":[-79.882954,44.694311]}},{"type":"Feature","properties":{"stop_id":"simcoe-linx:SCSTOP180","source_stop_id":"SCSTOP180","stop_code":null,"stop_name":"Huronia Mall","agency_id":"simcoe-linx","agency_name":"Simcoe County LINX","route_ids":["LINX-1"]},"geometry":{"type":"Point","coordinates":[-79.909459,44.738409]}},{"type":"Feature","properties":{"stop_id":"simcoe-linx:SCSTOP191","source_stop_id":"SCSTOP191","stop_code":null,"stop_name":"Penetanguishene Downtown","agency_id":"simcoe-linx","agency_name":"Simcoe County LINX","route_ids":["LINX-1"]},"geometry":{"type":"Point","coordinates":[-79.933788,44.76703]}},{"type":"Feature","properties":{"stop_id":"simcoe-linx:SCSTOP111","source_stop_id":"SCSTOP111","stop_code":null,"stop_name":"Barrie, Georgian College","agency_id":"simcoe-linx","agency_name":"Simcoe County LINX","route_ids":["LINX-1"]},"geometry":{"type":"Point","coordinates":[-79.669214,44.412052]}},{"type":"Feature","properties":{"stop_id":"simcoe-linx:SCSTOP190","source_stop_id":"SCSTOP190","stop_code":null,"stop_name":"Penetanguishene Arena","agency_id":"simcoe-linx","agency_name":"Simcoe County LINX","route_ids":["LINX-1"]},"geometry":{"type":"Point","coordinates":[-79.927508,44.764573]}},{"type":"Feature","properties":{"stop_id":"simcoe-linx:SCSTOP467","source_stop_id":"SCSTOP467","stop_code":null,"stop_name":"Collingwood Collegiate","agency_id":"simcoe-linx","agency_name":"Simcoe County LINX","route_ids":["LINX-4"]},"geometry":{"type":"Point","coordinates":[-80.2146,44.4879]}},{"type":"Feature","properties":{"stop_id":"simcoe-linx:SCSTOP401","source_stop_id":"SCSTOP401","stop_code":null,"stop_name":"1955 Mosley St","agency_id":"simcoe-linx","agency_name":"Simcoe County LINX","route_ids":["LINX-4"]},"geometry":{"type":"Point","coordinates":[-80.07723,44.47382]}},{"type":"Feature","properties":{"stop_id":"simcoe-linx:SCSTOP405","source_stop_id":"SCSTOP405","stop_code":null,"stop_name":"Mosley and 58th St","agency_id":"simcoe-linx","agency_name":"Simcoe County LINX","route_ids":["LINX-4"]},"geometry":{"type":"Point","coordinates":[-80.092815,44.47014]}},{"type":"Feature","properties":{"stop_id":"simcoe-linx:SCSTOP409","source_stop_id":"SCSTOP409","stop_code":null,"stop_name":"Mosley St and 69th St","agency_id":"simcoe-linx","agency_name":"Simcoe County LINX","route_ids":["LINX-4"]},"geometry":{"type":"Point","coordinates":[-80.105161,44.467429]}},{"type":"Feature","properties":{"stop_id":"simcoe-linx:SCSTOP413","source_stop_id":"SCSTOP413","stop_code":null,"stop_name":"Beachwood Rd and 74th St","agency_id":"simcoe-linx","agency_name":"Simcoe County LINX","route_ids":["LINX-4"]},"geometry":{"type":"Point","coordinates":[-80.11626,44.467912]}},{"type":"Feature","properties":{"stop_id":"simcoe-linx:SCSTOP417","source_stop_id":"SCSTOP417","stop_code":null,"stop_name":"Beachwood Rd and Marilyn Ave","agency_id":"simcoe-linx","agency_name":"Simcoe County LINX","route_ids":["LINX-4"]},"geometry":{"type":"Point","coordinates":[-80.130379,44.471867]}},{"type":"Feature","properties":{"stop_id":"simcoe-linx:SCSTOP421","source_stop_id":"SCSTOP421","stop_code":null,"stop_name":"Beachwood Rd&Starboard Circle","agency_id":"simcoe-linx","agency_name":"Simcoe County LINX","route_ids":["LINX-4"]},"geometry":{"type":"Point","coordinates":[-80.1353,44.47407]}},{"type":"Feature","properties":{"stop_id":"simcoe-linx:SCSTOP425","source_stop_id":"SCSTOP425","stop_code":null,"stop_name":"Beachwood Rd&Fairgrounds Rd","agency_id":"simcoe-linx","agency_name":"Simcoe County LINX","route_ids":["LINX-4"]},"geometry":{"type":"Point","coordinates":[-80.141517,44.476996]}},{"type":"Feature","properties":{"stop_id":"simcoe-linx:SCSTOP429","source_stop_id":"SCSTOP429","stop_code":null,"stop_name":"Beachwood Rd&Broadview St","agency_id":"simcoe-linx","agency_name":"Simcoe County LINX","route_ids":["LINX-4"]},"geometry":{"type":"Point","coordinates":[-80.14904,44.48037]}},{"type":"Feature","properties":{"stop_id":"simcoe-linx:SCSTOP433","source_stop_id":"SCSTOP433","stop_code":null,"stop_name":"Beachwood Rd & Dell Parr Ave","agency_id":"simcoe-linx","agency_name":"Simcoe County LINX","route_ids":["LINX-4"]},"geometry":{"type":"Point","coordinates":[-80.152924,44.481919]}},{"type":"Feature","properties":{"stop_id":"simcoe-linx:SCSTOP437","source_stop_id":"SCSTOP437","stop_code":null,"stop_name":"Beachwood Rd and King St","agency_id":"simcoe-linx","agency_name":"Simcoe County LINX","route_ids":["LINX-4"]},"geometry":{"type":"Point","coordinates":[-80.163165,44.486504]}},{"type":"Feature","properties":{"stop_id":"simcoe-linx:SCSTOP440","source_stop_id":"SCSTOP440","stop_code":null,"stop_name":"Beachwood Rd&Poplar Sideroad","agency_id":"simcoe-linx","agency_name":"Simcoe County LINX","route_ids":["LINX-4"]},"geometry":{"type":"Point","coordinates":[-80.167293,44.488582]}},{"type":"Feature","properties":{"stop_id":"simcoe-linx:SCSTOP441","source_stop_id":"SCSTOP441","stop_code":null,"stop_name":"Beachwood Rd&Poplar Sideroad","agency_id":"simcoe-linx","agency_name":"Simcoe County LINX","route_ids":["LINX-4"]},"geometry":{"type":"Point","coordinates":[-80.16595,44.48777]}},{"type":"Feature","properties":{"stop_id":"simcoe-linx:SCSTOP445","source_stop_id":"SCSTOP445","stop_code":null,"stop_name":"Poplar Sideroad&Summerview Ave","agency_id":"simcoe-linx","agency_name":"Simcoe County LINX","route_ids":["LINX-4"]},"geometry":{"type":"Point","coordinates":[-80.17019,44.4879]}},{"type":"Feature","properties":{"stop_id":"simcoe-linx:SCSTOP449","source_stop_id":"SCSTOP449","stop_code":null,"stop_name":"Collingwood Georgian College","agency_id":"simcoe-linx","agency_name":"Simcoe County LINX","route_ids":["LINX-4"]},"geometry":{"type":"Point","coordinates":[-80.192009,44.483996]}},{"type":"Feature","properties":{"stop_id":"simcoe-linx:SCSTOP453","source_stop_id":"SCSTOP453","stop_code":null,"stop_name":"Raglan St and Ron Emo Rd","agency_id":"simcoe-linx","agency_name":"Simcoe County LINX","route_ids":["LINX-4"]},"geometry":{"type":"Point","coordinates":[-80.194711,44.489839]}},{"type":"Feature","properties":{"stop_id":"simcoe-linx:SCSTOP457","source_stop_id":"SCSTOP457","stop_code":null,"stop_name":"Hume St and Hospital Dr","agency_id":"simcoe-linx","agency_name":"Simcoe County LINX","route_ids":["LINX-4"]},"geometry":{"type":"Point","coordinates":[-80.202428,44.498079]}},{"type":"Feature","properties":{"stop_id":"simcoe-linx:SCSTOP465","source_stop_id":"SCSTOP465","stop_code":null,"stop_name":"Hume St YMCA","agency_id":"simcoe-linx","agency_name":"Simcoe County LINX","route_ids":["LINX-4"]},"geometry":{"type":"Point","coordinates":[-80.210262,44.496492]}},{"type":"Feature","properties":{"stop_id":"simcoe-linx:SCSTOP469","source_stop_id":"SCSTOP469","stop_code":null,"stop_name":"Hume St and Ste Marie St","agency_id":"simcoe-linx","agency_name":"Simcoe County LINX","route_ids":["LINX-4"]},"geometry":{"type":"Point","coordinates":[-80.214886,44.495562]}},{"type":"Feature","properties":{"stop_id":"simcoe-linx:SCSTOP473","source_stop_id":"SCSTOP473","stop_code":null,"stop_name":"Hurontario St and Fourth St","agency_id":"simcoe-linx","agency_name":"Simcoe County LINX","route_ids":["LINX-4"]},"geometry":{"type":"Point","coordinates":[-80.216389,44.497026]}},{"type":"Feature","properties":{"stop_id":"simcoe-linx:SCSTOP477","source_stop_id":"SCSTOP477","stop_code":null,"stop_name":"104 Hurontario St","agency_id":"simcoe-linx","agency_name":"Simcoe County LINX","route_ids":["LINX-4"]},"geometry":{"type":"Point","coordinates":[-80.216917,44.500051]}},{"type":"Feature","properties":{"stop_id":"simcoe-linx:SCSTOP480","source_stop_id":"SCSTOP480","stop_code":null,"stop_name":"Collingwood Terminal","agency_id":"simcoe-linx","agency_name":"Simcoe County LINX","route_ids":["LINX-4"]},"geometry":{"type":"Point","coordinates":[-80.21843,44.50028]}},{"type":"Feature","properties":{"stop_id":"simcoe-linx:SCSTOP476","source_stop_id":"SCSTOP476","stop_code":null,"stop_name":"Ontario St and St. Marie St","agency_id":"simcoe-linx","agency_name":"Simcoe County LINX","route_ids":["LINX-4"]},"geometry":{"type":"Point","coordinates":[-80.214866,44.499236]}},{"type":"Feature","properties":{"stop_id":"simcoe-linx:SCSTOP472","source_stop_id":"SCSTOP472","stop_code":null,"stop_name":"Ontario St and Minnesota St","agency_id":"simcoe-linx","agency_name":"Simcoe County LINX","route_ids":["LINX-4"]},"geometry":{"type":"Point","coordinates":[-80.211055,44.500829]}},{"type":"Feature","properties":{"stop_id":"simcoe-linx:SCSTOP468","source_stop_id":"SCSTOP468","stop_code":null,"stop_name":"Peel St And Ontario St","agency_id":"simcoe-linx","agency_name":"Simcoe County LINX","route_ids":["LINX-4"]},"geometry":{"type":"Point","coordinates":[-80.207303,44.502137]}},{"type":"Feature","properties":{"stop_id":"simcoe-linx:SCSTOP464","source_stop_id":"SCSTOP464","stop_code":null,"stop_name":"333 Peel Street","agency_id":"simcoe-linx","agency_name":"Simcoe County LINX","route_ids":["LINX-4"]},"geometry":{"type":"Point","coordinates":[-80.205012,44.498179]}},{"type":"Feature","properties":{"stop_id":"simcoe-linx:SCSTOP460","source_stop_id":"SCSTOP460","stop_code":null,"stop_name":"Hume St and Hospital Drive","agency_id":"simcoe-linx","agency_name":"Simcoe County LINX","route_ids":["LINX-4"]},"geometry":{"type":"Point","coordinates":[-80.202398,44.498221]}},{"type":"Feature","properties":{"stop_id":"simcoe-linx:SCSTOP456","source_stop_id":"SCSTOP456","stop_code":null,"stop_name":"501 Hume Street","agency_id":"simcoe-linx","agency_name":"Simcoe County LINX","route_ids":["LINX-4"]},"geometry":{"type":"Point","coordinates":[-80.1971,44.4993]}},{"type":"Feature","properties":{"stop_id":"simcoe-linx:SCSTOP452","source_stop_id":"SCSTOP452","stop_code":null,"stop_name":"Raglan St and Ron Emo Rd","agency_id":"simcoe-linx","agency_name":"Simcoe County LINX","route_ids":["LINX-4"]},"geometry":{"type":"Point","coordinates":[-80.194676,44.489991]}},{"type":"Feature","properties":{"stop_id":"simcoe-linx:SCSTOP448","source_stop_id":"SCSTOP448","stop_code":null,"stop_name":"Collingwood Georgian College","agency_id":"simcoe-linx","agency_name":"Simcoe County LINX","route_ids":["LINX-4"]},"geometry":{"type":"Point","coordinates":[-80.192037,44.484069]}},{"type":"Feature","properties":{"stop_id":"simcoe-linx:SCSTOP444","source_stop_id":"SCSTOP444","stop_code":null,"stop_name":"Poplar Sideroad&Summerview Ave","agency_id":"simcoe-linx","agency_name":"Simcoe County LINX","route_ids":["LINX-4"]},"geometry":{"type":"Point","coordinates":[-80.170192,44.48798]}},{"type":"Feature","properties":{"stop_id":"simcoe-linx:SCSTOP436","source_stop_id":"SCSTOP436","stop_code":null,"stop_name":"Beachwood Rd and King St","agency_id":"simcoe-linx","agency_name":"Simcoe County LINX","route_ids":["LINX-4"]},"geometry":{"type":"Point","coordinates":[-80.163072,44.486629]}},{"type":"Feature","properties":{"stop_id":"simcoe-linx:SCSTOP432","source_stop_id":"SCSTOP432","stop_code":null,"stop_name":"Beachwood Rd and Selkirk Rd","agency_id":"simcoe-linx","agency_name":"Simcoe County LINX","route_ids":["LINX-4"]},"geometry":{"type":"Point","coordinates":[-80.152795,44.482043]}},{"type":"Feature","properties":{"stop_id":"simcoe-linx:SCSTOP428","source_stop_id":"SCSTOP428","stop_code":null,"stop_name":"Beachwood Rd and Belcher St","agency_id":"simcoe-linx","agency_name":"Simcoe County LINX","route_ids":["LINX-4"]},"geometry":{"type":"Point","coordinates":[-80.149067,44.480548]}},{"type":"Feature","properties":{"stop_id":"simcoe-linx:SCSTOP424","source_stop_id":"SCSTOP424","stop_code":null,"stop_name":"Beachwood Rd&Middlebrook Rd","agency_id":"simcoe-linx","agency_name":"Simcoe County LINX","route_ids":["LINX-4"]},"geometry":{"type":"Point","coordinates":[-80.141058,44.476997]}},{"type":"Feature","properties":{"stop_id":"simcoe-linx:SCSTOP420","source_stop_id":"SCSTOP420","stop_code":null,"stop_name":"Beachwood Rd&Starboard Circle","agency_id":"simcoe-linx","agency_name":"Simcoe County LINX","route_ids":["LINX-4"]},"geometry":{"type":"Point","coordinates":[-80.135134,44.474228]}},{"type":"Feature","properties":{"stop_id":"simcoe-linx:SCSTOP416","source_stop_id":"SCSTOP416","stop_code":null,"stop_name":"Beachwood Rd and Marilyn Ave","agency_id":"simcoe-linx","agency_name":"Simcoe County LINX","route_ids":["LINX-4"]},"geometry":{"type":"Point","coordinates":[-80.13021,44.47193]}},{"type":"Feature","properties":{"stop_id":"simcoe-linx:SCSTOP412","source_stop_id":"SCSTOP412","stop_code":null,"stop_name":"Beachwood Road & 74th Street","agency_id":"simcoe-linx","agency_name":"Simcoe County LINX","route_ids":["LINX-4"]},"geometry":{"type":"Point","coordinates":[-80.116826,44.468032]}},{"type":"Feature","properties":{"stop_id":"simcoe-linx:SCSTOP408","source_stop_id":"SCSTOP408","stop_code":null,"stop_name":"Mosley Street & 70th Street","agency_id":"simcoe-linx","agency_name":"Simcoe County LINX","route_ids":["LINX-4"]},"geometry":{"type":"Point","coordinates":[-80.105631,44.467482]}},{"type":"Feature","properties":{"stop_id":"simcoe-linx:SCSTOP404","source_stop_id":"SCSTOP404","stop_code":null,"stop_name":"Mosley and 58th Street","agency_id":"simcoe-linx","agency_name":"Simcoe County LINX","route_ids":["LINX-4"]},"geometry":{"type":"Point","coordinates":[-80.092792,44.470285]}},{"type":"Feature","properties":{"stop_id":"simcoe-linx:SCSTOP380","source_stop_id":"SCSTOP380","stop_code":null,"stop_name":"Memorial Avenue at OPP","agency_id":"simcoe-linx","agency_name":"Simcoe County LINX","route_ids":["LINX-3"]},"geometry":{"type":"Point","coordinates":[-79.42966,44.58115]}},{"type":"Feature","properties":{"stop_id":"simcoe-linx:SCSTOP390","source_stop_id":"SCSTOP390","stop_code":null,"stop_name":"Memorial Avenue at OPP","agency_id":"simcoe-linx","agency_name":"Simcoe County LINX","route_ids":["LINX-3"]},"geometry":{"type":"Point","coordinates":[-79.430389,44.580827]}},{"type":"Feature","properties":{"stop_id":"simcoe-linx:SCSTOP370","source_stop_id":"SCSTOP370","stop_code":null,"stop_name":"Lakehead University","agency_id":"simcoe-linx","agency_name":"Simcoe County LINX","route_ids":["LINX-3"]},"geometry":{"type":"Point","coordinates":[-79.459507,44.592199]}},{"type":"Feature","properties":{"stop_id":"simcoe-linx:SCSTOP360","source_stop_id":"SCSTOP360","stop_code":null,"stop_name":"129 Forest Plain Road","agency_id":"simcoe-linx","agency_name":"Simcoe County LINX","route_ids":["LINX-3"]},"geometry":{"type":"Point","coordinates":[-79.4395,44.5684]}},{"type":"Feature","properties":{"stop_id":"simcoe-linx:SCSTOP350","source_stop_id":"SCSTOP350","stop_code":null,"stop_name":"135 Forestview Road","agency_id":"simcoe-linx","agency_name":"Simcoe County LINX","route_ids":["LINX-3"]},"geometry":{"type":"Point","coordinates":[-79.442368,44.569444]}},{"type":"Feature","properties":{"stop_id":"simcoe-linx:SCSTOP330","source_stop_id":"SCSTOP330","stop_code":null,"stop_name":"Lake Simcoe Airport","agency_id":"simcoe-linx","agency_name":"Simcoe County LINX","route_ids":["LINX-3"]},"geometry":{"type":"Point","coordinates":[-79.5436,44.4826]}},{"type":"Feature","properties":{"stop_id":"simcoe-linx:SCSTOP310","source_stop_id":"SCSTOP310","stop_code":null,"stop_name":"Napoleon","agency_id":"simcoe-linx","agency_name":"Simcoe County LINX","route_ids":["LINX-3"]},"geometry":{"type":"Point","coordinates":[-79.6404,44.43451]}},{"type":"Feature","properties":{"stop_id":"simcoe-linx:SCSTOP210","source_stop_id":"SCSTOP210","stop_code":null,"stop_name":"Barrie Allandale Bus Station - Detour","agency_id":"simcoe-linx","agency_name":"Simcoe County LINX","route_ids":["LINX-2"]},"geometry":{"type":"Point","coordinates":[-79.689146,44.373913]}},{"type":"Feature","properties":{"stop_id":"simcoe-linx:SCSTOP230","source_stop_id":"SCSTOP230","stop_code":null,"stop_name":"Mill St at Brentwood Rd","agency_id":"simcoe-linx","agency_name":"Simcoe County LINX","route_ids":["LINX-2"]},"geometry":{"type":"Point","coordinates":[-79.887067,44.331087]}},{"type":"Feature","properties":{"stop_id":"simcoe-linx:SCSTOP240","source_stop_id":"SCSTOP240","stop_code":null,"stop_name":"Brentwood Community Center","agency_id":"simcoe-linx","agency_name":"Simcoe County LINX","route_ids":["LINX-2"]},"geometry":{"type":"Point","coordinates":[-79.93782,44.34604]}},{"type":"Feature","properties":{"stop_id":"simcoe-linx:SCSTOP260","source_stop_id":"SCSTOP260","stop_code":null,"stop_name":"Clearview Admin Center","agency_id":"simcoe-linx","agency_name":"Simcoe County LINX","route_ids":["LINX-2"]},"geometry":{"type":"Point","coordinates":[-80.088278,44.419056]}},{"type":"Feature","properties":{"stop_id":"simcoe-linx:SCSTOP270","source_stop_id":"SCSTOP270","stop_code":null,"stop_name":"45th Street S & Knox Rd W","agency_id":"simcoe-linx","agency_name":"Simcoe County LINX","route_ids":["LINX-2"]},"geometry":{"type":"Point","coordinates":[-80.074696,44.468246]}},{"type":"Feature","properties":{"stop_id":"simcoe-linx:SCSTOP281","source_stop_id":"SCSTOP281","stop_code":null,"stop_name":"25 45th Street","agency_id":"simcoe-linx","agency_name":"Simcoe County LINX","route_ids":["LINX-2","LINX-4"]},"geometry":{"type":"Point","coordinates":[-80.073313,44.473691]}},{"type":"Feature","properties":{"stop_id":"simcoe-linx:SCSTOP280","source_stop_id":"SCSTOP280","stop_code":null,"stop_name":"25 45th Street S","agency_id":"simcoe-linx","agency_name":"Simcoe County LINX","route_ids":["LINX-2"]},"geometry":{"type":"Point","coordinates":[-80.073313,44.473691]}},{"type":"Feature","properties":{"stop_id":"simcoe-linx:SCSTOP271","source_stop_id":"SCSTOP271","stop_code":null,"stop_name":"45th Street S & Knox Rd W","agency_id":"simcoe-linx","agency_name":"Simcoe County LINX","route_ids":["LINX-2"]},"geometry":{"type":"Point","coordinates":[-80.07499,44.46869]}},{"type":"Feature","properties":{"stop_id":"simcoe-linx:SCSTOP241","source_stop_id":"SCSTOP241","stop_code":null,"stop_name":"Brentwood Community Center","agency_id":"simcoe-linx","agency_name":"Simcoe County LINX","route_ids":["LINX-2"]},"geometry":{"type":"Point","coordinates":[-79.937895,44.3456]}},{"type":"Feature","properties":{"stop_id":"simcoe-linx:SCSTOP231","source_stop_id":"SCSTOP231","stop_code":null,"stop_name":"Commerce Road","agency_id":"simcoe-linx","agency_name":"Simcoe County LINX","route_ids":["LINX-2"]},"geometry":{"type":"Point","coordinates":[-79.889833,44.330583]}},{"type":"Feature","properties":{"stop_id":"simcoe-linx:SCSTOP454","source_stop_id":"SCSTOP454","stop_code":null,"stop_name":"MacLean Engineering (NB)","agency_id":"simcoe-linx","agency_name":"Simcoe County LINX","route_ids":["LINX-4"]},"geometry":{"type":"Point","coordinates":[-80.197311,44.495508]}},{"type":"Feature","properties":{"stop_id":"simcoe-linx:SCSTOP455","source_stop_id":"SCSTOP455","stop_code":null,"stop_name":"MacLean Engineering (SB)","agency_id":"simcoe-linx","agency_name":"Simcoe County LINX","route_ids":["LINX-4"]},"geometry":{"type":"Point","coordinates":[-80.197582,44.495692]}},{"type":"Feature","properties":{"stop_id":"simcoe-linx:SCSTOP500","source_stop_id":"SCSTOP500","stop_code":null,"stop_name":"New Tecumseth Rec Centre","agency_id":"simcoe-linx","agency_name":"Simcoe County LINX","route_ids":["LINX-5"]},"geometry":{"type":"Point","coordinates":[-79.869131,44.138432]}},{"type":"Feature","properties":{"stop_id":"simcoe-linx:SCSTOP504","source_stop_id":"SCSTOP504","stop_code":null,"stop_name":"King St at Nelson St W","agency_id":"simcoe-linx","agency_name":"Simcoe County LINX","route_ids":["LINX-5"]},"geometry":{"type":"Point","coordinates":[-79.878193,44.150108]}},{"type":"Feature","properties":{"stop_id":"simcoe-linx:SCSTOP508","source_stop_id":"SCSTOP508","stop_code":null,"stop_name":"Wellington St at Centre St S","agency_id":"simcoe-linx","agency_name":"Simcoe County LINX","route_ids":["LINX-5"]},"geometry":{"type":"Point","coordinates":[-79.867271,44.153316]}},{"type":"Feature","properties":{"stop_id":"simcoe-linx:SCSTOP520","source_stop_id":"SCSTOP520","stop_code":null,"stop_name":"Main St at 2nd","agency_id":"simcoe-linx","agency_name":"Simcoe County LINX","route_ids":["LINX-5"]},"geometry":{"type":"Point","coordinates":[-79.785396,44.078682]}},{"type":"Feature","properties":{"stop_id":"simcoe-linx:SCSTOP526","source_stop_id":"SCSTOP526","stop_code":null,"stop_name":"Main St at Patterson St","agency_id":"simcoe-linx","agency_name":"Simcoe County LINX","route_ids":["LINX-5"]},"geometry":{"type":"Point","coordinates":[-79.782017,44.079416]}},{"type":"Feature","properties":{"stop_id":"simcoe-linx:SCSTOP530","source_stop_id":"SCSTOP530","stop_code":null,"stop_name":"County Road 88 at County Road 27","agency_id":"simcoe-linx","agency_name":"Simcoe County LINX","route_ids":["LINX-5"]},"geometry":{"type":"Point","coordinates":[-79.675048,44.089754]}},{"type":"Feature","properties":{"stop_id":"simcoe-linx:SCSTOP540","source_stop_id":"SCSTOP540","stop_code":null,"stop_name":"Holland St at Smart Centre","agency_id":"simcoe-linx","agency_name":"Simcoe County LINX","route_ids":["LINX-5"]},"geometry":{"type":"Point","coordinates":[-79.59843,44.106628]}},{"type":"Feature","properties":{"stop_id":"simcoe-linx:SCSTOP546","source_stop_id":"SCSTOP546","stop_code":null,"stop_name":"Holland St at Toronto St","agency_id":"simcoe-linx","agency_name":"Simcoe County LINX","route_ids":["LINX-5"]},"geometry":{"type":"Point","coordinates":[-79.571293,44.112756]}},{"type":"Feature","properties":{"stop_id":"simcoe-linx:SCSTOP550","source_stop_id":"SCSTOP550","stop_code":null,"stop_name":"Holland St at West Park","agency_id":"simcoe-linx","agency_name":"Simcoe County LINX","route_ids":["LINX-5"]},"geometry":{"type":"Point","coordinates":[-79.584917,44.109639]}},{"type":"Feature","properties":{"stop_id":"simcoe-linx:SCSTOP547","source_stop_id":"SCSTOP547","stop_code":null,"stop_name":"Holland St at  Summerlyn","agency_id":"simcoe-linx","agency_name":"Simcoe County LINX","route_ids":["LINX-5"]},"geometry":{"type":"Point","coordinates":[-79.589775,44.108837]}},{"type":"Feature","properties":{"stop_id":"simcoe-linx:SCSTOP531","source_stop_id":"SCSTOP531","stop_code":null,"stop_name":"County Road 88 at County Road 27","agency_id":"simcoe-linx","agency_name":"Simcoe County LINX","route_ids":["LINX-5"]},"geometry":{"type":"Point","coordinates":[-79.6757,44.089796]}},{"type":"Feature","properties":{"stop_id":"simcoe-linx:SCSTOP527","source_stop_id":"SCSTOP527","stop_code":null,"stop_name":"50 Main St East","agency_id":"simcoe-linx","agency_name":"Simcoe County LINX","route_ids":["LINX-5"]},"geometry":{"type":"Point","coordinates":[-79.780238,44.079975]}},{"type":"Feature","properties":{"stop_id":"simcoe-linx:SCSTOP521","source_stop_id":"SCSTOP521","stop_code":null,"stop_name":"Main St at 2nd St","agency_id":"simcoe-linx","agency_name":"Simcoe County LINX","route_ids":["LINX-5"]},"geometry":{"type":"Point","coordinates":[-79.786446,44.07859]}},{"type":"Feature","properties":{"stop_id":"simcoe-linx:SCSTOP512","source_stop_id":"SCSTOP512","stop_code":null,"stop_name":"Simcoe Parts Service","agency_id":"simcoe-linx","agency_name":"Simcoe County LINX","route_ids":["LINX-5"]},"geometry":{"type":"Point","coordinates":[-79.841571,44.142784]}},{"type":"Feature","properties":{"stop_id":"simcoe-linx:SCSTOP375","source_stop_id":"SCSTOP375","stop_code":null,"stop_name":"Memorial Avenue at Kelseys","agency_id":"simcoe-linx","agency_name":"Simcoe County LINX","route_ids":["LINX-3"]},"geometry":{"type":"Point","coordinates":[-79.424635,44.590219]}},{"type":"Feature","properties":{"stop_id":"simcoe-linx:SCSTOP600","source_stop_id":"SCSTOP600","stop_code":null,"stop_name":"Midland, Georgian College","agency_id":"simcoe-linx","agency_name":"Simcoe County LINX","route_ids":["LINX-6"]},"geometry":{"type":"Point","coordinates":[-79.87194,44.72658]}},{"type":"Feature","properties":{"stop_id":"simcoe-linx:SCSTOP604","source_stop_id":"SCSTOP604","stop_code":null,"stop_name":"990 Jones Rd","agency_id":"simcoe-linx","agency_name":"Simcoe County LINX","route_ids":["LINX-6"]},"geometry":{"type":"Point","coordinates":[-79.872146,44.72861]}},{"type":"Feature","properties":{"stop_id":"simcoe-linx:SCSTOP610","source_stop_id":"SCSTOP610","stop_code":null,"stop_name":"Richard St at Albert Street","agency_id":"simcoe-linx","agency_name":"Simcoe County LINX","route_ids":["LINX-6"]},"geometry":{"type":"Point","coordinates":[-79.773524,44.750576]}},{"type":"Feature","properties":{"stop_id":"simcoe-linx:SCSTOP620","source_stop_id":"SCSTOP620","stop_code":null,"stop_name":"290 Park  St","agency_id":"simcoe-linx","agency_name":"Simcoe County LINX","route_ids":["LINX-6"]},"geometry":{"type":"Point","coordinates":[-79.766105,44.752607]}},{"type":"Feature","properties":{"stop_id":"simcoe-linx:SCSTOP630","source_stop_id":"SCSTOP630","stop_code":null,"stop_name":"415 Sturgeon Bay Rd","agency_id":"simcoe-linx","agency_name":"Simcoe County LINX","route_ids":["LINX-6"]},"geometry":{"type":"Point","coordinates":[-79.709147,44.750927]}},{"type":"Feature","properties":{"stop_id":"simcoe-linx:SCSTOP640","source_stop_id":"SCSTOP640","stop_code":null,"stop_name":"36 Coldwater Rd","agency_id":"simcoe-linx","agency_name":"Simcoe County LINX","route_ids":["LINX-6"]},"geometry":{"type":"Point","coordinates":[-79.643201,44.70776]}},{"type":"Feature","properties":{"stop_id":"simcoe-linx:SCSTOP650","source_stop_id":"SCSTOP650","stop_code":null,"stop_name":"Highway 12 at Wallis St","agency_id":"simcoe-linx","agency_name":"Simcoe County LINX","route_ids":["LINX-6"]},"geometry":{"type":"Point","coordinates":[-79.546603,44.640654]}},{"type":"Feature","properties":{"stop_id":"simcoe-linx:SCSTOP660","source_stop_id":"SCSTOP660","stop_code":null,"stop_name":"West Ridge Blvd and  Monarch Dr","agency_id":"simcoe-linx","agency_name":"Simcoe County LINX","route_ids":["LINX-6"]},"geometry":{"type":"Point","coordinates":[-79.454653,44.609543]}},{"type":"Feature","properties":{"stop_id":"simcoe-linx:SCSTOP661","source_stop_id":"SCSTOP661","stop_code":null,"stop_name":"West Ridge Blvd and Monarch Dr","agency_id":"simcoe-linx","agency_name":"Simcoe County LINX","route_ids":["LINX-6"]},"geometry":{"type":"Point","coordinates":[-79.453992,44.608736]}},{"type":"Feature","properties":{"stop_id":"simcoe-linx:SCSTOP651","source_stop_id":"SCSTOP651","stop_code":null,"stop_name":"Highway 12 at  Wallis St","agency_id":"simcoe-linx","agency_name":"Simcoe County LINX","route_ids":["LINX-6"]},"geometry":{"type":"Point","coordinates":[-79.546979,44.641075]}},{"type":"Feature","properties":{"stop_id":"simcoe-linx:SCSTOP641","source_stop_id":"SCSTOP641","stop_code":null,"stop_name":"Coldwater Rd and Robinson St","agency_id":"simcoe-linx","agency_name":"Simcoe County LINX","route_ids":["LINX-6"]},"geometry":{"type":"Point","coordinates":[-79.642882,44.707207]}},{"type":"Feature","properties":{"stop_id":"simcoe-linx:SCSTOP631","source_stop_id":"SCSTOP631","stop_code":null,"stop_name":"Sturgeon Bay Rd & Pine St","agency_id":"simcoe-linx","agency_name":"Simcoe County LINX","route_ids":["LINX-6"]},"geometry":{"type":"Point","coordinates":[-79.70832,44.751313]}},{"type":"Feature","properties":{"stop_id":"simcoe-linx:SCSTOP621","source_stop_id":"SCSTOP621","stop_code":null,"stop_name":"290 Park St","agency_id":"simcoe-linx","agency_name":"Simcoe County LINX","route_ids":["LINX-6"]},"geometry":{"type":"Point","coordinates":[-79.765925,44.752691]}},{"type":"Feature","properties":{"stop_id":"simcoe-linx:SCSTOP611","source_stop_id":"SCSTOP611","stop_code":null,"stop_name":"Richard St at Albert St","agency_id":"simcoe-linx","agency_name":"Simcoe County LINX","route_ids":["LINX-6"]},"geometry":{"type":"Point","coordinates":[-79.773478,44.751154]}},{"type":"Feature","properties":{"stop_id":"simcoe-linx:SCSTOP605","source_stop_id":"SCSTOP605","stop_code":null,"stop_name":"990 Jones Road","agency_id":"simcoe-linx","agency_name":"Simcoe County LINX","route_ids":["LINX-6"]},"geometry":{"type":"Point","coordinates":[-79.871864,44.728165]}},{"type":"Feature","properties":{"stop_id":"simcoe-linx:SCSTOP376","source_stop_id":"SCSTOP376","stop_code":null,"stop_name":"Memorial Avenue @ Best Western","agency_id":"simcoe-linx","agency_name":"Simcoe County LINX","route_ids":["LINX-3"]},"geometry":{"type":"Point","coordinates":[-79.424419,44.58965]}},{"type":"Feature","properties":{"stop_id":"simcoe-linx:SCSTOP670","source_stop_id":"SCSTOP670","stop_code":null,"stop_name":"Lakehead","agency_id":"simcoe-linx","agency_name":"Simcoe County LINX","route_ids":["LINX-6"]},"geometry":{"type":"Point","coordinates":[-79.459507,44.592199]}},{"type":"Feature","properties":{"stop_id":"simcoe-linx:SCSTOP365","source_stop_id":"SCSTOP365","stop_code":null,"stop_name":"Line 15 at Jamieson  Cr","agency_id":"simcoe-linx","agency_name":"Simcoe County LINX","route_ids":["LINX-3"]},"geometry":{"type":"Point","coordinates":[-79.446179,44.568913]}},{"type":"Feature","properties":{"stop_id":"simcoe-linx:SCSTOP366","source_stop_id":"SCSTOP366","stop_code":null,"stop_name":"Line 15 at Jamieson Cr","agency_id":"simcoe-linx","agency_name":"Simcoe County LINX","route_ids":["LINX-3"]},"geometry":{"type":"Point","coordinates":[-79.446034,44.568919]}},{"type":"Feature","properties":{"stop_id":"simcoe-linx:SCSTOP402","source_stop_id":"SCSTOP402","stop_code":null,"stop_name":"Mosely & 49 Street","agency_id":"simcoe-linx","agency_name":"Simcoe County LINX","route_ids":["LINX-4"]},"geometry":{"type":"Point","coordinates":[-80.081358,44.473186]}},{"type":"Feature","properties":{"stop_id":"simcoe-linx:SCSTOP635","source_stop_id":"SCSTOP635","stop_code":null,"stop_name":"Simcoe Rd. 16 at Fesserton Sideroad","agency_id":"simcoe-linx","agency_name":"Simcoe County LINX","route_ids":["LINX-6"]},"geometry":{"type":"Point","coordinates":[-79.676224,44.738763]}},{"type":"Feature","properties":{"stop_id":"simcoe-linx:SCSTOP636","source_stop_id":"SCSTOP636","stop_code":null,"stop_name":"Simcoe Rd. 16 at Fesserton Sideroad","agency_id":"simcoe-linx","agency_name":"Simcoe County LINX","route_ids":["LINX-6"]},"geometry":{"type":"Point","coordinates":[-79.676172,44.738413]}},{"type":"Feature","properties":{"stop_id":"simcoe-linx:SCSTOP664","source_stop_id":"SCSTOP664","stop_code":null,"stop_name":"University Ave at Diana Dr","agency_id":"simcoe-linx","agency_name":"Simcoe County LINX","route_ids":["LINX-6"]},"geometry":{"type":"Point","coordinates":[-79.454864,44.596524]}},{"type":"Feature","properties":{"stop_id":"simcoe-linx:SCSTOP665","source_stop_id":"SCSTOP665","stop_code":null,"stop_name":"University Ave at Diana  Dr","agency_id":"simcoe-linx","agency_name":"Simcoe County LINX","route_ids":["LINX-6"]},"geometry":{"type":"Point","coordinates":[-79.454661,44.596128]}},{"type":"Feature","properties":{"stop_id":"simcoe-linx:SCSTOP560","source_stop_id":"SCSTOP560","stop_code":null,"stop_name":"Bradford GO Station","agency_id":"simcoe-linx","agency_name":"Simcoe County LINX","route_ids":["LINX-5"]},"geometry":{"type":"Point","coordinates":[-79.555401,44.116502]}},{"type":"Feature","properties":{"stop_id":"simcoe-linx:SCSTOP592","source_stop_id":"SCSTOP592","stop_code":null,"stop_name":"Holland at Langford","agency_id":"simcoe-linx","agency_name":"Simcoe County LINX","route_ids":["LINX-5"]},"geometry":{"type":"Point","coordinates":[-79.594472,44.107222]}},{"type":"Feature","properties":{"stop_id":"simcoe-linx:SCSTOP548","source_stop_id":"SCSTOP548","stop_code":null,"stop_name":"Holland St at Summerlyn","agency_id":"simcoe-linx","agency_name":"Simcoe County LINX","route_ids":["LINX-5"]},"geometry":{"type":"Point","coordinates":[-79.590278,44.108389]}},{"type":"Feature","properties":{"stop_id":"simcoe-linx:SCSTOP554","source_stop_id":"SCSTOP554","stop_code":null,"stop_name":"Holland at Holland Crt","agency_id":"simcoe-linx","agency_name":"Simcoe County LINX","route_ids":["LINX-5"]},"geometry":{"type":"Point","coordinates":[-79.567306,44.113639]}},{"type":"Feature","properties":{"stop_id":"simcoe-linx:SCSTOP556","source_stop_id":"SCSTOP556","stop_code":null,"stop_name":"Holland at Simcoe","agency_id":"simcoe-linx","agency_name":"Simcoe County LINX","route_ids":["LINX-5"]},"geometry":{"type":"Point","coordinates":[-79.5645,44.114278]}},{"type":"Feature","properties":{"stop_id":"simcoe-linx:SCSTOP558","source_stop_id":"SCSTOP558","stop_code":null,"stop_name":"Holland at Bingham","agency_id":"simcoe-linx","agency_name":"Simcoe County LINX","route_ids":["LINX-5"]},"geometry":{"type":"Point","coordinates":[-79.561472,44.114972]}},{"type":"Feature","properties":{"stop_id":"simcoe-linx:SCSTOP559","source_stop_id":"SCSTOP559","stop_code":null,"stop_name":"Holland at Colbourne","agency_id":"simcoe-linx","agency_name":"Simcoe County LINX","route_ids":["LINX-5"]},"geometry":{"type":"Point","coordinates":[-79.560639,44.115333]}},{"type":"Feature","properties":{"stop_id":"simcoe-linx:SCSTOP557","source_stop_id":"SCSTOP557","stop_code":null,"stop_name":"Holland at Nelson","agency_id":"simcoe-linx","agency_name":"Simcoe County LINX","route_ids":["LINX-5"]},"geometry":{"type":"Point","coordinates":[-79.562722,44.114833]}},{"type":"Feature","properties":{"stop_id":"simcoe-linx:SCSTOP555","source_stop_id":"SCSTOP555","stop_code":null,"stop_name":"Holland at Barrie","agency_id":"simcoe-linx","agency_name":"Simcoe County LINX","route_ids":["LINX-5"]},"geometry":{"type":"Point","coordinates":[-79.565,44.114306]}},{"type":"Feature","properties":{"stop_id":"simcoe-linx:SCSTOP551","source_stop_id":"SCSTOP551","stop_code":null,"stop_name":"Holland at Toronto","agency_id":"simcoe-linx","agency_name":"Simcoe County LINX","route_ids":["LINX-5"]},"geometry":{"type":"Point","coordinates":[-79.571028,44.113]}},{"type":"Feature","properties":{"stop_id":"simcoe-linx:SCSTOP549","source_stop_id":"SCSTOP549","stop_code":null,"stop_name":"Holland at West Park","agency_id":"simcoe-linx","agency_name":"Simcoe County LINX","route_ids":["LINX-5"]},"geometry":{"type":"Point","coordinates":[-79.584083,44.110056]}},{"type":"Feature","properties":{"stop_id":"simcoe-linx:SCSTOP545","source_stop_id":"SCSTOP545","stop_code":null,"stop_name":"Holland at Langford","agency_id":"simcoe-linx","agency_name":"Simcoe County LINX","route_ids":["LINX-5"]},"geometry":{"type":"Point","coordinates":[-79.593722,44.107917]}},{"type":"Feature","properties":{"stop_id":"simcoe-linx:SCSTOP543","source_stop_id":"SCSTOP543","stop_code":null,"stop_name":"Holland St W at Smart Centre Bradford","agency_id":"simcoe-linx","agency_name":"Simcoe County LINX","route_ids":["LINX-5"]},"geometry":{"type":"Point","coordinates":[-79.597778,44.106944]}},{"type":"Feature","properties":{"stop_id":"go-transit:NE","source_stop_id":"NE","stop_code":null,"stop_name":"Newmarket GO","agency_id":"go-transit","agency_name":"GO Transit","route_ids":["GO-TRAIN"]},"geometry":{"type":"Point","coordinates":[-79.459289,44.060426]}},{"type":"Feature","properties":{"stop_id":"go-transit:EA","source_stop_id":"EA","stop_code":null,"stop_name":"East Gwillimbury GO","agency_id":"go-transit","agency_name":"GO Transit","route_ids":["GO-TRAIN"]},"geometry":{"type":"Point","coordinates":[-79.455776,44.077996]}},{"type":"Feature","properties":{"stop_id":"go-transit:BD","source_stop_id":"BD","stop_code":null,"stop_name":"Bradford GO","agency_id":"go-transit","agency_name":"GO Transit","route_ids":["GO-TRAIN"]},"geometry":{"type":"Point","coordinates":[-79.555394,44.116513]}},{"type":"Feature","properties":{"stop_id":"go-transit:BA","source_stop_id":"BA","stop_code":null,"stop_name":"Barrie South GO","agency_id":"go-transit","agency_name":"GO Transit","route_ids":["GO-TRAIN"]},"geometry":{"type":"Point","coordinates":[-79.627441,44.35112]}},{"type":"Feature","properties":{"stop_id":"go-transit:AD","source_stop_id":"AD","stop_code":null,"stop_name":"Allandale Waterfront GO","agency_id":"go-transit","agency_name":"GO Transit","route_ids":["GO-TRAIN"]},"geometry":{"type":"Point","coordinates":[-79.687858,44.374139]}},{"type":"Feature","properties":{"stop_id":"go-transit:08049","source_stop_id":"08049","stop_code":"108049","stop_name":"Allandale Waterfront GO Bus","agency_id":"go-transit","agency_name":"GO Transit","route_ids":["GO-BUS"]},"geometry":{"type":"Point","coordinates":[-79.6892602227835,44.3744078047372]}},{"type":"Feature","properties":{"stop_id":"go-transit:02882","source_stop_id":"02882","stop_code":"102882","stop_name":"Burton Ave. @ Granville St.","agency_id":"go-transit","agency_name":"GO Transit","route_ids":["GO-BUS"]},"geometry":{"type":"Point","coordinates":[-79.6905339757564,44.3715478014317]}},{"type":"Feature","properties":{"stop_id":"go-transit:02744","source_stop_id":"02744","stop_code":"102744","stop_name":"Yonge St. @ Little Ave.","agency_id":"go-transit","agency_name":"GO Transit","route_ids":["GO-BUS"]},"geometry":{"type":"Point","coordinates":[-79.662611,44.36632]}},{"type":"Feature","properties":{"stop_id":"go-transit:02743","source_stop_id":"02743","stop_code":"102743","stop_name":"Green Lane E. @ Yonge St.","agency_id":"go-transit","agency_name":"GO Transit","route_ids":["GO-BUS"]},"geometry":{"type":"Point","coordinates":[-79.481434,44.073514]}},{"type":"Feature","properties":{"stop_id":"go-transit:02742","source_stop_id":"02742","stop_code":"102742","stop_name":"Prospect St. @ Davis Dr.","agency_id":"go-transit","agency_name":"GO Transit","route_ids":["GO-BUS"]},"geometry":{"type":"Point","coordinates":[-79.453897,44.05972]}},{"type":"Feature","properties":{"stop_id":"go-transit:02741","source_stop_id":"02741","stop_code":"102741","stop_name":"Davis Dr. @ Prospect St.","agency_id":"go-transit","agency_name":"GO Transit","route_ids":["GO-BUS"]},"geometry":{"type":"Point","coordinates":[-79.454395,44.060566]}},{"type":"Feature","properties":{"stop_id":"go-transit:02706","source_stop_id":"02706","stop_code":"102706","stop_name":"Yonge St. @ Queen St.","agency_id":"go-transit","agency_name":"GO Transit","route_ids":["GO-BUS"]},"geometry":{"type":"Point","coordinates":[-79.4901815817581,44.0955808817404]}},{"type":"Feature","properties":{"stop_id":"go-transit:02688","source_stop_id":"02688","stop_code":"102688","stop_name":"Burton Ave. @ Granville St.","agency_id":"go-transit","agency_name":"GO Transit","route_ids":["GO-BUS"]},"geometry":{"type":"Point","coordinates":[-79.6905053283273,44.3716585556774]}},{"type":"Feature","properties":{"stop_id":"go-transit:02683","source_stop_id":"02683","stop_code":"102683","stop_name":"Green Lane E. @ Yonge St.","agency_id":"go-transit","agency_name":"GO Transit","route_ids":["GO-BUS"]},"geometry":{"type":"Point","coordinates":[-79.481138,44.073913]}},{"type":"Feature","properties":{"stop_id":"go-transit:02637","source_stop_id":"02637","stop_code":"102637","stop_name":"Davis Dr. @ Superior St. (Newmarket GO)","agency_id":"go-transit","agency_name":"GO Transit","route_ids":["GO-BUS"]},"geometry":{"type":"Point","coordinates":[-79.4590073,44.0594444]}},{"type":"Feature","properties":{"stop_id":"go-transit:02634","source_stop_id":"02634","stop_code":"102634","stop_name":"Davis Dr. @ Superior St. (Newmarket GO)","agency_id":"go-transit","agency_name":"GO Transit","route_ids":["GO-BUS"]},"geometry":{"type":"Point","coordinates":[-79.4592438,44.0596123]}},{"type":"Feature","properties":{"stop_id":"go-transit:02577","source_stop_id":"02577","stop_code":"102577","stop_name":"Yonge St. @ 4th Line (Churchill Community Centre)","agency_id":"go-transit","agency_name":"GO Transit","route_ids":["GO-BUS"]},"geometry":{"type":"Point","coordinates":[-79.6016998,44.2538338]}},{"type":"Feature","properties":{"stop_id":"go-transit:02537","source_stop_id":"02537","stop_code":"102537","stop_name":"Barrie St. @ Doctors Lane","agency_id":"go-transit","agency_name":"GO Transit","route_ids":["GO-BUS"]},"geometry":{"type":"Point","coordinates":[-79.565002,44.115643]}},{"type":"Feature","properties":{"stop_id":"go-transit:02202","source_stop_id":"02202","stop_code":"102202","stop_name":"Yonge St. @ Victoria St.","agency_id":"go-transit","agency_name":"GO Transit","route_ids":["GO-BUS"]},"geometry":{"type":"Point","coordinates":[-79.6195755,44.3249016]}},{"type":"Feature","properties":{"stop_id":"go-transit:02160","source_stop_id":"02160","stop_code":"102160","stop_name":"Bradford GO Bus","agency_id":"go-transit","agency_name":"GO Transit","route_ids":["GO-BUS"]},"geometry":{"type":"Point","coordinates":[-79.555752,44.116654]}},{"type":"Feature","properties":{"stop_id":"go-transit:02118","source_stop_id":"02118","stop_code":"102118","stop_name":"Yonge St. @ Mortonvale Dr.","agency_id":"go-transit","agency_name":"GO Transit","route_ids":["GO-BUS"]},"geometry":{"type":"Point","coordinates":[-79.4911728,44.1003456]}},{"type":"Feature","properties":{"stop_id":"go-transit:02068","source_stop_id":"02068","stop_code":"102068","stop_name":"Yonge St. @ North St.","agency_id":"go-transit","agency_name":"GO Transit","route_ids":["GO-BUS"]},"geometry":{"type":"Point","coordinates":[-79.4905701,44.0976105]}},{"type":"Feature","properties":{"stop_id":"go-transit:02067","source_stop_id":"02067","stop_code":"102067","stop_name":"Yonge St. @ North St.","agency_id":"go-transit","agency_name":"GO Transit","route_ids":["GO-BUS"]},"geometry":{"type":"Point","coordinates":[-79.4906998,44.0978394]}},{"type":"Feature","properties":{"stop_id":"go-transit:01974","source_stop_id":"01974","stop_code":"101974","stop_name":"Toll Rd. @ Oriole Dr.","agency_id":"go-transit","agency_name":"GO Transit","route_ids":["GO-BUS"]},"geometry":{"type":"Point","coordinates":[-79.5132294,44.1052742]}},{"type":"Feature","properties":{"stop_id":"go-transit:01973","source_stop_id":"01973","stop_code":"101973","stop_name":"Toll Rd. @ Oriole Dr.","agency_id":"go-transit","agency_name":"GO Transit","route_ids":["GO-BUS"]},"geometry":{"type":"Point","coordinates":[-79.5132675,44.1051941]}},{"type":"Feature","properties":{"stop_id":"go-transit:01972","source_stop_id":"01972","stop_code":"101972","stop_name":"Toll Rd. @ Centennial Ave.","agency_id":"go-transit","agency_name":"GO Transit","route_ids":["GO-BUS"]},"geometry":{"type":"Point","coordinates":[-79.5050201,44.103157]}},{"type":"Feature","properties":{"stop_id":"go-transit:01971","source_stop_id":"01971","stop_code":"101971","stop_name":"Toll Rd. @ Centennial Ave.","agency_id":"go-transit","agency_name":"GO Transit","route_ids":["GO-BUS"]},"geometry":{"type":"Point","coordinates":[-79.505188,44.1031227]}},{"type":"Feature","properties":{"stop_id":"go-transit:01970","source_stop_id":"01970","stop_code":"101970","stop_name":"Toll Rd. @ Bradford St.","agency_id":"go-transit","agency_name":"GO Transit","route_ids":["GO-BUS"]},"geometry":{"type":"Point","coordinates":[-79.4975357,44.1004219]}},{"type":"Feature","properties":{"stop_id":"go-transit:01969","source_stop_id":"01969","stop_code":"101969","stop_name":"Toll Rd. @ Bradford St.","agency_id":"go-transit","agency_name":"GO Transit","route_ids":["GO-BUS"]},"geometry":{"type":"Point","coordinates":[-79.4977875,44.1004066]}},{"type":"Feature","properties":{"stop_id":"go-transit:01825","source_stop_id":"01825","stop_code":"101825","stop_name":"Yonge St. @ Old Yonge St.","agency_id":"go-transit","agency_name":"GO Transit","route_ids":["GO-BUS"]},"geometry":{"type":"Point","coordinates":[-79.4870758,44.082943]}},{"type":"Feature","properties":{"stop_id":"go-transit:01805","source_stop_id":"01805","stop_code":"101805","stop_name":"Bradford St. @ Yonge St.","agency_id":"go-transit","agency_name":"GO Transit","route_ids":["GO-BUS"]},"geometry":{"type":"Point","coordinates":[-79.4919434,44.101223]}},{"type":"Feature","properties":{"stop_id":"go-transit:01804","source_stop_id":"01804","stop_code":"101804","stop_name":"Bradford St. @ Olive St.","agency_id":"go-transit","agency_name":"GO Transit","route_ids":["GO-BUS"]},"geometry":{"type":"Point","coordinates":[-79.49263,44.1012955]}},{"type":"Feature","properties":{"stop_id":"go-transit:01546","source_stop_id":"01546","stop_code":"101546","stop_name":"Yonge St. @ Big Bay Point Rd.","agency_id":"go-transit","agency_name":"GO Transit","route_ids":["GO-BUS"]},"geometry":{"type":"Point","coordinates":[-79.6470184,44.3565178]}},{"type":"Feature","properties":{"stop_id":"go-transit:01538","source_stop_id":"01538","stop_code":"101538","stop_name":"Yonge St. @ Glenn Ave.","agency_id":"go-transit","agency_name":"GO Transit","route_ids":["GO-BUS"]},"geometry":{"type":"Point","coordinates":[-79.6202011,44.3280373]}},{"type":"Feature","properties":{"stop_id":"go-transit:01537","source_stop_id":"01537","stop_code":"101537","stop_name":"Yonge St. @ Meadowland St.","agency_id":"go-transit","agency_name":"GO Transit","route_ids":["GO-BUS"]},"geometry":{"type":"Point","coordinates":[-79.6023865,44.2575531]}},{"type":"Feature","properties":{"stop_id":"go-transit:01536","source_stop_id":"01536","stop_code":"101536","stop_name":"Yonge St. @ Madelaine Dr.","agency_id":"go-transit","agency_name":"GO Transit","route_ids":["GO-BUS"]},"geometry":{"type":"Point","coordinates":[-79.641861,44.3546944]}},{"type":"Feature","properties":{"stop_id":"go-transit:01535","source_stop_id":"01535","stop_code":"101535","stop_name":"Yonge St. @ Lynn St.","agency_id":"go-transit","agency_name":"GO Transit","route_ids":["GO-BUS"]},"geometry":{"type":"Point","coordinates":[-79.6208115,44.3294563]}},{"type":"Feature","properties":{"stop_id":"go-transit:01534","source_stop_id":"01534","stop_code":"101534","stop_name":"Yonge St. @ Lynn St.","agency_id":"go-transit","agency_name":"GO Transit","route_ids":["GO-BUS"]},"geometry":{"type":"Point","coordinates":[-79.6207199,44.3300591]}},{"type":"Feature","properties":{"stop_id":"go-transit:01532","source_stop_id":"01532","stop_code":"101532","stop_name":"Yonge St. @ Little Ave.","agency_id":"go-transit","agency_name":"GO Transit","route_ids":["GO-BUS"]},"geometry":{"type":"Point","coordinates":[-79.6624603,44.3664589]}},{"type":"Feature","properties":{"stop_id":"go-transit:01531","source_stop_id":"01531","stop_code":"101531","stop_name":"Yonge St. @ Innisfil Beach Rd.","agency_id":"go-transit","agency_name":"GO Transit","route_ids":["GO-BUS"]},"geometry":{"type":"Point","coordinates":[-79.6134796,44.2993431]}},{"type":"Feature","properties":{"stop_id":"go-transit:01528","source_stop_id":"01528","stop_code":"101528","stop_name":"Yonge St. @ Esther Dr.","agency_id":"go-transit","agency_name":"GO Transit","route_ids":["GO-BUS"]},"geometry":{"type":"Point","coordinates":[-79.6365738,44.3528137]}},{"type":"Feature","properties":{"stop_id":"go-transit:01527","source_stop_id":"01527","stop_code":"101527","stop_name":"Yonge St. @ Esther Dr.","agency_id":"go-transit","agency_name":"GO Transit","route_ids":["GO-BUS"]},"geometry":{"type":"Point","coordinates":[-79.6358337,44.3527412]}},{"type":"Feature","properties":{"stop_id":"go-transit:01526","source_stop_id":"01526","stop_code":"101526","stop_name":"Yonge St. @ Country Ln.","agency_id":"go-transit","agency_name":"GO Transit","route_ids":["GO-BUS"]},"geometry":{"type":"Point","coordinates":[-79.6335144,44.3517113]}},{"type":"Feature","properties":{"stop_id":"go-transit:01525","source_stop_id":"01525","stop_code":"101525","stop_name":"Yonge St. @ Country Ln.","agency_id":"go-transit","agency_name":"GO Transit","route_ids":["GO-BUS"]},"geometry":{"type":"Point","coordinates":[-79.6328354,44.3516769]}},{"type":"Feature","properties":{"stop_id":"go-transit:01524","source_stop_id":"01524","stop_code":"101524","stop_name":"Yonge St. @ Big Bay Point Rd.","agency_id":"go-transit","agency_name":"GO Transit","route_ids":["GO-BUS"]},"geometry":{"type":"Point","coordinates":[-79.6467361,44.356678]}},{"type":"Feature","properties":{"stop_id":"go-transit:01522","source_stop_id":"01522","stop_code":"101522","stop_name":"Yonge St. @ Innisfil Beach Rd.","agency_id":"go-transit","agency_name":"GO Transit","route_ids":["GO-BUS"]},"geometry":{"type":"Point","coordinates":[-79.6132584,44.2995491]}},{"type":"Feature","properties":{"stop_id":"go-transit:01521","source_stop_id":"01521","stop_code":"101521","stop_name":"Yonge St. @ Ashford Dr.","agency_id":"go-transit","agency_name":"GO Transit","route_ids":["GO-BUS"]},"geometry":{"type":"Point","coordinates":[-79.6410599,44.3546104]}},{"type":"Feature","properties":{"stop_id":"go-transit:01516","source_stop_id":"01516","stop_code":"101516","stop_name":"Hwy. 11 @ Meadowland St.","agency_id":"go-transit","agency_name":"GO Transit","route_ids":["GO-BUS"]},"geometry":{"type":"Point","coordinates":[-79.6026535,44.2579079]}},{"type":"Feature","properties":{"stop_id":"go-transit:01515","source_stop_id":"01515","stop_code":"101515","stop_name":"Holland St. E. @ Colborne St.","agency_id":"go-transit","agency_name":"GO Transit","route_ids":["GO-BUS"]},"geometry":{"type":"Point","coordinates":[-79.5600662,44.1152649]}},{"type":"Feature","properties":{"stop_id":"go-transit:01514","source_stop_id":"01514","stop_code":"101514","stop_name":"Holland St. E. @ Colborne St.","agency_id":"go-transit","agency_name":"GO Transit","route_ids":["GO-BUS"]},"geometry":{"type":"Point","coordinates":[-79.5606918,44.115345]}},{"type":"Feature","properties":{"stop_id":"go-transit:01508","source_stop_id":"01508","stop_code":"101508","stop_name":"Burton Ave. @ Bayview Dr.","agency_id":"go-transit","agency_name":"GO Transit","route_ids":["GO-BUS"]},"geometry":{"type":"Point","coordinates":[-79.6843719,44.3711433]}},{"type":"Feature","properties":{"stop_id":"go-transit:01507","source_stop_id":"01507","stop_code":"101507","stop_name":"Barrie St. @ Fletcher St.","agency_id":"go-transit","agency_name":"GO Transit","route_ids":["GO-BUS"]},"geometry":{"type":"Point","coordinates":[-79.5665207,44.1208191]}},{"type":"Feature","properties":{"stop_id":"go-transit:01506","source_stop_id":"01506","stop_code":"101506","stop_name":"Barrie St. @ Britannia Ave.","agency_id":"go-transit","agency_name":"GO Transit","route_ids":["GO-BUS"]},"geometry":{"type":"Point","coordinates":[-79.5662613,44.1205559]}},{"type":"Feature","properties":{"stop_id":"go-transit:01505","source_stop_id":"01505","stop_code":"101505","stop_name":"Barrie St. @ 8th Line","agency_id":"go-transit","agency_name":"GO Transit","route_ids":["GO-BUS"]},"geometry":{"type":"Point","coordinates":[-79.5680771,44.1266556]}},{"type":"Feature","properties":{"stop_id":"go-transit:01504","source_stop_id":"01504","stop_code":"101504","stop_name":"Barrie St. @ 8th Line","agency_id":"go-transit","agency_name":"GO Transit","route_ids":["GO-BUS"]},"geometry":{"type":"Point","coordinates":[-79.5678711,44.1262932]}},{"type":"Feature","properties":{"stop_id":"go-transit:00978","source_stop_id":"00978","stop_code":"100978","stop_name":"Yonge St. @ County Rd. 89","agency_id":"go-transit","agency_name":"GO Transit","route_ids":["GO-BUS"]},"geometry":{"type":"Point","coordinates":[-79.5903854,44.2153625]}},{"type":"Feature","properties":{"stop_id":"go-transit:00977","source_stop_id":"00977","stop_code":"100977","stop_name":"Yonge St. @ Shore Acres Dr.","agency_id":"go-transit","agency_name":"GO Transit","route_ids":["GO-BUS"]},"geometry":{"type":"Point","coordinates":[-79.5902023,44.2156067]}},{"type":"Feature","properties":{"stop_id":"go-transit:00345","source_stop_id":"00345","stop_code":"100345","stop_name":"Barrie South GO Bus","agency_id":"go-transit","agency_name":"GO Transit","route_ids":["GO-BUS"]},"geometry":{"type":"Point","coordinates":[-79.628335,44.351771]}},{"type":"Feature","properties":{"stop_id":"go-transit:00276","source_stop_id":"00276","stop_code":"100276","stop_name":"East Gwillimbury GO Bus","agency_id":"go-transit","agency_name":"GO Transit","route_ids":["GO-BUS"]},"geometry":{"type":"Point","coordinates":[-79.456539,44.078506]}},{"type":"Feature","properties":{"stop_id":"go-transit:00093","source_stop_id":"00093","stop_code":"100093","stop_name":"Yonge St. @ Mapleview Dr. E.","agency_id":"go-transit","agency_name":"GO Transit","route_ids":["GO-BUS"]},"geometry":{"type":"Point","coordinates":[-79.6277084,44.3486099]}},{"type":"Feature","properties":{"stop_id":"go-transit:00092","source_stop_id":"00092","stop_code":"100092","stop_name":"Yonge St. @ Mapleview Dr. E.","agency_id":"go-transit","agency_name":"GO Transit","route_ids":["GO-BUS"]},"geometry":{"type":"Point","coordinates":[-79.6270218,44.3481598]}},{"type":"Feature","properties":{"stop_id":"go-transit:00090","source_stop_id":"00090","stop_code":"100090","stop_name":"Yonge St. @ Victoria St.","agency_id":"go-transit","agency_name":"GO Transit","route_ids":["GO-BUS"]},"geometry":{"type":"Point","coordinates":[-79.6191483,44.3241806]}},{"type":"Feature","properties":{"stop_id":"go-transit:00087","source_stop_id":"00087","stop_code":"100087","stop_name":"Yonge St. @ Killarney Beach Rd.","agency_id":"go-transit","agency_name":"GO Transit","route_ids":["GO-BUS"]},"geometry":{"type":"Point","coordinates":[-79.6007919,44.2514305]}},{"type":"Feature","properties":{"stop_id":"go-transit:00083","source_stop_id":"00083","stop_code":"100083","stop_name":"Yonge St. @ Mount Albert Rd.","agency_id":"go-transit","agency_name":"GO Transit","route_ids":["GO-BUS"]},"geometry":{"type":"Point","coordinates":[-79.4899673,44.0952721]}},{"type":"Feature","properties":{"stop_id":"go-transit:00025","source_stop_id":"00025","stop_code":"100025","stop_name":"Barrie St. @ Holland St. W.","agency_id":"go-transit","agency_name":"GO Transit","route_ids":["GO-BUS"]},"geometry":{"type":"Point","coordinates":[-79.565094,44.1146889]}},{"type":"Feature","properties":{"stop_id":"ontario-northland:147","source_stop_id":"147","stop_code":null,"stop_name":"COLDWATER","agency_id":"ontario-northland","agency_name":"Ontario Northland","route_ids":["ONTC"]},"geometry":{"type":"Point","coordinates":[-79.6430369652808,44.7078599967063]}},{"type":"Feature","properties":{"stop_id":"ontario-northland:300","source_stop_id":"300","stop_code":null,"stop_name":"GEORGIAN COLLEGE","agency_id":"ontario-northland","agency_name":"Ontario Northland","route_ids":["ONTC"]},"geometry":{"type":"Point","coordinates":[-79.4296079780907,44.5811919216067]}},{"type":"Feature","properties":{"stop_id":"ontario-northland:315","source_stop_id":"315","stop_code":null,"stop_name":"BARRIE ALLANDALE TERMINAL","agency_id":"ontario-northland","agency_name":"Ontario Northland","route_ids":["ONTC"]},"geometry":{"type":"Point","coordinates":[-79.6901938878,44.374098982662]}},{"type":"Feature","properties":{"stop_id":"ontario-northland:301","source_stop_id":"301","stop_code":null,"stop_name":"ORILLIA TRANSIT","agency_id":"ontario-northland","agency_name":"Ontario Northland","route_ids":["ONTC"]},"geometry":{"type":"Point","coordinates":[-79.4203209970147,44.6089249569923]}}]}